-- MySQL dump 10.13  Distrib 8.0.18, for Win64 (x86_64)
--
-- Host: 127.0.0.1    Database: companion
-- ------------------------------------------------------
-- Server version	5.7.28-log

/*!40101 SET @OLD_CHARACTER_SET_CLIENT=@@CHARACTER_SET_CLIENT */;
/*!40101 SET @OLD_CHARACTER_SET_RESULTS=@@CHARACTER_SET_RESULTS */;
/*!40101 SET @OLD_COLLATION_CONNECTION=@@COLLATION_CONNECTION */;
/*!50503 SET NAMES utf8 */;
/*!40103 SET @OLD_TIME_ZONE=@@TIME_ZONE */;
/*!40103 SET TIME_ZONE='+00:00' */;
/*!40014 SET @OLD_UNIQUE_CHECKS=@@UNIQUE_CHECKS, UNIQUE_CHECKS=0 */;
/*!40014 SET @OLD_FOREIGN_KEY_CHECKS=@@FOREIGN_KEY_CHECKS, FOREIGN_KEY_CHECKS=0 */;
/*!40101 SET @OLD_SQL_MODE=@@SQL_MODE, SQL_MODE='NO_AUTO_VALUE_ON_ZERO' */;
/*!40111 SET @OLD_SQL_NOTES=@@SQL_NOTES, SQL_NOTES=0 */;

--
-- Table structure for table `article`
--

DROP TABLE IF EXISTS `article`;
/*!40101 SET @saved_cs_client     = @@character_set_client */;
/*!50503 SET character_set_client = utf8mb4 */;
CREATE TABLE `article` (
  `board_id` int(11) NOT NULL COMMENT '게시판ID',
  `article_id` int(11) NOT NULL AUTO_INCREMENT COMMENT '게시글ID',
  `member_id` varchar(20) NOT NULL COMMENT '회원ID',
  `article_title` varchar(50) NOT NULL COMMENT '게시글제목',
  `article_content` text NOT NULL COMMENT '게시글내용',
  `article_date` datetime NOT NULL COMMENT '게시글작성일',
  `article_count` int(11) NOT NULL COMMENT '게시글조회수',
  `article_image` varchar(200) DEFAULT NULL COMMENT '게시글이미지',
  `article_thumb` varchar(200) DEFAULT NULL,
  `product_id` int(11) DEFAULT NULL,
  PRIMARY KEY (`article_id`,`board_id`,`member_id`),
  KEY `FK_board_article_1` (`board_id`),
  KEY `FK_member_article_2` (`member_id`),
  KEY `FK_product_article_3_idx` (`product_id`),
  CONSTRAINT `FK_board_article_1` FOREIGN KEY (`board_id`) REFERENCES `board` (`board_id`),
  CONSTRAINT `FK_member_article_2` FOREIGN KEY (`member_id`) REFERENCES `member` (`member_id`),
  CONSTRAINT `FK_product_article_3` FOREIGN KEY (`product_id`) REFERENCES `product` (`product_id`) ON DELETE NO ACTION ON UPDATE NO ACTION
) ENGINE=InnoDB AUTO_INCREMENT=1161 DEFAULT CHARSET=utf8;
/*!40101 SET character_set_client = @saved_cs_client */;

--
-- Dumping data for table `article`
--

LOCK TABLES `article` WRITE;
/*!40000 ALTER TABLE `article` DISABLE KEYS */;
INSERT INTO `article` VALUES (0,1,'admin','제목1','내용1','2020-03-17 12:42:30',1,NULL,NULL,NULL),(0,2,'admin','제목2','내용2','2020-03-17 12:42:30',0,NULL,NULL,NULL),(0,3,'admin','제목3','내용3','2020-03-17 12:42:30',0,NULL,NULL,NULL),(0,4,'admin','제목4','내용4','2020-03-17 12:42:30',0,NULL,NULL,NULL),(0,5,'admin','제목5','내용5','2020-03-17 12:42:30',0,NULL,NULL,NULL),(0,6,'admin','제목6','내용6','2020-03-17 12:42:30',0,NULL,NULL,NULL),(0,7,'admin','제목7','내용7','2020-03-17 12:42:30',0,NULL,NULL,NULL),(0,8,'admin','제목8','내용8','2020-03-17 12:42:30',0,NULL,NULL,NULL),(0,9,'admin','제목9','내용9','2020-03-17 12:42:30',0,NULL,NULL,NULL),(0,10,'admin','제목10','내용10','2020-03-17 12:42:30',0,NULL,NULL,NULL),(0,11,'admin','제목11','내용11','2020-03-17 12:42:30',0,NULL,NULL,NULL),(0,12,'admin','제목12','내용12','2020-03-17 12:42:30',0,NULL,NULL,NULL),(0,13,'admin','제목13','내용13','2020-03-17 12:42:30',0,NULL,NULL,NULL),(0,14,'admin','제목14','내용14','2020-03-17 12:42:30',0,NULL,NULL,NULL),(0,15,'admin','제목15','내용15','2020-03-17 12:42:30',0,NULL,NULL,NULL),(0,16,'admin','제목16','내용16','2020-03-17 12:42:30',0,NULL,NULL,NULL),(0,17,'admin','제목17','내용17','2020-03-17 12:42:30',0,NULL,NULL,NULL),(0,18,'admin','제목18','내용18','2020-03-17 12:42:30',0,NULL,NULL,NULL),(0,19,'admin','제목19','내용19','2020-03-17 12:42:30',0,NULL,NULL,NULL),(0,20,'admin','제목20','내용20','2020-03-17 12:42:30',0,NULL,NULL,NULL),(0,21,'admin','제목21','내용21','2020-03-17 12:42:30',0,NULL,NULL,NULL),(0,22,'admin','제목22','내용22','2020-03-17 12:42:30',0,NULL,NULL,NULL),(0,23,'admin','제목23','내용23','2020-03-17 12:42:30',0,NULL,NULL,NULL),(0,24,'admin','제목24','내용24','2020-03-17 12:42:30',0,NULL,NULL,NULL),(0,25,'admin','제목25','내용25','2020-03-17 12:42:30',0,NULL,NULL,NULL),(0,26,'admin','제목26','내용26','2020-03-17 12:42:31',0,NULL,NULL,NULL),(0,27,'admin','제목27','내용27','2020-03-17 12:42:31',0,NULL,NULL,NULL),(0,28,'admin','제목28','내용28','2020-03-17 12:42:31',0,NULL,NULL,NULL),(0,29,'admin','제목29','내용29','2020-03-17 12:42:31',0,NULL,NULL,NULL),(0,30,'admin','제목30','내용30','2020-03-17 12:42:31',0,NULL,NULL,NULL),(0,31,'admin','제목31','내용31','2020-03-17 12:42:31',0,NULL,NULL,NULL),(0,32,'admin','제목32','내용32','2020-03-17 12:42:31',0,NULL,NULL,NULL),(0,33,'admin','제목33','내용33','2020-03-17 12:42:31',0,NULL,NULL,NULL),(0,34,'admin','제목34','내용34','2020-03-17 12:42:31',0,NULL,NULL,NULL),(0,35,'admin','제목35','내용35','2020-03-17 12:42:31',0,NULL,NULL,NULL),(0,36,'admin','제목36','내용36','2020-03-17 12:42:31',0,NULL,NULL,NULL),(0,37,'admin','제목37','내용37','2020-03-17 12:42:31',0,NULL,NULL,NULL),(0,38,'admin','제목38','내용38','2020-03-17 12:42:31',0,NULL,NULL,NULL),(0,39,'admin','제목39','내용39','2020-03-17 12:42:31',0,NULL,NULL,NULL),(0,40,'admin','제목40','내용40','2020-03-17 12:42:31',0,NULL,NULL,NULL),(0,41,'admin','제목41','내용41','2020-03-17 12:42:31',0,NULL,NULL,NULL),(0,42,'admin','제목42','내용42','2020-03-17 12:42:31',0,NULL,NULL,NULL),(0,43,'admin','제목43','내용43','2020-03-17 12:42:31',0,NULL,NULL,NULL),(0,44,'admin','제목44','내용44','2020-03-17 12:42:31',0,NULL,NULL,NULL),(0,45,'admin','제목45','내용45','2020-03-17 12:42:31',0,NULL,NULL,NULL),(0,46,'admin','제목46','내용46','2020-03-17 12:42:31',0,NULL,NULL,NULL),(0,47,'admin','제목47','내용47','2020-03-17 12:42:31',0,NULL,NULL,NULL),(0,48,'admin','제목48','내용48','2020-03-17 12:42:31',0,NULL,NULL,NULL),(0,49,'admin','제목49','내용49','2020-03-17 12:42:31',0,NULL,NULL,NULL),(0,50,'admin','제목50','내용50','2020-03-17 12:42:31',0,NULL,NULL,NULL),(0,51,'admin','제목51','내용51','2020-03-17 12:42:31',0,NULL,NULL,NULL),(0,52,'admin','제목52','내용52','2020-03-17 12:42:31',0,NULL,NULL,NULL),(0,53,'admin','제목53','내용53','2020-03-17 12:42:31',0,NULL,NULL,NULL),(0,54,'admin','제목54','내용54','2020-03-17 12:42:31',0,NULL,NULL,NULL),(0,55,'admin','제목55','내용55','2020-03-17 12:42:31',0,NULL,NULL,NULL),(0,56,'admin','제목56','내용56','2020-03-17 12:42:31',0,NULL,NULL,NULL),(0,57,'admin','제목57','내용57','2020-03-17 12:42:31',0,NULL,NULL,NULL),(0,58,'admin','제목58','내용58','2020-03-17 12:42:31',0,NULL,NULL,NULL),(0,59,'admin','제목59','내용59','2020-03-17 12:42:31',0,NULL,NULL,NULL),(0,60,'admin','제목60','내용60','2020-03-17 12:42:32',0,NULL,NULL,NULL),(0,61,'admin','제목61','내용61','2020-03-17 12:42:32',0,NULL,NULL,NULL),(0,62,'admin','제목62','내용62','2020-03-17 12:42:32',0,NULL,NULL,NULL),(0,63,'admin','제목63','내용63','2020-03-17 12:42:32',0,NULL,NULL,NULL),(0,64,'admin','제목64','내용64','2020-03-17 12:42:32',0,NULL,NULL,NULL),(0,65,'admin','제목65','내용65','2020-03-17 12:42:32',0,NULL,NULL,NULL),(0,66,'admin','제목66','내용66','2020-03-17 12:42:32',0,NULL,NULL,NULL),(0,67,'admin','제목67','내용67','2020-03-17 12:42:32',0,NULL,NULL,NULL),(0,68,'admin','제목68','내용68','2020-03-17 12:42:32',0,NULL,NULL,NULL),(0,69,'admin','제목69','내용69','2020-03-17 12:42:32',0,NULL,NULL,NULL),(0,70,'admin','제목70','내용70','2020-03-17 12:42:32',0,NULL,NULL,NULL),(0,71,'admin','제목71','내용71','2020-03-17 12:42:32',0,NULL,NULL,NULL),(0,72,'admin','제목72','내용72','2020-03-17 12:42:32',0,NULL,NULL,NULL),(0,73,'admin','제목73','내용73','2020-03-17 12:42:32',0,NULL,NULL,NULL),(0,74,'admin','제목74','내용74','2020-03-17 12:42:32',0,NULL,NULL,NULL),(0,75,'admin','제목75','내용75','2020-03-17 12:42:32',0,NULL,NULL,NULL),(0,76,'admin','제목76','내용76','2020-03-17 12:42:32',0,NULL,NULL,NULL),(0,77,'admin','제목77','내용77','2020-03-17 12:42:32',0,NULL,NULL,NULL),(0,78,'admin','제목78','내용78','2020-03-17 12:42:32',0,NULL,NULL,NULL),(0,79,'admin','제목79','내용79','2020-03-17 12:42:32',0,NULL,NULL,NULL),(0,80,'admin','제목80','내용80','2020-03-17 12:42:32',0,NULL,NULL,NULL),(0,81,'admin','제목81','내용81','2020-03-17 12:42:32',0,NULL,NULL,NULL),(0,82,'admin','제목82','내용82','2020-03-17 12:42:32',0,NULL,NULL,NULL),(0,83,'admin','제목83','내용83','2020-03-17 12:42:32',0,NULL,NULL,NULL),(0,84,'admin','제목84','내용84','2020-03-17 12:42:32',0,NULL,NULL,NULL),(0,85,'admin','제목85','내용85','2020-03-17 12:42:32',0,NULL,NULL,NULL),(0,86,'admin','제목86','내용86','2020-03-17 12:42:32',0,NULL,NULL,NULL),(0,87,'admin','제목87','내용87','2020-03-17 12:42:32',0,NULL,NULL,NULL),(0,88,'admin','제목88','내용88','2020-03-17 12:42:33',0,NULL,NULL,NULL),(0,89,'admin','제목89','내용89','2020-03-17 12:42:33',0,NULL,NULL,NULL),(0,90,'admin','제목90','내용90','2020-03-17 12:42:33',0,NULL,NULL,NULL),(0,91,'admin','제목91','내용91','2020-03-17 12:42:33',0,NULL,NULL,NULL),(0,92,'admin','제목92','내용92','2020-03-17 12:42:33',0,NULL,NULL,NULL),(0,93,'admin','제목93','내용93','2020-03-17 12:42:33',0,NULL,NULL,NULL),(0,94,'admin','제목94','내용94','2020-03-17 12:42:33',0,NULL,NULL,NULL),(0,95,'admin','제목95','내용95','2020-03-17 12:42:33',0,NULL,NULL,NULL),(0,96,'admin','제목96','내용96','2020-03-17 12:42:33',0,NULL,NULL,NULL),(0,97,'admin','제목97','내용97','2020-03-17 12:42:33',0,NULL,NULL,NULL),(0,98,'admin','제목98','내용98','2020-03-17 12:42:33',0,NULL,NULL,NULL),(0,99,'admin','제목99','내용99','2020-03-17 12:42:33',0,NULL,NULL,NULL),(0,100,'admin','제목100','내용100','2020-03-17 12:42:33',0,NULL,NULL,NULL),(1,101,'admin','제목101','내용101','2020-03-17 12:42:33',0,NULL,NULL,NULL),(1,102,'admin','제목102','내용102','2020-03-17 12:42:33',0,NULL,NULL,NULL),(1,103,'admin','제목103','내용103','2020-03-17 12:42:33',0,NULL,NULL,NULL),(1,104,'admin','제목104','내용104','2020-03-17 12:42:33',0,NULL,NULL,NULL),(1,105,'admin','제목105','내용105','2020-03-17 12:42:33',0,NULL,NULL,NULL),(1,106,'admin','제목106','내용106','2020-03-17 12:42:33',0,NULL,NULL,NULL),(1,107,'admin','제목107','내용107','2020-03-17 12:42:33',0,NULL,NULL,NULL),(1,108,'admin','제목108','내용108','2020-03-17 12:42:33',0,NULL,NULL,NULL),(1,109,'admin','제목109','내용109','2020-03-17 12:42:33',0,NULL,NULL,NULL),(1,110,'admin','제목110','내용110','2020-03-17 12:42:33',0,NULL,NULL,NULL),(1,111,'admin','제목111','내용111','2020-03-17 12:42:34',0,NULL,NULL,NULL),(1,112,'admin','제목112','내용112','2020-03-17 12:42:34',0,NULL,NULL,NULL),(1,113,'admin','제목113','내용113','2020-03-17 12:42:34',0,NULL,NULL,NULL),(1,114,'admin','제목114','내용114','2020-03-17 12:42:34',0,NULL,NULL,NULL),(1,115,'admin','제목115','내용115','2020-03-17 12:42:34',0,NULL,NULL,NULL),(1,116,'admin','제목116','내용116','2020-03-17 12:42:34',0,NULL,NULL,NULL),(1,117,'admin','제목117','내용117','2020-03-17 12:42:34',0,NULL,NULL,NULL),(1,118,'admin','제목118','내용118','2020-03-17 12:42:34',0,NULL,NULL,NULL),(1,119,'admin','제목119','내용119','2020-03-17 12:42:34',0,NULL,NULL,NULL),(1,120,'admin','제목120','내용120','2020-03-17 12:42:34',0,NULL,NULL,NULL),(1,121,'admin','제목121','내용121','2020-03-17 12:42:34',0,NULL,NULL,NULL),(1,123,'admin','제목123','내용123','2020-03-17 12:42:34',0,NULL,NULL,NULL),(1,124,'admin','제목124','내용124','2020-03-17 12:42:34',0,NULL,NULL,NULL),(1,125,'admin','제목125','내용125','2020-03-17 12:42:34',0,NULL,NULL,NULL),(1,126,'admin','제목126','내용126','2020-03-17 12:42:34',0,NULL,NULL,NULL),(1,127,'admin','제목127','내용127','2020-03-17 12:42:34',0,NULL,NULL,NULL),(1,128,'admin','제목128','내용128','2020-03-17 12:42:34',0,NULL,NULL,NULL),(1,129,'admin','제목129','내용129','2020-03-17 12:42:34',0,NULL,NULL,NULL),(1,130,'admin','제목130','내용130','2020-03-17 12:42:34',0,NULL,NULL,NULL),(1,131,'admin','제목131','내용131','2020-03-17 12:42:34',0,NULL,NULL,NULL),(1,132,'admin','제목132','내용132','2020-03-17 12:42:34',0,NULL,NULL,NULL),(1,133,'admin','제목13333','내용133','2020-03-17 12:42:34',0,'','',NULL),(1,134,'admin','제목134','내용134','2020-03-17 12:42:34',0,NULL,NULL,NULL),(1,135,'admin','제목135','내용135','2020-03-17 12:42:34',0,NULL,NULL,NULL),(1,136,'admin','제목136','내용136','2020-03-17 12:42:34',0,NULL,NULL,NULL),(1,137,'admin','제목137','내용137','2020-03-17 12:42:35',0,NULL,NULL,NULL),(1,138,'admin','제목138','내용138','2020-03-17 12:42:35',0,NULL,NULL,NULL),(1,139,'admin','제목139','내용139','2020-03-17 12:42:35',0,NULL,NULL,NULL),(1,140,'admin','제목140','내용140','2020-03-17 12:42:35',0,NULL,NULL,NULL),(1,141,'admin','제목141','내용141','2020-03-17 12:42:35',0,NULL,NULL,NULL),(1,142,'admin','제목142','내용142','2020-03-17 12:42:35',0,NULL,NULL,NULL),(1,143,'admin','제목143','내용143','2020-03-17 12:42:35',0,NULL,NULL,NULL),(1,144,'admin','제목144','내용144','2020-03-17 12:42:35',0,NULL,NULL,NULL),(1,145,'admin','제목145','내용145','2020-03-17 12:42:35',0,NULL,NULL,NULL),(1,146,'admin','제목146','내용146','2020-03-17 12:42:35',0,NULL,NULL,NULL),(1,147,'admin','제목147','내용147','2020-03-17 12:42:35',0,NULL,NULL,NULL),(1,148,'admin','제목148','내용148','2020-03-17 12:42:35',0,NULL,NULL,NULL),(1,149,'admin','제목149','내용149','2020-03-17 12:42:35',0,NULL,NULL,NULL),(1,150,'admin','제목150','내용150','2020-03-17 12:42:35',0,NULL,NULL,NULL),(1,151,'admin','제목151','내용151','2020-03-17 12:42:35',0,NULL,NULL,NULL),(1,152,'admin','제목152','내용152','2020-03-17 12:42:35',0,NULL,NULL,NULL),(1,153,'admin','제목153','내용153','2020-03-17 12:42:35',0,NULL,NULL,NULL),(1,154,'admin','제목154','내용154','2020-03-17 12:42:35',0,NULL,NULL,NULL),(1,155,'admin','제목155','내용155','2020-03-17 12:42:35',0,NULL,NULL,NULL),(1,156,'admin','제목156','내용156','2020-03-17 12:42:35',0,NULL,NULL,NULL),(1,157,'admin','제목157','내용157','2020-03-17 12:42:35',0,NULL,NULL,NULL),(1,158,'admin','제목158','내용158','2020-03-17 12:42:35',0,NULL,NULL,NULL),(1,159,'admin','제목159','내용159','2020-03-17 12:42:35',0,NULL,NULL,NULL),(1,160,'admin','제목160','내용160','2020-03-17 12:42:35',0,NULL,NULL,NULL),(1,161,'admin','제목161','내용161','2020-03-17 12:42:35',0,NULL,NULL,NULL),(1,162,'admin','제목162','내용162','2020-03-17 12:42:35',0,NULL,NULL,NULL),(1,163,'admin','제목163','내용163','2020-03-17 12:42:35',0,NULL,NULL,NULL),(1,164,'admin','제목164','내용164','2020-03-17 12:42:35',0,NULL,NULL,NULL),(1,165,'admin','제목165','내용165','2020-03-17 12:42:35',0,NULL,NULL,NULL),(1,166,'admin','제목166','내용166','2020-03-17 12:42:35',0,NULL,NULL,NULL),(1,167,'admin','제목167','내용167','2020-03-17 12:42:35',0,NULL,NULL,NULL),(1,168,'admin','제목168','내용168','2020-03-17 12:42:35',0,NULL,NULL,NULL),(1,169,'admin','제목169','내용169','2020-03-17 12:42:35',0,NULL,NULL,NULL),(1,170,'admin','제목170','내용170','2020-03-17 12:42:35',0,NULL,NULL,NULL),(1,171,'admin','제목171','내용171','2020-03-17 12:42:35',0,NULL,NULL,NULL),(1,172,'admin','제목172','내용172','2020-03-17 12:42:36',0,NULL,NULL,NULL),(1,173,'admin','제목173','내용173','2020-03-17 12:42:36',0,NULL,NULL,NULL),(1,174,'admin','제목174','내용174','2020-03-17 12:42:36',0,NULL,NULL,NULL),(1,175,'admin','제목175','내용175','2020-03-17 12:42:36',0,NULL,NULL,NULL),(1,176,'admin','제목176','내용176','2020-03-17 12:42:36',0,NULL,NULL,NULL),(1,177,'admin','제목177','내용177','2020-03-17 12:42:36',0,NULL,NULL,NULL),(1,178,'admin','제목178','내용178','2020-03-17 12:42:36',0,NULL,NULL,NULL),(1,179,'admin','제목179','내용179','2020-03-17 12:42:36',0,NULL,NULL,NULL),(1,180,'admin','제목180','내용180','2020-03-17 12:42:36',0,NULL,NULL,NULL),(1,181,'admin','제목181','내용181','2020-03-17 12:42:36',0,NULL,NULL,NULL),(1,182,'admin','제목182','내용182','2020-03-17 12:42:36',0,NULL,NULL,NULL),(1,183,'admin','제목183','내용183','2020-03-17 12:42:36',0,NULL,NULL,NULL),(1,184,'admin','제목184','내용184','2020-03-17 12:42:36',0,NULL,NULL,NULL),(1,185,'admin','제목185','내용185','2020-03-17 12:42:36',0,NULL,NULL,NULL),(1,186,'admin','제목186','내용186','2020-03-17 12:42:36',0,NULL,NULL,NULL),(1,187,'admin','제목187','내용187','2020-03-17 12:42:36',0,NULL,NULL,NULL),(1,188,'admin','제목1888','내용1888','2020-03-17 12:42:36',0,'','',NULL),(1,189,'admin','제목189','내용189','2020-03-17 12:42:36',0,NULL,NULL,NULL),(1,190,'admin','제목190','내용190','2020-03-17 12:42:36',0,NULL,NULL,NULL),(1,191,'admin','제목191','내용191','2020-03-17 12:42:36',0,NULL,NULL,NULL),(1,192,'admin','제목192','내용192','2020-03-17 12:42:36',0,NULL,NULL,NULL),(1,193,'admin','제목193','내용193','2020-03-17 12:42:36',0,NULL,NULL,NULL),(1,194,'admin','제목194','내용194','2020-03-17 12:42:36',0,NULL,NULL,NULL),(1,195,'admin','제목195','내용195','2020-03-17 12:42:36',0,NULL,NULL,NULL),(1,196,'admin','제목196','내용196','2020-03-17 12:42:36',0,NULL,NULL,NULL),(1,197,'admin','제목197','내용197','2020-03-17 12:42:36',0,NULL,NULL,NULL),(1,198,'admin','제목198','내용198','2020-03-17 12:42:36',0,NULL,NULL,NULL),(1,200,'admin','제목200','내용200','2020-03-17 12:42:37',0,NULL,NULL,NULL),(3,301,'admin','제목301','내용301','2020-03-17 12:42:40',0,NULL,NULL,NULL),(3,302,'admin','제목302','내용302','2020-03-17 12:42:40',0,NULL,NULL,NULL),(3,303,'admin','제목303','내용303','2020-03-17 12:42:40',0,NULL,NULL,NULL),(3,304,'admin','제목304','내용304','2020-03-17 12:42:40',0,NULL,NULL,NULL),(3,305,'admin','제목305','내용305','2020-03-17 12:42:40',0,NULL,NULL,NULL),(3,306,'admin','제목306','내용306','2020-03-17 12:42:40',0,NULL,NULL,NULL),(3,307,'admin','제목307','내용307','2020-03-17 12:42:40',0,NULL,NULL,NULL),(3,308,'admin','제목308','내용308','2020-03-17 12:42:40',0,NULL,NULL,NULL),(3,309,'admin','제목309','내용309','2020-03-17 12:42:40',0,NULL,NULL,NULL),(3,310,'admin','제목310','내용310','2020-03-17 12:42:40',0,NULL,NULL,NULL),(3,311,'admin','제목311','내용311','2020-03-17 12:42:40',0,NULL,NULL,NULL),(3,312,'admin','제목312','내용312','2020-03-17 12:42:40',0,NULL,NULL,NULL),(3,313,'admin','제목313','내용313','2020-03-17 12:42:40',0,NULL,NULL,NULL),(3,314,'admin','제목314','내용314','2020-03-17 12:42:40',0,NULL,NULL,NULL),(3,315,'admin','제목315','내용315','2020-03-17 12:42:40',0,NULL,NULL,NULL),(3,316,'admin','제목316','내용316','2020-03-17 12:42:40',0,NULL,NULL,NULL),(3,317,'admin','제목317','내용317','2020-03-17 12:42:40',0,NULL,NULL,NULL),(3,318,'admin','제목318','내용318','2020-03-17 12:42:40',0,NULL,NULL,NULL),(3,319,'admin','제목319','내용319','2020-03-17 12:42:40',0,NULL,NULL,NULL),(3,320,'admin','제목320','내용320','2020-03-17 12:42:40',0,NULL,NULL,NULL),(3,321,'admin','제목321','내용321','2020-03-17 12:42:40',0,NULL,NULL,NULL),(3,322,'admin','제목322','내용322','2020-03-17 12:42:40',0,NULL,NULL,NULL),(3,323,'admin','제목323','내용323','2020-03-17 12:42:40',0,NULL,NULL,NULL),(3,324,'admin','제목324','내용324','2020-03-17 12:42:40',0,NULL,NULL,NULL),(3,325,'admin','제목325','내용325','2020-03-17 12:42:40',0,NULL,NULL,NULL),(3,326,'admin','제목326','내용326','2020-03-17 12:42:40',0,NULL,NULL,NULL),(3,327,'admin','제목327','내용327','2020-03-17 12:42:40',0,NULL,NULL,NULL),(3,328,'admin','제목328','내용328','2020-03-17 12:42:41',0,NULL,NULL,NULL),(3,329,'admin','제목329','내용329','2020-03-17 12:42:41',0,NULL,NULL,NULL),(3,330,'admin','제목330','내용330','2020-03-17 12:42:41',0,NULL,NULL,NULL),(3,331,'admin','제목331','내용331','2020-03-17 12:42:41',0,NULL,NULL,NULL),(3,332,'admin','제목332','내용332','2020-03-17 12:42:41',0,NULL,NULL,NULL),(3,333,'admin','제목333','내용333','2020-03-17 12:42:41',0,NULL,NULL,NULL),(3,334,'admin','제목334','내용334','2020-03-17 12:42:41',0,NULL,NULL,NULL),(3,335,'admin','제목335','내용335','2020-03-17 12:42:41',0,NULL,NULL,NULL),(3,336,'admin','제목336','내용336','2020-03-17 12:42:41',0,NULL,NULL,NULL),(3,337,'admin','제목337','내용337','2020-03-17 12:42:41',0,NULL,NULL,NULL),(3,338,'admin','제목338','내용338','2020-03-17 12:42:41',0,NULL,NULL,NULL),(3,339,'admin','제목339','내용339','2020-03-17 12:42:41',0,NULL,NULL,NULL),(3,340,'admin','제목340','내용340','2020-03-17 12:42:41',0,NULL,NULL,NULL),(3,341,'admin','제목341','내용341','2020-03-17 12:42:41',0,NULL,NULL,NULL),(3,342,'admin','제목342','내용342','2020-03-17 12:42:41',0,NULL,NULL,NULL),(3,343,'admin','제목343','내용343','2020-03-17 12:42:41',0,NULL,NULL,NULL),(3,344,'admin','제목344','내용344','2020-03-17 12:42:41',0,NULL,NULL,NULL),(3,345,'admin','제목345','내용345','2020-03-17 12:42:41',0,NULL,NULL,NULL),(3,346,'admin','제목346','내용346','2020-03-17 12:42:41',0,NULL,NULL,NULL),(3,347,'admin','제목347','내용347','2020-03-17 12:42:41',0,NULL,NULL,NULL),(3,348,'admin','제목348','내용348','2020-03-17 12:42:41',0,NULL,NULL,NULL),(3,349,'admin','제목349','내용349','2020-03-17 12:42:41',0,NULL,NULL,NULL),(3,350,'admin','제목350','내용350','2020-03-17 12:42:41',0,NULL,NULL,NULL),(3,351,'admin','제목351','내용351','2020-03-17 12:42:41',0,NULL,NULL,NULL),(3,352,'admin','제목352','내용352','2020-03-17 12:42:42',0,NULL,NULL,NULL),(3,353,'admin','제목353','내용353','2020-03-17 12:42:42',0,NULL,NULL,NULL),(3,354,'admin','제목354','내용354','2020-03-17 12:42:42',0,NULL,NULL,NULL),(3,355,'admin','제목355','내용355','2020-03-17 12:42:42',0,NULL,NULL,NULL),(3,356,'admin','제목356','내용356','2020-03-17 12:42:42',0,NULL,NULL,NULL),(3,357,'admin','제목357','내용357','2020-03-17 12:42:42',0,NULL,NULL,NULL),(3,358,'admin','제목358','내용358','2020-03-17 12:42:42',0,NULL,NULL,NULL),(3,359,'admin','제목359','내용359','2020-03-17 12:42:42',0,NULL,NULL,NULL),(3,360,'admin','제목360','내용360','2020-03-17 12:42:42',0,NULL,NULL,NULL),(3,361,'admin','제목361','내용361','2020-03-17 12:42:42',0,NULL,NULL,NULL),(3,362,'admin','제목362','내용362','2020-03-17 12:42:42',0,NULL,NULL,NULL),(3,363,'admin','제목363','내용363','2020-03-17 12:42:42',0,NULL,NULL,NULL),(3,364,'admin','제목364','내용364','2020-03-17 12:42:42',0,NULL,NULL,NULL),(3,365,'admin','제목365','내용365','2020-03-17 12:42:42',0,NULL,NULL,NULL),(3,366,'admin','제목366','내용366','2020-03-17 12:42:42',0,NULL,NULL,NULL),(3,367,'admin','제목367','내용367','2020-03-17 12:42:42',0,NULL,NULL,NULL),(3,368,'admin','제목368','내용368','2020-03-17 12:42:42',0,NULL,NULL,NULL),(3,369,'admin','제목369','내용369','2020-03-17 12:42:42',0,NULL,NULL,NULL),(3,370,'admin','제목370','내용370','2020-03-17 12:42:42',0,NULL,NULL,NULL),(3,371,'admin','제목371','내용371','2020-03-17 12:42:42',0,NULL,NULL,NULL),(3,372,'admin','제목372','내용372','2020-03-17 12:42:42',0,NULL,NULL,NULL),(3,373,'admin','제목373','내용373','2020-03-17 12:42:42',0,NULL,NULL,NULL),(3,374,'admin','제목374','내용374','2020-03-17 12:42:42',0,NULL,NULL,NULL),(3,375,'admin','제목375','내용375','2020-03-17 12:42:42',0,NULL,NULL,NULL),(3,376,'admin','제목376','내용376','2020-03-17 12:42:42',0,NULL,NULL,NULL),(3,377,'admin','제목377','내용377','2020-03-17 12:42:42',0,NULL,NULL,NULL),(3,378,'admin','제목378','내용378','2020-03-17 12:42:42',0,NULL,NULL,NULL),(3,379,'admin','제목379','내용379','2020-03-17 12:42:42',0,NULL,NULL,NULL),(3,380,'admin','제목380','내용380','2020-03-17 12:42:42',0,NULL,NULL,NULL),(3,381,'admin','제목381','내용381','2020-03-17 12:42:42',0,NULL,NULL,NULL),(3,382,'admin','제목382','내용382','2020-03-17 12:42:43',0,NULL,NULL,NULL),(3,383,'admin','제목383','내용383','2020-03-17 12:42:43',0,NULL,NULL,NULL),(3,384,'admin','제목384','내용384','2020-03-17 12:42:43',0,NULL,NULL,NULL),(3,385,'admin','제목385','내용385','2020-03-17 12:42:43',0,NULL,NULL,NULL),(3,386,'admin','제목386','내용386','2020-03-17 12:42:43',0,NULL,NULL,NULL),(3,387,'admin','제목387','내용387','2020-03-17 12:42:43',0,NULL,NULL,NULL),(3,388,'admin','제목388','내용388','2020-03-17 12:42:43',0,NULL,NULL,NULL),(3,389,'admin','제목389','내용389','2020-03-17 12:42:43',0,NULL,NULL,NULL),(3,390,'admin','제목390','내용390','2020-03-17 12:42:43',0,NULL,NULL,NULL),(3,391,'admin','제목391','내용391','2020-03-17 12:42:43',0,NULL,NULL,NULL),(3,392,'admin','제목392','내용392','2020-03-17 12:42:43',0,NULL,NULL,NULL),(3,393,'admin','제목393','내용393','2020-03-17 12:42:43',0,NULL,NULL,NULL),(3,394,'admin','제목394','내용394','2020-03-17 12:42:43',0,NULL,NULL,NULL),(3,395,'admin','제목395','내용395','2020-03-17 12:42:43',0,NULL,NULL,NULL),(3,396,'admin','제목396','내용396','2020-03-17 12:42:43',0,NULL,NULL,NULL),(3,397,'admin','제목397','내용397','2020-03-17 12:42:43',0,NULL,NULL,NULL),(3,398,'admin','제목398','내용398','2020-03-17 12:42:43',0,NULL,NULL,NULL),(3,399,'admin','제목399','내용399','2020-03-17 12:42:43',0,NULL,NULL,NULL),(3,400,'admin','제목400','내용400','2020-03-17 12:42:43',0,NULL,NULL,NULL),(0,401,'admin','제목401','내용401','2020-03-17 12:42:43',0,NULL,NULL,NULL),(0,402,'admin','제목402','내용402','2020-03-17 12:42:43',0,NULL,NULL,NULL),(0,403,'admin','제목403','내용403','2020-03-17 12:42:43',0,NULL,NULL,NULL),(0,404,'admin','제목404','내용404','2020-03-17 12:42:43',0,NULL,NULL,NULL),(0,405,'admin','제목405','내용405','2020-03-17 12:42:43',0,NULL,NULL,NULL),(0,406,'admin','제목406','내용406','2020-03-17 12:42:43',1,NULL,NULL,NULL),(0,407,'admin','제목407','내용407','2020-03-17 12:42:43',0,NULL,NULL,NULL),(0,408,'admin','제목408','내용408','2020-03-17 12:42:43',0,NULL,NULL,NULL),(0,409,'admin','제목409','내용409','2020-03-17 12:42:43',0,NULL,NULL,NULL),(0,410,'admin','제목410','내용410','2020-03-17 12:42:43',0,NULL,NULL,NULL),(0,411,'admin','제목411','내용411','2020-03-17 12:42:43',0,NULL,NULL,NULL),(0,412,'admin','제목412','내용412','2020-03-17 12:42:43',0,NULL,NULL,NULL),(0,413,'admin','제목413','내용413','2020-03-17 12:42:43',0,NULL,NULL,NULL),(0,414,'admin','제목414','내용414','2020-03-17 12:42:43',0,NULL,NULL,NULL),(0,415,'admin','제목415','내용415','2020-03-17 12:42:43',0,NULL,NULL,NULL),(0,416,'admin','제목416','내용416','2020-03-17 12:42:43',0,NULL,NULL,NULL),(0,417,'admin','제목417','내용417','2020-03-17 12:42:43',0,NULL,NULL,NULL),(0,418,'admin','제목418','내용418','2020-03-17 12:42:44',0,NULL,NULL,NULL),(0,419,'admin','제목419','내용419','2020-03-17 12:42:44',0,NULL,NULL,NULL),(0,420,'admin','제목420','내용420','2020-03-17 12:42:44',0,NULL,NULL,NULL),(0,421,'admin','제목421','내용421','2020-03-17 12:42:44',0,NULL,NULL,NULL),(0,422,'admin','제목422','내용422','2020-03-17 12:42:44',0,NULL,NULL,NULL),(0,423,'admin','제목423','내용423','2020-03-17 12:42:44',0,NULL,NULL,NULL),(0,424,'admin','제목424','내용424','2020-03-17 12:42:44',0,NULL,NULL,NULL),(0,425,'admin','제목425','내용425','2020-03-17 12:42:44',0,NULL,NULL,NULL),(0,426,'admin','제목426','내용426','2020-03-17 12:42:44',0,NULL,NULL,NULL),(0,427,'admin','제목427','내용427','2020-03-17 12:42:44',0,NULL,NULL,NULL),(0,428,'admin','제목428','내용428','2020-03-17 12:42:44',0,NULL,NULL,NULL),(0,429,'admin','제목429','내용429','2020-03-17 12:42:44',0,NULL,NULL,NULL),(0,430,'admin','제목430','내용430','2020-03-17 12:42:44',0,NULL,NULL,NULL),(0,431,'admin','제목431','내용431','2020-03-17 12:42:44',0,NULL,NULL,NULL),(0,432,'admin','제목432','내용432','2020-03-17 12:42:44',0,NULL,NULL,NULL),(0,433,'admin','제목433','내용433','2020-03-17 12:42:44',0,NULL,NULL,NULL),(0,434,'admin','제목434','내용434','2020-03-17 12:42:44',0,NULL,NULL,NULL),(0,435,'admin','제목435','내용435','2020-03-17 12:42:44',0,NULL,NULL,NULL),(0,436,'admin','제목436','내용436','2020-03-17 12:42:44',0,NULL,NULL,NULL),(0,437,'admin','제목437','내용437','2020-03-17 12:42:44',0,NULL,NULL,NULL),(0,438,'admin','제목438','내용438','2020-03-17 12:42:44',0,NULL,NULL,NULL),(0,439,'admin','제목439','내용439','2020-03-17 12:42:44',0,NULL,NULL,NULL),(0,440,'admin','제목440','내용440','2020-03-17 12:42:44',0,NULL,NULL,NULL),(0,441,'admin','제목441','내용441','2020-03-17 12:42:44',0,NULL,NULL,NULL),(0,442,'admin','제목442','내용442','2020-03-17 12:42:44',0,NULL,NULL,NULL),(0,443,'admin','제목443','내용443','2020-03-17 12:42:44',0,NULL,NULL,NULL),(0,444,'admin','제목444','내용444','2020-03-17 12:42:44',0,NULL,NULL,NULL),(0,445,'admin','제목445','내용445','2020-03-17 12:42:44',0,NULL,NULL,NULL),(0,446,'admin','제목446','내용446','2020-03-17 12:42:44',0,NULL,NULL,NULL),(0,447,'admin','제목447','내용447','2020-03-17 12:42:44',0,NULL,NULL,NULL),(0,448,'admin','제목448','내용448','2020-03-17 12:42:44',0,NULL,NULL,NULL),(0,449,'admin','제목449','내용449','2020-03-17 12:42:44',0,NULL,NULL,NULL),(0,450,'admin','제목450','내용450','2020-03-17 12:42:44',0,NULL,NULL,NULL),(0,451,'admin','제목451','내용451','2020-03-17 12:42:44',0,NULL,NULL,NULL),(0,452,'admin','제목452','내용452','2020-03-17 12:42:44',0,NULL,NULL,NULL),(0,453,'admin','제목453','내용453','2020-03-17 12:42:45',0,NULL,NULL,NULL),(0,454,'admin','제목454','내용454','2020-03-17 12:42:45',0,NULL,NULL,NULL),(0,455,'admin','제목455','내용455','2020-03-17 12:42:45',0,NULL,NULL,NULL),(0,456,'admin','제목456','내용456','2020-03-17 12:42:45',0,NULL,NULL,NULL),(0,457,'admin','제목457','내용457','2020-03-17 12:42:45',0,NULL,NULL,NULL),(0,458,'admin','제목458','내용458','2020-03-17 12:42:45',0,NULL,NULL,NULL),(0,460,'admin','제목460','내용460','2020-03-17 12:42:45',0,NULL,NULL,NULL),(0,461,'admin','제목461','내용461','2020-03-17 12:42:45',0,NULL,NULL,NULL),(0,462,'admin','제목462','내용462','2020-03-17 12:42:45',0,NULL,NULL,NULL),(0,463,'admin','제목463','내용463','2020-03-17 12:42:45',0,NULL,NULL,NULL),(0,464,'admin','제목464','내용464','2020-03-17 12:42:45',0,NULL,NULL,NULL),(0,465,'admin','제목465','내용465','2020-03-17 12:42:45',0,NULL,NULL,NULL),(0,466,'admin','제목466','내용466','2020-03-17 12:42:45',0,NULL,NULL,NULL),(0,467,'admin','제목467','내용467','2020-03-17 12:42:45',0,NULL,NULL,NULL),(0,468,'admin','제목468','내용468','2020-03-17 12:42:45',0,NULL,NULL,NULL),(0,469,'admin','제목469','내용469','2020-03-17 12:42:45',0,NULL,NULL,NULL),(0,470,'admin','제목470','내용470','2020-03-17 12:42:45',0,NULL,NULL,NULL),(0,471,'admin','제목471','내용471','2020-03-17 12:42:45',0,NULL,NULL,NULL),(0,472,'admin','제목472','내용472','2020-03-17 12:42:45',0,NULL,NULL,NULL),(0,473,'admin','제목473','내용473','2020-03-17 12:42:45',0,NULL,NULL,NULL),(0,474,'admin','제목474','내용474','2020-03-17 12:42:45',0,NULL,NULL,NULL),(0,475,'admin','제목475','내용475','2020-03-17 12:42:45',0,NULL,NULL,NULL),(0,476,'admin','제목476','내용476','2020-03-17 12:42:45',0,NULL,NULL,NULL),(0,477,'admin','제목477','내용477','2020-03-17 12:42:45',0,NULL,NULL,NULL),(0,478,'admin','제목478','내용478','2020-03-17 12:42:45',0,NULL,NULL,NULL),(0,479,'admin','제목479','내용479','2020-03-17 12:42:45',0,NULL,NULL,NULL),(0,480,'admin','제목480','내용480','2020-03-17 12:42:45',0,NULL,NULL,NULL),(0,481,'admin','제목481','내용481','2020-03-17 12:42:45',0,NULL,NULL,NULL),(0,482,'admin','제목482','내용482','2020-03-17 12:42:45',0,NULL,NULL,NULL),(0,483,'admin','제목483','내용483','2020-03-17 12:42:46',1,NULL,NULL,NULL),(0,484,'admin','제목484','내용484','2020-03-17 12:42:46',0,NULL,NULL,NULL),(0,485,'admin','제목485','내용485','2020-03-17 12:42:46',0,NULL,NULL,NULL),(0,486,'admin','제목486','내용486','2020-03-17 12:42:46',1,NULL,NULL,NULL),(0,487,'admin','제목487','내용487','2020-03-17 12:42:46',0,NULL,NULL,NULL),(0,488,'admin','제목488','내용488','2020-03-17 12:42:46',0,NULL,NULL,NULL),(0,489,'admin','제목489','내용489','2020-03-17 12:42:46',1,NULL,NULL,NULL),(0,490,'admin','제목490','내용490','2020-03-17 12:42:46',0,NULL,NULL,NULL),(0,491,'admin','제목491','내용491','2020-03-17 12:42:46',0,NULL,NULL,NULL),(0,492,'admin','제목492','내용492','2020-03-17 12:42:46',1,NULL,NULL,NULL),(0,493,'admin','제목493','내용493','2020-03-17 12:42:46',3,NULL,NULL,NULL),(0,494,'admin','제목494','내용494','2020-03-17 12:42:46',2,NULL,NULL,NULL),(0,495,'admin','제목495','내용495','2020-03-17 12:42:46',2,NULL,NULL,NULL),(0,496,'admin','제목496','내용496','2020-03-17 12:42:46',3,NULL,NULL,NULL),(1,501,'admin','제목501','내용501','2020-03-17 12:42:46',0,NULL,NULL,NULL),(1,502,'admin','제목502','내용502','2020-03-17 12:42:46',0,NULL,NULL,NULL),(1,503,'admin','제목503','내용503','2020-03-17 12:42:46',0,NULL,NULL,NULL),(1,504,'admin','제목504','내용504','2020-03-17 12:42:46',0,NULL,NULL,NULL),(1,505,'admin','제목505','내용505','2020-03-17 12:42:46',0,NULL,NULL,NULL),(1,506,'admin','제목506','내용506','2020-03-17 12:42:46',0,NULL,NULL,NULL),(1,507,'admin','제목507','내용507','2020-03-17 12:42:46',0,NULL,NULL,NULL),(1,508,'admin','제목508','내용508','2020-03-17 12:42:46',0,NULL,NULL,NULL),(1,509,'admin','제목509','내용509','2020-03-17 12:42:46',0,NULL,NULL,NULL),(1,510,'admin','제목510','내용510','2020-03-17 12:42:46',0,NULL,NULL,NULL),(1,511,'admin','제목511','내용511','2020-03-17 12:42:46',0,NULL,NULL,NULL),(1,512,'admin','제목512','내용512','2020-03-17 12:42:46',0,NULL,NULL,NULL),(1,513,'admin','제목513','내용513','2020-03-17 12:42:46',0,NULL,NULL,NULL),(1,514,'admin','제목514','내용514','2020-03-17 12:42:46',0,NULL,NULL,NULL),(1,515,'admin','제목515','내용515','2020-03-17 12:42:47',0,NULL,NULL,NULL),(1,516,'admin','제목516','내용516','2020-03-17 12:42:47',0,NULL,NULL,NULL),(1,517,'admin','제목517','내용517','2020-03-17 12:42:47',0,NULL,NULL,NULL),(1,518,'admin','제목518','내용518','2020-03-17 12:42:47',0,NULL,NULL,NULL),(1,519,'admin','제목519','내용519','2020-03-17 12:42:47',0,NULL,NULL,NULL),(1,520,'admin','제목520','내용520','2020-03-17 12:42:47',0,NULL,NULL,NULL),(1,521,'admin','제목521','내용521','2020-03-17 12:42:47',0,NULL,NULL,NULL),(1,522,'admin','제목5222','내용522','2020-03-17 12:42:47',0,'','',NULL),(1,523,'admin','제목523','내용523','2020-03-17 12:42:47',0,NULL,NULL,NULL),(1,524,'admin','제목524','내용524','2020-03-17 12:42:47',0,NULL,NULL,NULL),(1,525,'admin','제목525','내용525','2020-03-17 12:42:47',0,NULL,NULL,NULL),(1,526,'admin','제목526','내용526','2020-03-17 12:42:47',0,NULL,NULL,NULL),(1,527,'admin','제목527','내용527','2020-03-17 12:42:47',0,NULL,NULL,NULL),(1,528,'admin','제목528','내용528','2020-03-17 12:42:47',0,NULL,NULL,NULL),(1,529,'admin','제목529','내용529','2020-03-17 12:42:47',0,NULL,NULL,NULL),(1,530,'admin','제목530','내용530','2020-03-17 12:42:47',0,NULL,NULL,NULL),(1,531,'admin','제목531','내용531','2020-03-17 12:42:47',0,NULL,NULL,NULL),(1,532,'admin','제목532','내용532','2020-03-17 12:42:47',0,NULL,NULL,NULL),(1,533,'admin','제목533','내용533','2020-03-17 12:42:47',0,NULL,NULL,NULL),(1,535,'admin','제목535','내용535','2020-03-17 12:42:47',0,NULL,NULL,NULL),(1,536,'admin','제목536','내용536','2020-03-17 12:42:47',0,NULL,NULL,NULL),(1,537,'admin','제목537','내용537','2020-03-17 12:42:47',0,NULL,NULL,NULL),(1,538,'admin','제목538','내용538','2020-03-17 12:42:47',0,NULL,NULL,NULL),(1,539,'admin','제목539','내용539','2020-03-17 12:42:47',0,NULL,NULL,NULL),(1,540,'admin','제목540','내용540','2020-03-17 12:42:47',0,NULL,NULL,NULL),(1,541,'admin','제목541','내용541','2020-03-17 12:42:47',0,NULL,NULL,NULL),(1,542,'admin','제목542','내용542','2020-03-17 12:42:47',0,NULL,NULL,NULL),(1,543,'admin','제목543','내용543','2020-03-17 12:42:47',0,NULL,NULL,NULL),(1,544,'admin','제목544','내용544','2020-03-17 12:42:47',0,NULL,NULL,NULL),(1,545,'admin','제목545','내용545','2020-03-17 12:42:47',0,NULL,NULL,NULL),(1,546,'admin','제목546','내용546','2020-03-17 12:42:47',0,NULL,NULL,NULL),(1,547,'admin','제목547','내용547','2020-03-17 12:42:47',0,NULL,NULL,NULL),(1,548,'admin','제목548','내용548','2020-03-17 12:42:47',0,NULL,NULL,NULL),(1,550,'admin','제목550','내용550','2020-03-17 12:42:47',0,NULL,NULL,NULL),(1,551,'admin','제목551','내용551','2020-03-17 12:42:47',0,NULL,NULL,NULL),(1,552,'admin','제목552','내용552','2020-03-17 12:42:48',0,NULL,NULL,NULL),(1,553,'admin','제목553','내용553','2020-03-17 12:42:48',0,NULL,NULL,NULL),(1,554,'admin','페이지3번으로 돌아간다','<p>내용55444</p>\r\n','2020-03-17 12:42:48',1,'','',NULL),(1,555,'admin','제목555','내용555','2020-03-17 12:42:48',0,NULL,NULL,NULL),(1,556,'admin','제목556','내용556','2020-03-17 12:42:48',0,NULL,NULL,NULL),(1,557,'admin','제목557','내용557','2020-03-17 12:42:48',0,NULL,NULL,NULL),(1,558,'admin','제목558','내용558','2020-03-17 12:42:48',0,NULL,NULL,NULL),(1,559,'admin','제목559','내용559','2020-03-17 12:42:48',0,NULL,NULL,NULL),(1,560,'admin','제목560','내용560','2020-03-17 12:42:48',0,NULL,NULL,NULL),(1,561,'admin','제목561','내용561','2020-03-17 12:42:48',0,NULL,NULL,NULL),(1,562,'admin','제목562','내용562','2020-03-17 12:42:48',0,NULL,NULL,NULL),(1,563,'admin','제목563','내용563','2020-03-17 12:42:48',0,NULL,NULL,NULL),(1,564,'admin','제목564','내용564','2020-03-17 12:42:48',0,NULL,NULL,NULL),(1,565,'admin','제목565','내용565','2020-03-17 12:42:48',0,NULL,NULL,NULL),(1,566,'admin','제목566','내용566','2020-03-17 12:42:48',0,NULL,NULL,NULL),(1,567,'admin','제목567','내용567','2020-03-17 12:42:48',0,NULL,NULL,NULL),(1,568,'admin','제목568','내용568','2020-03-17 12:42:48',0,NULL,NULL,NULL),(1,569,'admin','제목569','내용569','2020-03-17 12:42:48',0,NULL,NULL,NULL),(1,570,'admin','제목570','내용570','2020-03-17 12:42:48',0,NULL,NULL,NULL),(1,571,'admin','제목571','내용571','2020-03-17 12:42:48',0,NULL,NULL,NULL),(1,572,'admin','제목572','내용572','2020-03-17 12:42:48',0,NULL,NULL,NULL),(1,573,'admin','제목573','내용573','2020-03-17 12:42:48',0,NULL,NULL,NULL),(1,574,'admin','제목5744444443322','내용574','2020-03-17 12:42:48',0,'','',NULL),(1,575,'admin','제목575','내용575','2020-03-17 12:42:48',0,NULL,NULL,NULL),(1,576,'admin','제목576','내용576','2020-03-17 12:42:48',0,NULL,NULL,NULL),(1,577,'admin','제목577','내용577','2020-03-17 12:42:48',0,NULL,NULL,NULL),(1,578,'admin','제목578','내용578','2020-03-17 12:42:48',0,NULL,NULL,NULL),(1,579,'admin','제목579','내용579','2020-03-17 12:42:48',0,NULL,NULL,NULL),(1,580,'admin','제목580','내용580','2020-03-17 12:42:48',0,NULL,NULL,NULL),(1,581,'admin','제목581','내용581','2020-03-17 12:42:48',0,NULL,NULL,NULL),(1,582,'admin','제목582','내용582','2020-03-17 12:42:49',0,NULL,NULL,NULL),(1,583,'admin','제목583','내용583','2020-03-17 12:42:49',1,NULL,NULL,NULL),(1,585,'admin','제목585','내용585','2020-03-17 12:42:49',0,NULL,NULL,NULL),(1,586,'admin','제목586','내용586','2020-03-17 12:42:49',0,NULL,NULL,NULL),(1,587,'admin','제목587','내용587','2020-03-17 12:42:49',0,NULL,NULL,NULL),(1,588,'admin','제목588','내용588','2020-03-17 12:42:49',1,NULL,NULL,NULL),(1,589,'admin','제목589','내용589','2020-03-17 12:42:49',0,NULL,NULL,NULL),(1,590,'admin','제목590','내용590','2020-03-17 12:42:49',0,NULL,NULL,NULL),(1,591,'admin','제목591','내용591','2020-03-17 12:42:49',0,NULL,NULL,NULL),(1,592,'admin','제목592','내용592','2020-03-17 12:42:49',0,NULL,NULL,NULL),(3,701,'admin','제목701','내용701','2020-03-17 12:42:53',0,NULL,NULL,NULL),(3,702,'admin','제목702','내용702','2020-03-17 12:42:53',0,NULL,NULL,NULL),(3,703,'admin','제목703','내용703','2020-03-17 12:42:53',0,NULL,NULL,NULL),(3,704,'admin','제목704','내용704','2020-03-17 12:42:53',0,NULL,NULL,NULL),(3,705,'admin','제목705','내용705','2020-03-17 12:42:53',0,NULL,NULL,NULL),(3,706,'admin','제목706','내용706','2020-03-17 12:42:53',0,NULL,NULL,NULL),(3,707,'admin','제목707','내용707','2020-03-17 12:42:53',0,NULL,NULL,NULL),(3,708,'admin','제목708','내용708','2020-03-17 12:42:53',0,NULL,NULL,NULL),(3,709,'admin','제목709','내용709','2020-03-17 12:42:53',0,NULL,NULL,NULL),(3,710,'admin','제목710','내용710','2020-03-17 12:42:53',0,NULL,NULL,NULL),(3,711,'admin','제목711','내용711','2020-03-17 12:42:53',0,NULL,NULL,NULL),(3,712,'admin','제목712','내용712','2020-03-17 12:42:53',0,NULL,NULL,NULL),(3,713,'admin','제목713','내용713','2020-03-17 12:42:53',0,NULL,NULL,NULL),(3,714,'admin','제목714','내용714','2020-03-17 12:42:53',0,NULL,NULL,NULL),(3,715,'admin','제목715','내용715','2020-03-17 12:42:53',0,NULL,NULL,NULL),(3,716,'admin','제목716','내용716','2020-03-17 12:42:53',0,NULL,NULL,NULL),(3,717,'admin','제목717','내용717','2020-03-17 12:42:53',0,NULL,NULL,NULL),(3,718,'admin','제목718','내용718','2020-03-17 12:42:53',0,NULL,NULL,NULL),(3,719,'admin','제목719','내용719','2020-03-17 12:42:53',0,NULL,NULL,NULL),(3,720,'admin','제목720','내용720','2020-03-17 12:42:53',0,NULL,NULL,NULL),(3,721,'admin','제목721','내용721','2020-03-17 12:42:54',0,NULL,NULL,NULL),(3,722,'admin','제목722','내용722','2020-03-17 12:42:54',0,NULL,NULL,NULL),(3,723,'admin','제목723','내용723','2020-03-17 12:42:54',0,NULL,NULL,NULL),(3,724,'admin','제목724','내용724','2020-03-17 12:42:54',0,NULL,NULL,NULL),(3,725,'admin','제목725','내용725','2020-03-17 12:42:54',0,NULL,NULL,NULL),(3,726,'admin','제목726','내용726','2020-03-17 12:42:54',0,NULL,NULL,NULL),(3,727,'admin','제목727','내용727','2020-03-17 12:42:54',0,NULL,NULL,NULL),(3,728,'admin','제목728','내용728','2020-03-17 12:42:54',0,NULL,NULL,NULL),(3,729,'admin','제목729','내용729','2020-03-17 12:42:54',0,NULL,NULL,NULL),(3,730,'admin','제목730','내용730','2020-03-17 12:42:54',0,NULL,NULL,NULL),(3,731,'admin','제목731','내용731','2020-03-17 12:42:54',0,NULL,NULL,NULL),(3,732,'admin','제목732','내용732','2020-03-17 12:42:54',0,NULL,NULL,NULL),(3,733,'admin','제목733','내용733','2020-03-17 12:42:54',0,NULL,NULL,NULL),(3,734,'admin','제목734','내용734','2020-03-17 12:42:54',0,NULL,NULL,NULL),(3,735,'admin','제목735','내용735','2020-03-17 12:42:54',0,NULL,NULL,NULL),(3,736,'admin','제목736','내용736','2020-03-17 12:42:54',0,NULL,NULL,NULL),(3,737,'admin','제목737','내용737','2020-03-17 12:42:54',0,NULL,NULL,NULL),(3,738,'admin','제목738','내용738','2020-03-17 12:42:54',0,NULL,NULL,NULL),(3,739,'admin','제목739','내용739','2020-03-17 12:42:54',0,NULL,NULL,NULL),(3,740,'admin','제목740','내용740','2020-03-17 12:42:54',0,NULL,NULL,NULL),(3,741,'admin','제목741','내용741','2020-03-17 12:42:54',0,NULL,NULL,NULL),(3,742,'admin','제목742','내용742','2020-03-17 12:42:54',0,NULL,NULL,NULL),(3,743,'admin','제목743','내용743','2020-03-17 12:42:54',0,NULL,NULL,NULL),(3,744,'admin','제목744','내용744','2020-03-17 12:42:54',0,NULL,NULL,NULL),(3,745,'admin','제목745','내용745','2020-03-17 12:42:54',0,NULL,NULL,NULL),(3,746,'admin','제목746','내용746','2020-03-17 12:42:54',0,NULL,NULL,NULL),(3,747,'admin','제목747','내용747','2020-03-17 12:42:54',0,NULL,NULL,NULL),(3,748,'admin','제목748','내용748','2020-03-17 12:42:54',0,NULL,NULL,NULL),(3,749,'admin','제목749','내용749','2020-03-17 12:42:54',0,NULL,NULL,NULL),(3,750,'admin','제목750','내용750','2020-03-17 12:42:54',0,NULL,NULL,NULL),(3,751,'admin','제목751','내용751','2020-03-17 12:42:54',0,NULL,NULL,NULL),(3,752,'admin','제목752','내용752','2020-03-17 12:42:55',0,NULL,NULL,NULL),(3,753,'admin','제목753','내용753','2020-03-17 12:42:55',0,NULL,NULL,NULL),(3,754,'admin','제목754','내용754','2020-03-17 12:42:55',0,NULL,NULL,NULL),(3,755,'admin','제목755','내용755','2020-03-17 12:42:55',0,NULL,NULL,NULL),(3,756,'admin','제목756','내용756','2020-03-17 12:42:55',0,NULL,NULL,NULL),(3,757,'admin','제목757','내용757','2020-03-17 12:42:55',0,NULL,NULL,NULL),(3,758,'admin','제목758','내용758','2020-03-17 12:42:55',0,NULL,NULL,NULL),(3,759,'admin','제목759','내용759','2020-03-17 12:42:55',0,NULL,NULL,NULL),(3,760,'admin','제목760','내용760','2020-03-17 12:42:55',0,NULL,NULL,NULL),(3,761,'admin','제목761','내용761','2020-03-17 12:42:55',0,NULL,NULL,NULL),(3,762,'admin','제목762','내용762','2020-03-17 12:42:55',0,NULL,NULL,NULL),(3,763,'admin','제목763','내용763','2020-03-17 12:42:55',0,NULL,NULL,NULL),(3,764,'admin','제목764','내용764','2020-03-17 12:42:55',0,NULL,NULL,NULL),(3,765,'admin','제목765','내용765','2020-03-17 12:42:55',0,NULL,NULL,NULL),(3,766,'admin','제목766','내용766','2020-03-17 12:42:55',0,NULL,NULL,NULL),(3,767,'admin','제목767','내용767','2020-03-17 12:42:55',0,NULL,NULL,NULL),(3,768,'admin','제목768','내용768','2020-03-17 12:42:55',0,NULL,NULL,NULL),(3,769,'admin','제목769','내용769','2020-03-17 12:42:55',0,NULL,NULL,NULL),(3,770,'admin','제목770','내용770','2020-03-17 12:42:55',0,NULL,NULL,NULL),(3,771,'admin','제목771','내용771','2020-03-17 12:42:55',0,NULL,NULL,NULL),(3,772,'admin','제목772','내용772','2020-03-17 12:42:55',0,NULL,NULL,NULL),(3,773,'admin','제목773','내용773','2020-03-17 12:42:55',0,NULL,NULL,NULL),(3,774,'admin','제목774','내용774','2020-03-17 12:42:55',0,NULL,NULL,NULL),(3,775,'admin','제목775','내용775','2020-03-17 12:42:55',0,NULL,NULL,NULL),(3,776,'admin','제목776','내용776','2020-03-17 12:42:55',0,NULL,NULL,NULL),(3,777,'admin','제목777','내용777','2020-03-17 12:42:55',0,NULL,NULL,NULL),(3,778,'admin','제목778','내용778','2020-03-17 12:42:55',0,NULL,NULL,NULL),(3,779,'admin','제목779','내용779','2020-03-17 12:42:55',0,NULL,NULL,NULL),(3,780,'admin','제목780','내용780','2020-03-17 12:42:55',0,NULL,NULL,NULL),(3,781,'admin','제목781','내용781','2020-03-17 12:42:56',0,NULL,NULL,NULL),(3,782,'admin','제목782','내용782','2020-03-17 12:42:56',0,NULL,NULL,NULL),(3,783,'admin','제목783','내용783','2020-03-17 12:42:56',0,NULL,NULL,NULL),(3,784,'admin','제목784','내용784','2020-03-17 12:42:56',0,NULL,NULL,NULL),(3,785,'admin','제목785','내용785','2020-03-17 12:42:56',0,NULL,NULL,NULL),(3,786,'admin','제목786','내용786','2020-03-17 12:42:56',0,NULL,NULL,NULL),(3,787,'admin','제목787','내용787','2020-03-17 12:42:56',0,NULL,NULL,NULL),(3,788,'admin','제목788','내용788','2020-03-17 12:42:56',0,NULL,NULL,NULL),(3,789,'admin','제목789','내용789','2020-03-17 12:42:56',0,NULL,NULL,NULL),(3,790,'admin','제목790','내용790','2020-03-17 12:42:56',0,NULL,NULL,NULL),(3,791,'admin','제목791','내용791','2020-03-17 12:42:56',0,NULL,NULL,NULL),(3,792,'admin','제목792','내용792','2020-03-17 12:42:56',0,NULL,NULL,NULL),(3,793,'admin','제목793','내용793','2020-03-17 12:42:56',0,NULL,NULL,NULL),(3,794,'admin','제목794','내용794','2020-03-17 12:42:56',0,NULL,NULL,NULL),(3,795,'admin','제목795','내용795','2020-03-17 12:42:56',0,NULL,NULL,NULL),(3,796,'admin','제목796','내용796','2020-03-17 12:42:56',0,NULL,NULL,NULL),(3,797,'admin','제목797','내용797','2020-03-17 12:42:56',0,NULL,NULL,NULL),(3,798,'admin','제목798','내용798','2020-03-17 12:42:56',0,NULL,NULL,NULL),(3,799,'admin','제목799','내용799','2020-03-17 12:42:56',0,NULL,NULL,NULL),(3,800,'admin','제목800','내용800','2020-03-17 12:42:56',0,NULL,NULL,NULL),(0,833,'admin','123','<img alt=\"\" src=\"ckSubmit?uid=6dc34db1-56ec-4d1b-9d4c-5f1ed5cdc6c3&amp;fileName=카드 뒷면.jpg\" style=\"height:101px; width:101px\" />','2020-03-30 16:39:30',2,'\\imgUpload\\2020\\03\\30\\be225ba9-74f4-45ff-9235-d601e305796b_7.jpg','\\imgUpload\\2020\\03\\30\\s\\s_be225ba9-74f4-45ff-9235-d601e305796b_7.jpg',NULL),(0,834,'admin','456','<img alt=\"\" src=\"ckSubmit?uid=a8906111-86d4-4be1-bc93-cbc8e56d6386&amp;fileName=naver.jpg\" style=\"height:349px; width:540px\" />','2020-03-30 16:51:55',2,'\\imgUpload\\2020\\03\\30\\f7b9613c-83b7-4453-9bf5-7552fbc07618_naver.jpg','\\imgUpload\\2020\\03\\30\\s\\s_f7b9613c-83b7-4453-9bf5-7552fbc07618_naver.jpg',NULL),(0,835,'admin','789','<img alt=\"\" src=\"ckSubmit?uid=9842e5eb-6b6f-48c3-9ffe-526e80b80263&amp;fileName=123.png\" style=\"height:120px; width:82px\" />','2020-03-30 17:48:27',2,'\\imgUpload\\2020\\03\\30\\2057749a-8837-4a3d-9381-9e8426b5fec4_123.png','\\imgUpload\\2020\\03\\30\\s\\s_2057749a-8837-4a3d-9381-9e8426b5fec4_123.png',NULL),(0,836,'admin','777','<img alt=\"\" src=\"ckSubmit?uid=f7d0fc92-f9bd-4f6b-af2f-ad8350b8a4ff&amp;fileName=none.png\" style=\"height:200px; width:200px\" />','2020-03-30 17:57:55',2,'\\imgUpload\\2020\\03\\30\\d49c608a-1528-436a-b2a5-f2dd71ea5862_none.png','\\imgUpload\\2020\\03\\30\\s\\s_d49c608a-1528-436a-b2a5-f2dd71ea5862_none.png',NULL),(0,837,'admin','567','<img alt=\"\" src=\"ckSubmit?uid=a0ad1d30-1b96-4865-91fa-a18d2e19ce03&amp;fileName=logo.jpg\" style=\"height:75px; width:284px\" />','2020-03-30 18:29:01',4,'\\imgUpload\\2020\\03\\30\\c228210a-7122-4e6c-ba63-bfa6fb1b149e_logo.jpg','\\imgUpload\\2020\\03\\30\\s\\s_c228210a-7122-4e6c-ba63-bfa6fb1b149e_logo.jpg',NULL),(0,843,'admin','999','<img alt=\"\" src=\"notice_ckSubmit?uid=85653598-0b10-4aa9-84f9-3dab780b2b15&amp;fileName=123.png\" style=\"height:120px; width:82px\" />','2020-03-31 12:23:56',3,'\\imgUpload\\2020\\03\\31\\008772dd-ea2a-4577-9a3f-98041034d055_123.png','\\imgUpload\\2020\\03\\31\\s\\s_008772dd-ea2a-4577-9a3f-98041034d055_123.png',NULL),(0,844,'admin','888','<img alt=\"\" src=\"notice_ckSubmit?uid=a8d58937-1a72-469e-98b4-8179900d6b97&amp;fileName=naver.jpg\" style=\"height:349px; width:540px\" />','2020-03-31 12:25:41',6,'\\imgUpload\\2020\\03\\31\\0b924b55-9e47-4451-81da-bf472d91c621_naver.jpg','\\imgUpload\\2020\\03\\31\\s\\s_0b924b55-9e47-4451-81da-bf472d91c621_naver.jpg',NULL),(0,845,'admin','11','<img alt=\"\" src=\"notice_ckSubmit?uid=2fa59514-7844-431a-95c3-5cb0fb342986&amp;fileName=1.jpg\" style=\"height:94px; width:89px\" />123ㄴㅇㄹㄴㅇㄹ','2020-03-31 12:55:58',7,'\\imgUpload\\2020\\03\\31\\8a5493c8-90bb-4c15-8ae8-82d02e96ee1d_3.jpg','\\imgUpload\\2020\\03\\31\\s\\s_8a5493c8-90bb-4c15-8ae8-82d02e96ee1d_3.jpg',NULL),(1,850,'admin','5656333555555123','<img alt=\"\" src=\"ckSubmit?uid=53b61d20-044d-4056-a59f-a3ffb940e447&amp;fileName=123.png\" style=\"height:120px; width:82px\" /><img alt=\"\" src=\"ckSubmit?uid=6bc3fd00-c6d7-4c55-817b-ea5fb15622c5&amp;fileName=naver.jpg\" style=\"height:349px; width:540px\" />','2020-03-31 18:25:22',1,'\\images\\none.png','\\images\\none.png',NULL),(1,852,'admin','99','<p>이벤트는 수정 됩니다.ii??</p>\r\n\r\n<p>왜 안나오죠?</p>\r\n','2020-03-31 18:31:56',3,'\\imgUpload\\2020\\03\\31\\f47432e6-8845-40c1-90aa-c6a065dbf1a3_daum.jpg','\\imgUpload\\2020\\03\\31\\s\\s_f47432e6-8845-40c1-90aa-c6a065dbf1a3_daum.jpg',NULL),(2,877,'admin','회원 정보는 어떻게 변경하나요?','로그인 후 &quot;나의정보&quot; 페이지의 정보변경 버튼을 통해 비밀번호 입력 확인 후 정보를 변경 할 수 있습니다.','2020-04-01 16:11:35',0,NULL,NULL,NULL),(2,882,'admin','주문은 어떻게 하나요?','<p>구매하시려는 상품을 바로구매하시려면 &quot;구매하기&quot;를 통해 구매가능합니다.<br />\r\n여러가지 상품의 구매를 원하시면&quot;장바구니&quot;에 담은 후 &quot;주문하기를&quot;통해 구매 가능합니다.</p>\r\n','2020-04-01 16:18:46',0,NULL,NULL,NULL),(2,883,'admin','배송 마감 시간은 언제인가요?','당일 발송(출고)을 위한 주문마감 시간은 월~금요일 오후 6시, 토요일 오후 1시이며, 당일 발송(출고)된 상품은 영업일 기준 다음날부터 받아보실 수 있습니다.<br />\r\n다만, 업체배송 상품은 업체별 마감 시간이 다를 수 있으며, 상품의 품절이나 택배사 상황에 따라 당일 발송(출고)이 어려운 경우도 있으니 양해 부탁 드립니다.','2020-04-01 16:18:49',0,NULL,NULL,NULL),(2,884,'admin','배송비는 어떻게 되나요?','배송비는 일괄 2,500원입니다.<br />\r\n다만, 업체배송 상품은 교환, 반품 시에 업체별 제휴 택배사에 따라 비용이 다를 수 있습니다.','2020-04-01 16:18:51',0,NULL,NULL,NULL),(3,900,'회원1','이용후기1','이용후기의 내용1','2020-04-02 19:08:41',0,NULL,NULL,1),(3,901,'회원2','이용후기2','이용후기의 내용2','2020-04-02 19:08:42',0,NULL,NULL,2),(3,902,'회원3','이용후기3','이용후기의 내용3','2020-04-02 19:08:42',0,NULL,NULL,3),(3,903,'회원4','이용후기4','이용후기의 내용4','2020-04-02 19:08:42',0,NULL,NULL,4),(3,904,'회원5','이용후기5','이용후기의 내용5','2020-04-02 19:08:42',0,NULL,NULL,5),(3,905,'회원6','이용후기6','이용후기의 내용6','2020-04-02 19:08:42',0,NULL,NULL,6),(3,906,'회원7','이용후기7','이용후기의 내용7','2020-04-02 19:08:42',0,NULL,NULL,7),(3,907,'회원8','이용후기8','이용후기의 내용8','2020-04-02 19:08:42',0,NULL,NULL,8),(3,908,'회원9','이용후기9','이용후기의 내용9','2020-04-02 19:08:42',0,NULL,NULL,9),(3,909,'회원10','이용후기10','이용후기의 내용10','2020-04-02 19:08:42',0,NULL,NULL,10),(3,910,'회원11','이용후기11','이용후기의 내용11','2020-04-02 19:08:42',0,NULL,NULL,11),(3,911,'회원12','이용후기12','이용후기의 내용12','2020-04-02 19:08:42',0,NULL,NULL,12),(3,912,'회원13','이용후기13','이용후기의 내용13','2020-04-02 19:08:42',0,NULL,NULL,13),(3,913,'회원14','이용후기14','이용후기의 내용14','2020-04-02 19:08:42',0,NULL,NULL,14),(3,914,'회원15','이용후기15','이용후기의 내용15','2020-04-02 19:08:42',0,NULL,NULL,15),(3,915,'회원16','이용후기16','이용후기의 내용16','2020-04-02 19:08:42',0,NULL,NULL,16),(3,916,'회원17','이용후기17','이용후기의 내용17','2020-04-02 19:08:42',0,NULL,NULL,17),(3,917,'회원18','이용후기18','이용후기의 내용18','2020-04-02 19:08:42',0,NULL,NULL,18),(3,918,'회원19','이용후기19','이용후기의 내용19','2020-04-02 19:08:42',0,NULL,NULL,19),(3,919,'회원20','이용후기20','이용후기의 내용20','2020-04-02 19:08:42',0,NULL,NULL,20),(3,920,'회원21','이용후기21','이용후기의 내용21','2020-04-02 19:08:42',0,NULL,NULL,21),(3,921,'회원22','이용후기22','이용후기의 내용22','2020-04-02 19:08:42',0,NULL,NULL,22),(3,922,'회원23','이용후기23','이용후기의 내용23','2020-04-02 19:08:42',0,NULL,NULL,23),(3,923,'회원24','이용후기24','이용후기의 내용24','2020-04-02 19:08:42',0,NULL,NULL,24),(3,924,'회원25','이용후기25','이용후기의 내용25','2020-04-02 19:08:42',0,NULL,NULL,25),(3,925,'회원26','이용후기26','이용후기의 내용26','2020-04-02 19:08:42',0,NULL,NULL,26),(3,926,'회원27','이용후기27','이용후기의 내용27','2020-04-02 19:08:42',0,NULL,NULL,27),(3,927,'회원28','이용후기28','이용후기의 내용28','2020-04-02 19:08:42',0,NULL,NULL,28),(3,928,'회원29','이용후기29','이용후기의 내용29','2020-04-02 19:08:42',0,NULL,NULL,29),(3,929,'회원30','이용후기30','이용후기의 내용30','2020-04-02 19:08:42',0,NULL,NULL,30),(3,930,'회원31','이용후기31','이용후기의 내용31','2020-04-02 19:08:42',0,NULL,NULL,31),(3,931,'회원32','이용후기32','이용후기의 내용32','2020-04-02 19:08:42',0,NULL,NULL,32),(3,932,'회원33','이용후기33','이용후기의 내용33','2020-04-02 19:08:42',0,NULL,NULL,33),(3,933,'회원34','이용후기34','이용후기의 내용34','2020-04-02 19:08:42',0,NULL,NULL,34),(3,934,'회원35','이용후기35','이용후기의 내용35','2020-04-02 19:08:42',0,NULL,NULL,35),(3,935,'회원36','이용후기36','이용후기의 내용36','2020-04-02 19:08:42',0,NULL,NULL,36),(3,936,'회원37','이용후기37','이용후기의 내용37','2020-04-02 19:08:42',0,NULL,NULL,37),(3,937,'회원38','이용후기38','이용후기의 내용38','2020-04-02 19:08:42',0,NULL,NULL,38),(3,938,'회원39','이용후기39','이용후기의 내용39','2020-04-02 19:08:42',0,NULL,NULL,39),(3,939,'회원40','이용후기40','이용후기의 내용40','2020-04-02 19:08:42',0,NULL,NULL,40),(3,940,'회원41','이용후기41','이용후기의 내용41','2020-04-02 19:08:43',0,NULL,NULL,41),(3,941,'회원42','이용후기42','이용후기의 내용42','2020-04-02 19:08:43',0,NULL,NULL,42),(3,942,'회원43','이용후기43','이용후기의 내용43','2020-04-02 19:08:43',0,NULL,NULL,43),(3,943,'회원44','이용후기44','이용후기의 내용44','2020-04-02 19:08:43',0,NULL,NULL,44),(3,944,'회원45','이용후기45','이용후기의 내용45','2020-04-02 19:08:43',0,NULL,NULL,45),(3,945,'회원46','이용후기46','이용후기의 내용46','2020-04-02 19:08:43',0,NULL,NULL,46),(3,946,'회원47','이용후기47','이용후기의 내용47','2020-04-02 19:08:43',0,NULL,NULL,47),(3,947,'회원48','이용후기48','이용후기의 내용48','2020-04-02 19:08:43',0,NULL,NULL,48),(3,948,'회원49','이용후기49','이용후기의 내용49','2020-04-02 19:08:43',0,NULL,NULL,49),(3,949,'회원50','이용후기50','이용후기의 내용50','2020-04-02 19:08:43',0,NULL,NULL,50),(3,950,'회원51','이용후기51','이용후기의 내용51','2020-04-02 19:08:43',0,NULL,NULL,51),(3,951,'회원52','이용후기52','이용후기의 내용52','2020-04-02 19:08:43',0,NULL,NULL,52),(3,952,'회원53','이용후기53','이용후기의 내용53','2020-04-02 19:08:43',0,NULL,NULL,53),(3,953,'회원54','이용후기54','이용후기의 내용54','2020-04-02 19:08:43',0,NULL,NULL,54),(3,954,'회원55','이용후기55','이용후기의 내용55','2020-04-02 19:08:43',0,NULL,NULL,55),(3,955,'회원56','이용후기56','이용후기의 내용56','2020-04-02 19:08:43',0,NULL,NULL,56),(3,956,'회원57','이용후기57','이용후기의 내용57','2020-04-02 19:08:43',0,NULL,NULL,57),(3,957,'회원58','이용후기58','이용후기의 내용58','2020-04-02 19:08:43',0,NULL,NULL,58),(3,958,'회원59','이용후기59','이용후기의 내용59','2020-04-02 19:08:43',0,NULL,NULL,59),(3,959,'회원60','이용후기60','이용후기의 내용60','2020-04-02 19:08:43',0,NULL,NULL,60),(3,961,'회원11','이용후기1','이용후기의 내용1','2020-04-02 19:08:53',0,NULL,NULL,1),(3,962,'회원12','이용후기2','이용후기의 내용2','2020-04-02 19:08:53',0,NULL,NULL,2),(3,963,'회원13','이용후기3','이용후기의 내용3','2020-04-02 19:08:53',0,NULL,NULL,3),(3,964,'회원14','이용후기4','이용후기의 내용4','2020-04-02 19:08:53',0,NULL,NULL,4),(3,965,'회원15','이용후기5','이용후기의 내용5','2020-04-02 19:08:53',0,NULL,NULL,5),(3,966,'회원16','이용후기6','이용후기의 내용6','2020-04-02 19:08:53',0,NULL,NULL,6),(3,967,'회원17','이용후기7','이용후기의 내용7','2020-04-02 19:08:53',0,NULL,NULL,7),(3,968,'회원18','이용후기8','이용후기의 내용8','2020-04-02 19:08:53',0,NULL,NULL,8),(3,969,'회원19','이용후기9','이용후기의 내용9','2020-04-02 19:08:53',0,NULL,NULL,9),(3,971,'회원1','이용후기1','이용후기의 내용1','2020-04-02 19:09:04',0,NULL,NULL,1),(3,972,'회원1','이용후기2','이용후기의 내용2','2020-04-02 19:09:04',0,NULL,NULL,2),(3,973,'회원1','이용후기3','이용후기의 내용3','2020-04-02 19:09:04',0,NULL,NULL,3),(3,974,'회원1','이용후기4','이용후기의 내용4','2020-04-02 19:09:04',0,NULL,NULL,4),(3,975,'회원1','이용후기5','이용후기의 내용5','2020-04-02 19:09:04',0,NULL,NULL,5),(3,976,'회원1','이용후기6','이용후기의 내용6','2020-04-02 19:09:04',0,NULL,NULL,6),(3,977,'회원1','이용후기7','이용후기의 내용7','2020-04-02 19:09:04',0,NULL,NULL,7),(3,978,'회원1','이용후기8','이용후기의 내용8','2020-04-02 19:09:04',0,NULL,NULL,8),(3,979,'회원1','이용후기9','이용후기의 내용9','2020-04-02 19:09:04',0,NULL,NULL,9),(3,980,'회원1','이용후기10','이용후기의 내용10','2020-04-02 19:09:04',0,NULL,NULL,10),(3,981,'회원1','이용후기11','이용후기의 내용11','2020-04-02 19:09:04',0,NULL,NULL,11),(3,982,'회원1','이용후기12','이용후기의 내용12','2020-04-02 19:09:04',0,NULL,NULL,12),(3,983,'회원1','이용후기13','이용후기의 내용13','2020-04-02 19:09:04',0,NULL,NULL,13),(3,984,'회원1','이용후기14','이용후기의 내용14','2020-04-02 19:09:05',0,NULL,NULL,14),(3,985,'회원1','이용후기15','이용후기의 내용15','2020-04-02 19:09:05',0,NULL,NULL,15),(3,986,'회원1','이용후기16','이용후기의 내용16','2020-04-02 19:09:05',0,NULL,NULL,16),(3,987,'회원1','이용후기17','이용후기의 내용17','2020-04-02 19:09:05',0,NULL,NULL,17),(3,988,'회원1','이용후기18','이용후기의 내용18','2020-04-02 19:09:05',0,NULL,NULL,18),(3,989,'회원1','이용후기19','이용후기의 내용19','2020-04-02 19:09:05',0,NULL,NULL,19),(3,990,'회원1','이용후기20','이용후기의 내용20','2020-04-02 19:09:05',0,NULL,NULL,20),(3,991,'회원1','이용후기21','이용후기의 내용21','2020-04-02 19:09:05',0,NULL,NULL,21),(3,992,'회원1','이용후기22','이용후기의 내용22','2020-04-02 19:09:05',0,NULL,NULL,22),(3,993,'회원1','이용후기23','이용후기의 내용23','2020-04-02 19:09:05',0,NULL,NULL,23),(3,994,'회원1','이용후기24','이용후기의 내용24','2020-04-02 19:09:05',0,NULL,NULL,24),(3,995,'회원1','이용후기25','이용후기의 내용25','2020-04-02 19:09:05',0,NULL,NULL,25),(3,996,'회원1','이용후기26','이용후기의 내용26','2020-04-02 19:09:05',0,NULL,NULL,26),(3,997,'회원1','이용후기27','이용후기의 내용27','2020-04-02 19:09:05',0,NULL,NULL,27),(3,998,'회원1','이용후기28','이용후기의 내용28','2020-04-02 19:09:05',0,NULL,NULL,28),(3,999,'회원1','이용후기29','이용후기의 내용29','2020-04-02 19:09:05',0,NULL,NULL,29),(3,1000,'회원1','이용후기30','이용후기의 내용30','2020-04-02 19:09:05',0,NULL,NULL,30),(3,1001,'회원1','이용후기31','이용후기의 내용31','2020-04-02 19:09:05',0,NULL,NULL,31),(3,1002,'회원1','이용후기32','이용후기의 내용32','2020-04-02 19:09:05',0,NULL,NULL,32),(3,1003,'회원1','이용후기33','이용후기의 내용33','2020-04-02 19:09:05',0,NULL,NULL,33),(3,1004,'회원1','이용후기34','이용후기의 내용34','2020-04-02 19:09:05',0,NULL,NULL,34),(3,1005,'회원1','이용후기35','이용후기의 내용35','2020-04-02 19:09:05',0,NULL,NULL,35),(3,1006,'회원1','이용후기36','이용후기의 내용36','2020-04-02 19:09:05',0,NULL,NULL,36),(3,1007,'회원1','이용후기37','이용후기의 내용37','2020-04-02 19:09:05',0,NULL,NULL,37),(3,1008,'회원1','이용후기38','이용후기의 내용38','2020-04-02 19:09:05',0,NULL,NULL,38),(3,1009,'회원1','이용후기39','이용후기의 내용39','2020-04-02 19:09:05',0,NULL,NULL,39),(3,1010,'회원1','이용후기40','이용후기의 내용40','2020-04-02 19:09:05',0,NULL,NULL,40),(3,1011,'회원1','이용후기41','이용후기의 내용41','2020-04-02 19:09:05',0,NULL,NULL,41),(3,1012,'회원1','이용후기42','이용후기의 내용42','2020-04-02 19:09:05',0,NULL,NULL,42),(3,1013,'회원1','이용후기43','이용후기의 내용43','2020-04-02 19:09:05',0,NULL,NULL,43),(3,1014,'회원1','이용후기44','이용후기의 내용44','2020-04-02 19:09:05',0,NULL,NULL,44),(3,1015,'회원1','이용후기45','이용후기의 내용45','2020-04-02 19:09:05',0,NULL,NULL,45),(3,1016,'회원1','이용후기46','이용후기의 내용46','2020-04-02 19:09:05',0,NULL,NULL,46),(3,1017,'회원1','이용후기47','이용후기의 내용47','2020-04-02 19:09:05',0,NULL,NULL,47),(3,1018,'회원1','이용후기48','이용후기의 내용48','2020-04-02 19:09:05',0,NULL,NULL,48),(3,1019,'회원1','이용후기49','이용후기의 내용49','2020-04-02 19:09:05',0,NULL,NULL,49),(3,1020,'회원1','이용후기50','이용후기의 내용50','2020-04-02 19:09:05',0,NULL,NULL,50),(3,1021,'회원1','이용후기51','이용후기의 내용51','2020-04-02 19:09:06',0,NULL,NULL,51),(3,1022,'회원1','이용후기52','이용후기의 내용52','2020-04-02 19:09:06',0,NULL,NULL,52),(3,1023,'회원1','이용후기53','이용후기의 내용53','2020-04-02 19:09:06',0,NULL,NULL,53),(3,1024,'회원1','이용후기54','이용후기의 내용54','2020-04-02 19:09:06',0,NULL,NULL,54),(3,1025,'회원1','이용후기55','이용후기의 내용55','2020-04-02 19:09:06',0,NULL,NULL,55),(3,1026,'회원1','이용후기56','이용후기의 내용56','2020-04-02 19:09:06',0,NULL,NULL,56),(3,1027,'회원1','이용후기57','이용후기의 내용57','2020-04-02 19:09:06',0,NULL,NULL,57),(3,1028,'회원1','이용후기58','이용후기의 내용58','2020-04-02 19:09:06',0,NULL,NULL,58),(3,1029,'회원1','이용후기59','이용후기의 내용59','2020-04-02 19:09:06',0,NULL,NULL,59),(3,1030,'회원1','이용후기60','이용후기의 내용60','2020-04-02 19:09:06',0,NULL,NULL,60),(3,1031,'회원1','이용후기61','이용후기의 내용61','2020-04-02 19:09:06',0,NULL,NULL,61),(3,1032,'회원1','이용후기62','이용후기의 내용62','2020-04-02 19:09:06',0,NULL,NULL,62),(3,1033,'회원1','이용후기63','이용후기의 내용63','2020-04-02 19:09:06',0,NULL,NULL,63),(3,1034,'회원1','이용후기64','이용후기의 내용64','2020-04-02 19:09:06',0,NULL,NULL,64),(3,1035,'회원1','이용후기65','이용후기의 내용65','2020-04-02 19:09:06',0,NULL,NULL,65),(3,1036,'회원1','이용후기66','이용후기의 내용66','2020-04-02 19:09:06',0,NULL,NULL,66),(3,1037,'회원1','이용후기67','이용후기의 내용67','2020-04-02 19:09:06',0,NULL,NULL,67),(3,1038,'회원1','이용후기68','이용후기의 내용68','2020-04-02 19:09:06',0,NULL,NULL,68),(3,1039,'회원1','이용후기69','이용후기의 내용69','2020-04-02 19:09:06',0,NULL,NULL,69),(3,1040,'회원1','이용후기70','이용후기의 내용70','2020-04-02 19:09:06',0,NULL,NULL,70),(0,1059,'admin','진규형','<img alt=\"\" src=\"ckSubmit?uid=9077f5fd-98ad-4c3f-82a8-32f371387828&amp;fileName=logo.jpg\" style=\"height:75px; width:284px\" />','2020-04-07 15:59:36',5,'\\imgUpload\\2020\\04\\07\\8e2ccf24-0e4d-41f3-b078-5a92d9f3128b_logo.jpg','\\imgUpload\\2020\\04\\07\\s\\s_8e2ccf24-0e4d-41f3-b078-5a92d9f3128b_logo.jpg',NULL),(0,1060,'admin','234234','<img alt=\"\" src=\"ckSubmit?uid=24bfea90-d214-4cd5-b7ca-2ed209b97025&amp;fileName=daum.jpg\" style=\"height:221px; width:500px\" />234234234234234','2020-04-07 16:18:06',6,'\\imgUpload\\2020\\04\\07\\657e4ffa-4638-4831-b958-69e95c4a2725_naver.jpg','\\imgUpload\\2020\\04\\07\\s\\s_657e4ffa-4638-4831-b958-69e95c4a2725_naver.jpg',NULL),(1,1062,'admin','sdfsdfsdfsdf','<p><img alt=\"google\" src=\"data:image/png;base64,iVBORw0KGgoAAAANSUhEUgAAAmgAAADcCAMAAADz9a0xAAACtVBMVEUAAABhKRbPM1H/T3z/TnpmZ12VICv4MWT/M2bpLl1ZIxGaJShGHRL/NWvLLUgcHSH/NWtDGw8THR7/NWsLCgvhOzebKiIjLUJpGxYXPGsoWKkbRnkWMjAUL00OIDkxaMMwZLg7euc/hPZFjv9Fjf9Fjv9Fi/4yaMAvYroXP21Dh/hChfQ5dtg1b9ASMVE7eN1EiftChvc4c9UhRH4rWaYgajM3slc0qVIaNWE0qFIrVp8hQ38zbMwnTpE9fOZAgu4/gfAhRX9vdmbCwsK4uLhugXsaOGiHl4fOzs7a2trV1NTR0NCSmZHJysvCwsKxsbKrq6ukpKTc3NysrKy7urqdnZ2WlpaQkJCKioqvua+Dg4N9fX13d3dxcXGZnJPh4eBbybgA0NAAwMAAp6dqamomzc0AzMwA2NgAmppkZGSH1cAoU5m+vr7n6Oj///9fX1/19fRZWVkzbMpOTk68iwLnqwOIXwEEv78Aq6tuHhekLiTWPC/nRzjuRDXxRTb2RjfpQTPJNiqieQLlqwT6ugT/wAX/xQXDkgMBm5wAtba3NCn6RzjqQzXlPzGmfAH7uwX/yAXytgQAxMQBoaIuXq3cPjHIOS3WoAM2tKr3uwQnVaD3RTeLZgIpKSkfWVkVcnIKioozMzMrMDA3MTErQ0N1Ew8HBkizMib/xQTDkwNYMi8AjY1vLSYubNdAEg5XQQGkKytvODNgSAZyHxntPC/Gc1mpn3OQyZCXz5fiV0S5iWSatICHyo6h2KHL/s6Kwomt46/N9s2677zK+srUyqPifmXcZU/B98bQ47fcm33ZsY+hjXO847jS/9Cy27Pa/9Z5u6Cj6cIZp6EtlUgYMpwVLI0AAGUAAFoAAFSLDg6QBQWaAACPj5A9PYVUVJAmJn6dERGSkrJ7e6fJo6OtSEjChYXCyspXQZ8xAAAA53RSTlMANnKs2jBNx/+0QGks/44Q4CEZ8QahgAtQLVRTQTYmc6O/4+j3//+9k0P//9KsTd//9L1mkl7/613/ooKVk+fy03RrpcRJa2PG////h///////4Yn//////53/////q///7LyT/////m7//4Hl///////R/3mgTv//YJTU/f///+yvltz3//+x//+5///ZW///3v//sOvGy//rcel2rv///////v9+b6Tzl9y0oPZMTf7/XXL/+v//////////////3f////3///7//8bE/rH/s///iv/E/8me97//rfX4/f///////+XGeewoAAAdNklEQVR4AezbRYIrMQxFUQUtJ3nFH5r3v8pmZlXSbrpnKE/NkgwAAAAAAAAAAAAAAAD4fibT2fzCbLqw+xa38YkBW1omv5NXdmOV/U5a2xaATZbfI1W1XagrPRzIGwPGWjbyh5RaM+vSk3i/tHGATe9PKHU2ZPkT/cTGALrGn6E8VPJnNK2NAPyRPyv7s5QNiFvJn/difGlAWJbHKBsQ1fYepY0BQWt5lNYGBFXyKFUWBGSPSxYEJI9LgwFMNHB0grzA+2UrAHxv/LUgYCKP0tKCgCF5VFPbhwNnp6YWBtSNxzT/LA5YyiM0sTGASgUOTuBfKlGMBkx6f6+ms7GASgW+0IAhlaxEA62dr1MabBvAVP6c8i2d4Jqm/7YlYMgq8IMGtE2JhwCw6v0VyoPtArDs/WWpNmA3piIjgPIzjY+NwvjkaCYG7FIl5hlKqMQ8+zb+dXv7+weHl46G7z7TmGdf0HB8cHLGnl1gNwzDABjWmMmvzCStsdM1UGa+/43GXHDHyZu+M/xGZbK5fAGRHuUuL4tGEnwjcHri7c5YIJbOFYhIqjeICNEsxVO+LI0785jwVaaMllrGIrQdV/ju9Pylfw2ReCsAbKFkpYxkqZUkYa5k+KS03+0MqrU36gLYvEDcWVrZXGtmI+Cf0s6P4bdCa762IDQWaJhoqbVZaDZ8MiM42TsGr4TG4rrM5ljoGH6YsJ8cCODQPCLp6DObZ2ErBV53vBkGDs0bwu2CpT4Fcy4wDm09SROl+iSJnQAwDm0Nmu1MgwxgHJqeKJH6AuwC49D0UiaqL6AsMA5Nz8hZajl5i/CelFLNk70UMA5Nyy3IpZFZiLbdzxa7dyoD20aciw3jwDg0rSHKpSOmvtkeCiHgUUAIo1vqI0n1AovwJRzazmg8uTMeTQP/rjNpoZ2ZiQDME/FiH0k9IpN/Nm7YtwuliGEoCqB8Ae5uu7i7uzR1qrRd3KHB/n+GpCkW3Mqkk/sFK2fve2lmfwKtYm1dEICIAwRhXSpO69x83Vmmv3vhnbdcMN4WU+tv/smCxqGtrAuirKiapuu6piqisLGWzse0r+5n/dm23rwP0tuW7ceFxi8FfgLNAKJsarpl2bbjuK5rmSJYqkjhc42+/tfqrKn3Uzfw85muzDR39X1opZsCZqY/QPN8z5LBekHqntN2Z1+ps5aFT25dpVOtfT9YKTg0AzvTkLMHaJ4fuApYT9vaO515pc4G67/QiD9Y0Dg04uxJoWFofs5ThK3a+jS12kL2levxKQ4lIWgr29gZVWh+EOR8Bezs7u7t16TkZ1zV2vlybPLb8aSgVWyI8WmTcpY7cEX58OgYZe+kLo/9dPfTzrJ9fBQmBm0NKGpcaDYF7VQDZ0dRkDXmf/rnmX90xqFVXAih+HqhHZwGMqq0OKxTq5/r/EdnHNoKCCGUH515/hNolxrYOXrI8T7LJ4MeutD6ZxN0xqEZogDhVTw5XVs1VTsgzhC0azeenbG0XXZXtd4Xg7O1ihNJENoyMJE0wYqcaVcQqVODIIicnV7nROXoaXZZHZ+lN1l6cC5wIQlCq9iQVRXxUmzLdqwrGMXKkUK7vD5V5MPn0hgdNzVUoSV8l8ShFSNouoJwaY7tKpBEIM4QtGtTjKE9SCtORaF1zie9b3Jomm4BCEPbcQEkCQPiDEFTaWhHe4xuaP//NyYOTbdCCEXXlSHJ9kOhXauAhnZ8wuKRs59y1sh5JAutgEDDpwDN0yCJ+VBo9OjE2WVv6NS3UoNzLulVk58610UVP9kwIbyyPVJpABda5Oz2UpGP6BzXsHcpQG1omXOuI2lom8C0EDQHIGCer26H22bkjEDLiWcvoe3nMZaC+U6q0BI/0XBoi4ISQbNDCNUg8P3gAIcMzlsb3wwwPzvr6EIb5jgSh1YEZB1fprsaHp74SuBJodErGskxa/cDw9SZs5VvaG+moLhuYQpnqL649MfQqNlJLjllCO/IOwvttMEoAM9dc5DVjVBvw9zdCAfbwSpztxR3yIo11N0tMHvMRdoglQSZ5Ox7gOjHlST/5TPz8okOaJ30G6hs0dr4nTmh1h1/EwFwcpdwjWOHgIKzOHDS7ljHWdDmBMCtq7U3pCCN5EbNx8bjxRPtiFypNZKidT5FEB0T0CxUK5D+cMPldvFTtMqmf2el+UmP1+cPBANrBFH/l17REXHem3OGwpFIlCEWifSFdgL5CXvL2gxCTU1psyFA6fWz69G//Fo6HwU5i0Z8ya0ymAi69AiCmF49ZjyzaTICmhuL81O0W1mZUwbsKDpAJYeNAp7+wMAA4ddgCkK2geCQd2c++xzui8RiI1lER6Njodw3V3L2BghtNglOcpVW7b4ETEMizl204w9hHfUZWrcOQRRMJ2Cz6eH0F53j2MQ4IxqfSzRpfXHjZUXJ2cnWWqiWzbQj3qmB4OCmBAbQaY8gx2AWGhuNjmxOLDYzfDynk2iQbDmWEJTdEpCiZVzFupxFI9j7CNZRnzt2fUYQ7Xs6oNmIjlM5Gx9PC2hupkbjdYlWrCXAgory0snJGgkEgmQsANu298IbRAODWxMcyEk1IDQ3OrIN0dGxYc6bE8zfkG4737IGKEg0hts6WGUkPHusJTrPbqrjtL3XyJWzEwRuWjYXhrnIuBZ38U00QJYlWkXBW2xrrKqvvykly2Zm2+B2b7UEogV0kIUgOr2TqxmLc3TK3Fa18CHOM6NZhqxCteXFEO34kk0tV2o7iY/QiOSpohpOk0qusiyvrGITa7LRAS2OYW6+fcBRARXvu42KttKrVmsd9adk2b/7babz7fQNDHIA9Ys4RaEjMzE6abKpFuJyqqUy9umXkKziYuGiLeGJpFEhV2lNjx9/RuCe94+NOhjW2xLJJP51XTYMi48TtmHucb69GbiSWaKBk3nlybaLpa3WdgmpGCMu16dz34jajBMBtPfIDlaGI7ERboyG2Td3ltPMaOhGe1Ohon3HcTyR6NEq5AqVWvlZqdEp5bD6MZ7ACZKMbLRtbqJEK/mPRBMIgIv3q1paaqkgln1LOKVk8Q+iOOMKOsWa70JED8CV6E8ny/ldBjkOIoeaCxTtSBInSeAWo04JK5QKWPGLvDN9ahvLFvjxqyIfjOu5rNJYpokd4iARFBaZUFOphiYhVW/2b2/f9zfbp94biCwgY9FBJjFZzCMwX2YDZoH3gH6h3wRncXfIZELv258zuhgc62jxlYRrSvSvl2wK68/nnnvuvef+xV/+x0+JZhWQbFeCttTZLxhFew6o4LiW4eHB3t6MrpgkOSnm/IZjRS3vAlk7Bo6sqNfcUFgEJ5w9w/gRjfllxSYS1X768vcJL//0Jz+p8QzJ9savIFh0eZoL3E4PtfO8JElnaBH6LT0bU/LucDbtVeyZd9NwPGusaL+useknFbBlSLYeCBTcb5BoxykHXIogVn82wCDPvJmGPPNvGq4wNl60VTJwOoNl+8XRFw0vJ9BxgQUTE0reNfJ42DY/o/IMUXjNbr7J212Du4cg+RYNDZwuXYsEW7QkZUcY16JlUhbzTevJpaJoBCVrOU3IjsfAksWCdcqfUyvkrKcJyxGwIpkRLSzjM12D5whf6+vlBe+i4YHzJyawWKZHfvxlEC2KOihQIJpES2iWawDjxdHEKmFkekazmpIqEyxYEF62skxdnlu5uka4OjVXUK0eucyBGa5PsNCs62upmppOW4Y/FNHC//O/Jn75Y8QvTY9EvgyipV2LxuO6T2xBtlxqqolXbHhpXJPNpsXBDDdrpdncYgSeEZ60WjMorFA1vRH5rh7TIqgg+ReNHctilFEGEFxcyRrQlo5+jmY+OOWhvrGkmIsXxYR5FVRW8hgtRJWgFebWcbBiXpnPmZ8LAyZlGjjFM7c5MNE5JPgWzRTZswsjYMEGCu9a+Esg2gDvWrTn6w2c2YUNFsyEiibTlGnW9JRqzs0Wo2AmNlUwD55s3aY34oVOsCLVJ/gUjR1DMVsZi4ElG7VfMnkz+9bXGQgKTWcIDRBNFCUJi4bGC2zPWAQs4UZNTmo48rFTKrZnfh2sWVTr1jiSeLIjdUXBGrZb8CcafsVlx1Jgw0T1a7a5eemt/7uz9XUIClza2xn1Tt5BMYHnhcz57m7RQbQRLe/wOkY0m6QsohgUNnk2i94cMg2FtKhzZiA57DXgugQ/orHTxoAtL8TAjkh2P5htvv3/v7179852qQkCAtsrGuPOCVe7i5Bh4t5m+guDA8MtDAMpwUE0HNCyyDNkmmYOaTigoXgWA6A3DYW0FqSOaKjNYFJDkg/RIgr6zEbAhuhIsRrM7t29u3W/VHoQGNHgJSTaTS+iiZKkK3Z+6OQPB84yDGe1AwmJFkbmmF/HzjMHZRpqiWBz1DVwYrGAQ5rjmgB/DpxoFXyIFjd+JbITYE0kPk62uVSD2cNS+Z13RyEwdIuednKzJ8WKYUSx9qHe7uHhTo5DiY5DRJvIOr+OMVEcAZWY01q6ugjOzOXQXwg7FG+EbnCmTfAsGp4KyBGwgEtMyJpMgtmjSjDbKT3+3dubmzNRCAqDormAT8MLPFmLSXd1DX7tay0sW28NB4nGjMuoBgt1wCFQi8Mz2FmjN7k5FpyJLSPRamtpPVLdgRMXQzyLxuQNXwnFKkYx8RklK6NgdmlzU398BILC13i6fWOYga6+2+d6GHDgNhLNYSqAB04LlowhTR7joMoaHjhDUI9XVDR3cDiv8wLUo413LxouWRBkOQSY0NI4KaBt5o3BbH8GxUJA6OQb1uHlJo/eMEq5HF/HGJw0y5eY2t2ORmtehbpE59F0YA2f13FzdD/pOaKNZg0ZWhEHs+aipuwFs7cOgtmTSjDTyWozcQ4CQhTXNzoaIRpeGbglG1/HEagLTuu0DTiAvZzD0tRnUrWbdzJnDKJJHbTXgbgXDadoShydQZzRsnvBbG/MNAQzWVGKIxwEBvaC2KgDxCdFu0X1EJppFYGChGa34MnN54wZGgf1CS2jtK7mdlz3R/cHeG+iccaXnLYKVdjEhKLIlWrGXX3MfJaZVfYejIYgUJyQGtSPmzFmyGIEp2g4ONUhOmMMg8/Sk9eMI6f6CtBw2WjnZSyNq6Y3Pa5FQ7MinKtG4iSYyZtyJZhtG4OZVmxmIGCkRDx2sg15w6cYqLKBUrQI0GAsocu3OFQVQyOny+nAcsz6GIV4km6FRfQkWrNirFpDhcqulZrSbE0wk7X8UpiFwMFdwKYlD72pB25SNJM3KsMCDc1G0cajNqLNMkDDOtJzveqMh6SV7ZU8ifYnFnMBpnlMUQzVjMdPHh1YllVm4jEIJLgMLpw+7BbMeMmBW8ApGhWrms0q1KuGQVCdAypCy9aiMcYFdeEEXULqTbQ/xaKRaoaWNawz1QYzeWIkCgElyeOzvkwDUjShFaowCzitpyJsk9mxKNtyFg1XebFoeJs63wk03BYOQTR5bGQal2afPMrjCUBA4V6SGhHSWtHcLYlEQ8ZQwCzQibZCKdplOtF66AvffkXLyySY4dJsdQKwEbxghnctN6C5aIdBX+klDqrEvIkGYzKVaHSTTvNf8yXasH/RCKg0Ww1mysJSGIJOCu/yE9oOfUDm28C/aMUslWhXGy9aoyKaVTAjY+ZYnIHgYz4AIPUc6tvEmQ7jNaJRiaZ6i2jqVeccrfERjUwASDAzlmZlRZ5OsBBkHDYuX2AO93opMc34Fy1GmaNNuRfN/6yz22d5Q97M15RmH9UGswgcGUwHLIRB8AXTKzkMxlFkTNx9eaOBs87oKeOHfrORdbRjSjWYHYyZtcFMKSaiEHCcTwDww+CH046bj1hURxtj/dfR3IsWwgVb61Ff6qMSbcjbykD01t4OoINqRrn0uBrMZAVXM44AppM8oq+rrofRm5NeMqpUlA2i0a4MUC5Bzcd8rQzAAI/XzurT2e51UT37LJiVd8qlJwfBLFvcYABzpLI0nFW5p6VddNxzjxfVs2GgoXi4a50raK2TweUe+tmAj2bJxWfBrHT/3v3SO5uVYBb0agZ9yzmhy6tpqVMiPnzLYtE8JGnMuN3uDdR1Q13xt3sjJeLKTH1ekryJdvz3+5lZqVwub+miPb6UV7SZnzNwRGHMzTR4j6alSF6Ml5+MRHCSBhSM2O5HY+eRMxw4gk6C4rkq7mCTZlyWIulF47YqwaxM0EXTCxuPstMJDo4ieMXIvWnIMwF71udUESMoIbflWsO5DHYuR9HyDDGFd9iiQ02udui9wHsTLfr0PtFs685OaV+03d9H4GjTbTZNSLe4z8/SkknYJGBGs/gwY13CDmcGFgt1D0FhYujMwHII0BbbGm+i4AxzXvQm2nu7umGlh/d0w/aHztJTqEcYAg1DzlsjxMzXwB1nT5mH4H7nbdl0IQ13DsgWa2QK5a65DWmvqvYniJkM/gyodlq5F+3P3t/W3dJF29rRPStt39sulXcv1vNMKwY76CV5q7bm/VE3svZbdK/rZS20GZdN2jiTwJ0DNlDt1QBqD1S/a19h0ulAsJCkr23Qi0YC2lZFtDtEtP0fd5vACeaWnF3YgCAzgC2pJGqtQEtnL3IVF+QcWhw0gyOxW+hAt8ygbdkG1Ml6y0/X7EZOwnEBv1hS9Od76EXjHpTv6INmaedOZejcIdqVS0+jYA/7lSzZTTQRI84lv94EQWSQeIKR+LYU0JBqQ+0PnTLpsOLctQWzhMfaJUPMilC1QHboCXMZN3zAtZ6o/Rsjxwo9idb0fmWiSZIzIppeSLuj/3LXwTR2Qtnc1FcS3n33nz54uvv++0+DvOaJETL9FEdoT7dbacoP2ldfUXLvlOOOmrwMO8whCT9yenOv4F586mt15uBCH0PrGb1ox98vkxyNCLZ1UODY2nEyjflK9u1H7z5553FJl2y3/OGH/9IJQYTptTRN5DPPJ8GJ1m7rvsG8bSRYxepkx+3VwJ34zNPUkLkPX5jes9wsi+zpEEz16xRYwSHP3ImmK7ZNpp13KiGN/GS7TEyzHBKZ9bd0x8q7u7ulhx/+4F/++6Mbb944DkEDF8GQaqQhNWtz41g/6oROk9uwRZNplxJgSWwCP2oxS500mbZ8FSzhpgr1B9rjJn2k9Fkwkzzpo4dt8v29/F83bZv8cGAa+Y3d73BQS7Tp63/7Xvl94tgOcUy/eEy/pke/tbMFjoRpqMX+D89FOaiBi3YO9w3Z3u0gph2G3JBFr+TRKJhJ3DJ7tgSYCJlG4pkkA2bCcyp+ULWou502myZ0dJpm2Wf8dOWOPiiXSUljbxqwVT4wbYukbe8/vbj/INd08W+flt/XKe/sxbF9xyq3Ev8bBJQUmjkaXeMzpNnewMDwsP6/EyeHzvO8JNo+juu9prwLo82McNjHCdT/HXXtc7rOQp1fjGIfJ62utYjQlRUFvuNsjSad/Rl0U5H78gYp1t4vVcdMYhpxTqf0/uN/unjx4neePrBzrEIKAgrTZzYNd6itIIiijWQ0nkF0Jmtxe93YzyNczX3+Exp+CHftw+tQSLXJyDPXmNcml1Xa66Asu/QK/PmTLwycbekcGOhPC0gzLwXbvVHz4b5pldFzR1+V2kNP+Am71bESO0ZA98MGikFBPOMfYSgFzqzm5byFavmZ0dHmUOhYfHTikoI0QwMn6q1HTMOo12ZXJhdDTa8tTr46r6pWT8xxLhqPiyJfAVnmSTT2gV5E26qatlUxrFQqE/R8DMcxK/41CoFloF3y7RmPZmkOLZARsqxoFWzughpjwJL1nN2l1hVy1n86z4A1g42/3e7r7xPD9k2rVNMIuzrIMVu+2wrBJYkSNdeIwukoOIDKsPTgBA2XLVyTu7YGNrB9fINFI1kaMaySp+083KGJY5h/gwDDtPF+hk/p1FmggZvW3HsWBltWCu49W3dOVxssGvOAGLZ9bwvFMXJvOnLsiIQ0TOsQ7zmc8X0pgMaYJi8kwB6W3jTsmT/TJMGjaND0QI9p5Ydl41h5/b+ukAv66fg3CDTM6XbBW3aWHgZqWHemZVE88zd6mj3DsHR5mtDbIXoUDZj3DmoXZGKpO1aJY9ffvEF+QsN3WyDYHO/g3avGZ04z4AI2rsh5Z9A1Ps4sojqZE+rsmteJEfKMOce7EA3xwX4ce/31G29W5bp+483XaUX7dwg6rX2C4G7QzLSlwCWJBYVy2FSWKBxem1UpPStMMVCfZFe9dJXvTcHXfIiWvHKlEsder41ibyDRHPhXFgJPT0c79bRA0qNZCtwTm9ZogpoyPgI0MFMqTVBTf7TIAg3cD88IdTNSP6JF/7XiizEve/3Kf9Hy3U44AqT603z9Cq4o8WLfMAPeGJmpO34qylIMKFmfLdRTLadORYCWZLf9V4DPDLs61/nVrzKAYA5Eu65PAjzx73Ak4Frb0mhNE8+5+EzXcBK8w8THnaKarGgTYaCHW3RWTc3NrYEzWLUML1lFs/bnk4BEw7vXkx8biVqI5pN/RfIG2bUfdg3psgkSimO6Y2K69/TXGPAJszGDVgKqZDX357aji5dVmxE0V1ieWnMf2G/38rwk1dakBT7dn0SdRZFoVPgX7bvfgyMEc+5230td7SKvIwi8Tvv53/zmk08+5eBwSCzNaIpRNjmraAvF5gh4YG1ltqCiOWhOLeTIff6eSN7u62onn/zeZ59+abCVgwMGpUaK5r6UFnySn36i8+lzrc/19LQMfKbzORwa3OpGcUxTnjFeXEpEwCvs2uLcnFrD8tzUegj8kOzpaT1x4kRrD7pvreuPK9p3k3Dk+ILI9QXs8Qv/opkJrR471hyPNx9LrK4y4JvQ2mtXX9G5+traWgwaRa9BtG74A3t30JNGEAVw/F04bzrZhBgrbWlnxUV1gFtbaBoFnQVsg714cdP0qCQNl36HHpueuHs1XPwUvZsoBQC0n6Ow4ACbAVgEk5H3Oz0TvGz+GSGGN48d2jcMbSm4TrQXjxWa8FXD0JaA62ZYmvIYmtyvHx29H/qzXBJDWwbD/4GiMfBCJ3Ln1203xHFx3REgI+kYmuoCBCYKGQu4ifK83HYDjovOfK3DU4Whbb+MFD1+FjAT/gWF5sfQniYt9opRM6hNrNEY3uOtY2gY2vRW4gnKprpmfsuYbaM5hoahaau/GTXDDmPF06ppYwVDmw6GFng3uOWB7RAYQ4+y4dXQ/vmH9twJDZ6UZObvGCeVTlwVZzypduaaM8tem9nXQEnkDTXlO5FkTg3ZfkjvtP3M0JP+WW4rdec/nbk+/HSTOihMP87b4+SrVx21Wq3S+N4Uc1P+WwcEVORfN6a/ssi975GuzVh3zhbyeZvbl05o3bnlhGa5nq7Kpe3b1li8eiVkm/25waWv3gUViY+RAgvpozpzLUpmUZjNcf8J8tZtqVSqO6HxQzHXs9YQ+wjUtccnhFYZiGsgtKo8UP4MVCPfjzbqK4SxD0x+S4xXhFtCulS+V7JuxewOzcppoCo9Z01/on1q9OemPDQ7CUoSl3YKRiImedmW+xsVbNMPM/HlBw60slDKlkeHxgOgrINJJ9phTRxiPF0Rc3rEy32gpjgNu5j01aoOA/S1uPPV17kcaOCzpaHdpuv96NwPOUdAWZm8NR7PNro+c4tbjZ72KMPVfL/qvoBTpJYIpYjfQWKnO5KtvSw6jzct/FK09cW+Ewdai6v/DljQ9mw+gd3jniVyPlDV2mtTtryGRhKOCKWuEh1sBWbly/G+1l1X1ub2/XzofsoHBBTmPzqbm10C6orRsIzZE5ahRZhdYPdM+NcjZueHYccaqE2fG1BanIY9ouuP+eQBCctVmlEggJB3IeqpsyB2hhZ/phmb2Bla/Dpfin830eLX+Zr0vQazQ4iEKJtiy2UKEHqYjc3xqZmG8ZYAQg+lx3YoM0dvudxaA4Tmwb8ajUhaMxk1EqcBQGhuSOceP0oZY05hjBmUBjeLGzogNF/6durjeqGQCAYThcJ6MbWNkf1vDw4JAAAAAAT9f+0NAwAAAAAAAAAAAAAAAAAAAOwFe5jqBuKHM9gAAAAASUVORK5CYII=\" /><br />\r\n&nbsp;</p>\r\n','2020-04-07 17:22:17',5,'\\images\\none.png','\\images\\none.png',NULL),(3,1077,'admin','설마 이거때문에 오류는 아니겠찌?',' 에이 설마요~','2020-04-13 18:10:00',0,'as','as',1),(0,1109,'admin','테스트','<p>ckedisdf</p>\r\n\r\n<p>sdfs</p>\r\n\r\n<p>sdfsdf</p>\r\n\r\n<p>sdfsdf</p>\r\n','2020-04-14 17:33:18',2,'/images/none.png','/images/none.png',NULL),(1,1141,'admin','sdfsdf','<p>asdasd</p>\r\n','2020-04-14 19:23:23',1,'/images/none.png','/images/none.png',NULL),(0,1142,'admin','3245','<p>345345</p>\r\n','2020-04-14 19:25:31',0,'/images/none.png','/images/none.png',NULL),(0,1143,'admin','sdfsdf','<p>sdfsdf</p>\r\n','2020-04-14 19:33:44',0,'/images/none.png','/images/none.png',NULL),(3,1144,'회원1','sdf','sfd','2020-04-16 15:20:34',0,NULL,NULL,204),(0,1145,'admin','이미지없으','<p>업성</p>\r\n','2020-04-16 15:21:26',0,'/images/null.png','/images/null.png',NULL),(0,1146,'admin','ㅁㄴㅇ','<p>ㅁㄴㅇ</p>\r\n','2020-04-16 15:21:44',0,'/images/null.png','/images/null.png',NULL),(0,1147,'admin','ㄴㅇㄹ','<p>ㄴㅁㅇ</p>\r\n','2020-04-16 15:22:33',0,'/images/null.png','/images/null.png',NULL),(0,1148,'admin','ㄴㅇㄹ','<p>ㄴㅇㄹ</p>\r\n','2020-04-16 15:22:58',0,'/images/null.png','/images/null.png',NULL),(3,1149,'admin','후기가 제대로 들어갈까요?','쇼핑하기에 나오면 좋겠다 제발','2020-04-16 19:22:07',0,NULL,NULL,1109),(3,1150,'admin','후기들어갑니까?','여기서저기로?','2020-04-17 13:33:28',0,NULL,NULL,1),(3,1151,'회원1','테스팅','이게 올라가긴 할까','2020-04-17 14:05:43',0,NULL,NULL,204),(3,1152,'회원1','test','올라갈까 사진이','2020-04-17 14:09:32',0,NULL,NULL,204),(3,1153,'회원1','sdafa','sdaf','2020-04-17 14:12:13',0,'\\imgUpload\\2020\\04\\17\\C:\\Companion\\\\images\\none.png','\\imgUpload\\2020\\04\\17\\s\\s_C:\\Companion\\\\images\\none.png',204),(3,1154,'회원1','sdf','asfdsfda','2020-04-17 14:17:02',0,'\\imgUpload\\2020\\04\\17\\C:\\Companion\\\\images\\none.png','\\imgUpload\\2020\\04\\17\\s\\s_C:\\Companion\\\\images\\none.png',204),(1,1155,'admin','sdf','<p>sdf</p>\r\n','2020-04-17 14:35:46',0,'/images/null.png','/images/null.png',NULL),(3,1156,'회원1','asfd','fsda','2020-04-17 14:58:34',0,'\\imgUpload\\2020\\04\\17\\8a79e277-9d4b-42b4-baac-5c225e3648be_KakaoTalk_20200403_122627811.jpg','\\imgUpload\\2020\\04\\17\\s\\s_8a79e277-9d4b-42b4-baac-5c225e3648be_KakaoTalk_20200403_122627811.jpg',204),(2,1157,'admin','[주문/결제] 주문 취소는 어떻게 하나요?','<p>주문은 상품준비중 단계에서만 취소가 가능합니다.</p>\r\n\r\n<p><strong><span style=\"color:#ff0000\">&nbsp;&nbsp;* 배송준비중 단계에서는 주문 취소 처리가 불가합니다.</span></strong></p>\r\n','2020-04-17 15:10:24',0,NULL,NULL,NULL),(3,1158,'dmswjd12','이미지 안넣음 안돼?','ㄴㄴ','2020-04-17 16:57:37',0,'\\imgUpload\\2020\\04\\17\\6227a7dd-b088-48c3-98f5-f57a1573b2de_그린트리 샴푸.jpg','\\imgUpload\\2020\\04\\17\\s\\s_6227a7dd-b088-48c3-98f5-f57a1573b2de_그린트리 샴푸.jpg',1),(3,1159,'회원1','asfd','sfda','2020-04-17 17:34:27',0,NULL,NULL,204),(3,1160,'1111','2323','2323','2020-04-17 18:05:45',0,'\\imgUpload\\2020\\04\\17\\8cd7858c-aa8d-47d7-94e9-2a51570db80c_123.png','\\imgUpload\\2020\\04\\17\\s\\s_8cd7858c-aa8d-47d7-94e9-2a51570db80c_123.png',97);
/*!40000 ALTER TABLE `article` ENABLE KEYS */;
UNLOCK TABLES;

--
-- Table structure for table `board`
--

DROP TABLE IF EXISTS `board`;
/*!40101 SET @saved_cs_client     = @@character_set_client */;
/*!50503 SET character_set_client = utf8mb4 */;
CREATE TABLE `board` (
  `board_id` int(11) NOT NULL COMMENT '게시판ID',
  `board_type` varchar(20) NOT NULL COMMENT '게시판종류',
  PRIMARY KEY (`board_id`)
) ENGINE=InnoDB DEFAULT CHARSET=utf8;
/*!40101 SET character_set_client = @saved_cs_client */;

--
-- Dumping data for table `board`
--

LOCK TABLES `board` WRITE;
/*!40000 ALTER TABLE `board` DISABLE KEYS */;
INSERT INTO `board` VALUES (0,'공지사항'),(1,'이벤트'),(2,'FAQ'),(3,'후기');
/*!40000 ALTER TABLE `board` ENABLE KEYS */;
UNLOCK TABLES;

--
-- Table structure for table `cart`
--

DROP TABLE IF EXISTS `cart`;
/*!40101 SET @saved_cs_client     = @@character_set_client */;
/*!50503 SET character_set_client = utf8mb4 */;
CREATE TABLE `cart` (
  `cart_id` int(11) NOT NULL COMMENT '장바구니ID',
  `member_id` varchar(20) NOT NULL COMMENT '회원ID',
  `product_id` int(11) NOT NULL COMMENT '상품ID',
  `cart_quantity` int(11) NOT NULL DEFAULT '1' COMMENT '장바구니수량',
  `cart_option` varchar(20) NOT NULL DEFAULT '1',
  PRIMARY KEY (`cart_id`,`product_id`,`member_id`),
  KEY `FK_product_cart_1` (`product_id`),
  KEY `FK_member_cart_2` (`member_id`),
  CONSTRAINT `FK_member_cart_2` FOREIGN KEY (`member_id`) REFERENCES `member` (`member_id`),
  CONSTRAINT `FK_product_cart_1` FOREIGN KEY (`product_id`) REFERENCES `product` (`product_id`)
) ENGINE=InnoDB DEFAULT CHARSET=utf8;
/*!40101 SET character_set_client = @saved_cs_client */;

--
-- Dumping data for table `cart`
--

LOCK TABLES `cart` WRITE;
/*!40000 ALTER TABLE `cart` DISABLE KEYS */;
INSERT INTO `cart` VALUES (2983880,'회원1',38,4,'상품옵션238'),(3228720,'2222',10,4,'옵션2'),(3674127,'admin',1110,1,'옵션1'),(4642848,'dmswjd12',1110,1,'옵션1'),(8678310,'회원1',282,6,'1');
/*!40000 ALTER TABLE `cart` ENABLE KEYS */;
UNLOCK TABLES;

--
-- Table structure for table `category`
--

DROP TABLE IF EXISTS `category`;
/*!40101 SET @saved_cs_client     = @@character_set_client */;
/*!50503 SET character_set_client = utf8mb4 */;
CREATE TABLE `category` (
  `category_id` int(11) NOT NULL COMMENT '분류ID',
  `category_refid` int(11) DEFAULT NULL COMMENT '분류참조ID',
  `category_name` varchar(20) NOT NULL COMMENT '분류이름',
  PRIMARY KEY (`category_id`),
  KEY `FK_category_category` (`category_refid`),
  CONSTRAINT `FK_category_category` FOREIGN KEY (`category_refid`) REFERENCES `category` (`category_id`)
) ENGINE=InnoDB DEFAULT CHARSET=utf8;
/*!40101 SET character_set_client = @saved_cs_client */;

--
-- Dumping data for table `category`
--

LOCK TABLES `category` WRITE;
/*!40000 ALTER TABLE `category` DISABLE KEYS */;
INSERT INTO `category` VALUES (100,NULL,'사료'),(200,NULL,'간식'),(300,NULL,'장난감'),(400,NULL,'미용용품'),(500,NULL,'목욕용품'),(600,NULL,'위생용품'),(700,NULL,'산책용품'),(701,700,'테스트1'),(702,700,'테스트2'),(703,700,'테스트3');
/*!40000 ALTER TABLE `category` ENABLE KEYS */;
UNLOCK TABLES;

--
-- Table structure for table `comment`
--

DROP TABLE IF EXISTS `comment`;
/*!40101 SET @saved_cs_client     = @@character_set_client */;
/*!50503 SET character_set_client = utf8mb4 */;
CREATE TABLE `comment` (
  `article_id` int(11) NOT NULL COMMENT '게시글ID',
  `comment_id` int(11) NOT NULL AUTO_INCREMENT COMMENT '댓글ID',
  `member_id` varchar(20) NOT NULL COMMENT '회원ID',
  `comment_content` text NOT NULL COMMENT '댓글내용',
  `comment_date` datetime NOT NULL COMMENT '댓글작성일',
  `comment_groupnum` int(11) NOT NULL COMMENT '댓글그룹번호',
  `comment_groupord` int(11) NOT NULL COMMENT '댓글그룹순서',
  `comment_depth` int(11) NOT NULL COMMENT '댓글깊이',
  PRIMARY KEY (`comment_id`,`article_id`,`member_id`),
  KEY `FK_article_comment_1` (`article_id`),
  KEY `FK_member_comment_2` (`member_id`),
  CONSTRAINT `FK_article_comment_1` FOREIGN KEY (`article_id`) REFERENCES `article` (`article_id`),
  CONSTRAINT `FK_member_comment_2` FOREIGN KEY (`member_id`) REFERENCES `member` (`member_id`)
) ENGINE=InnoDB DEFAULT CHARSET=utf8;
/*!40101 SET character_set_client = @saved_cs_client */;

--
-- Dumping data for table `comment`
--

LOCK TABLES `comment` WRITE;
/*!40000 ALTER TABLE `comment` DISABLE KEYS */;
/*!40000 ALTER TABLE `comment` ENABLE KEYS */;
UNLOCK TABLES;

--
-- Table structure for table `coupon`
--

DROP TABLE IF EXISTS `coupon`;
/*!40101 SET @saved_cs_client     = @@character_set_client */;
/*!50503 SET character_set_client = utf8mb4 */;
CREATE TABLE `coupon` (
  `coupon_id` int(11) NOT NULL COMMENT '쿠폰ID',
  `coupon_name` varchar(20) NOT NULL COMMENT '쿠폰이름',
  `coupon_enddate` datetime NOT NULL COMMENT '쿠폰기한',
  `coupon_sale` int(11) NOT NULL COMMENT '쿠폰할인율',
  PRIMARY KEY (`coupon_id`)
) ENGINE=InnoDB DEFAULT CHARSET=utf8;
/*!40101 SET character_set_client = @saved_cs_client */;

--
-- Dumping data for table `coupon`
--

LOCK TABLES `coupon` WRITE;
/*!40000 ALTER TABLE `coupon` DISABLE KEYS */;
/*!40000 ALTER TABLE `coupon` ENABLE KEYS */;
UNLOCK TABLES;

--
-- Table structure for table `coupon_list`
--

DROP TABLE IF EXISTS `coupon_list`;
/*!40101 SET @saved_cs_client     = @@character_set_client */;
/*!50503 SET character_set_client = utf8mb4 */;
CREATE TABLE `coupon_list` (
  `coupon_list` int(11) NOT NULL AUTO_INCREMENT COMMENT '쿠폰목록ID',
  `coupon_id` int(11) NOT NULL COMMENT '쿠폰ID',
  `member_id` varchar(20) NOT NULL COMMENT '회원ID',
  `coupon_state_id` int(11) NOT NULL DEFAULT '0' COMMENT '쿠폰상태ID',
  PRIMARY KEY (`coupon_list`,`coupon_state_id`,`coupon_id`,`member_id`),
  KEY `FK_coupon_coupon_list_1` (`coupon_id`),
  KEY `FK_coupon_state_coupon_list_2` (`coupon_state_id`),
  KEY `FK_member_coupon_list_3` (`member_id`),
  CONSTRAINT `FK_coupon_coupon_list_1` FOREIGN KEY (`coupon_id`) REFERENCES `coupon` (`coupon_id`),
  CONSTRAINT `FK_coupon_state_coupon_list_2` FOREIGN KEY (`coupon_state_id`) REFERENCES `coupon_state` (`coupon_state_id`),
  CONSTRAINT `FK_member_coupon_list_3` FOREIGN KEY (`member_id`) REFERENCES `member` (`member_id`)
) ENGINE=InnoDB DEFAULT CHARSET=utf8;
/*!40101 SET character_set_client = @saved_cs_client */;

--
-- Dumping data for table `coupon_list`
--

LOCK TABLES `coupon_list` WRITE;
/*!40000 ALTER TABLE `coupon_list` DISABLE KEYS */;
/*!40000 ALTER TABLE `coupon_list` ENABLE KEYS */;
UNLOCK TABLES;

--
-- Table structure for table `coupon_state`
--

DROP TABLE IF EXISTS `coupon_state`;
/*!40101 SET @saved_cs_client     = @@character_set_client */;
/*!50503 SET character_set_client = utf8mb4 */;
CREATE TABLE `coupon_state` (
  `coupon_state_id` int(11) NOT NULL COMMENT '쿠폰상태ID',
  `coupon_state_name` varchar(20) NOT NULL COMMENT '쿠폰상태이름',
  PRIMARY KEY (`coupon_state_id`)
) ENGINE=InnoDB DEFAULT CHARSET=utf8;
/*!40101 SET character_set_client = @saved_cs_client */;

--
-- Dumping data for table `coupon_state`
--

LOCK TABLES `coupon_state` WRITE;
/*!40000 ALTER TABLE `coupon_state` DISABLE KEYS */;
INSERT INTO `coupon_state` VALUES (0,'미사용'),(1,'사용'),(2,'기한경과');
/*!40000 ALTER TABLE `coupon_state` ENABLE KEYS */;
UNLOCK TABLES;

--
-- Table structure for table `delivery`
--

DROP TABLE IF EXISTS `delivery`;
/*!40101 SET @saved_cs_client     = @@character_set_client */;
/*!50503 SET character_set_client = utf8mb4 */;
CREATE TABLE `delivery` (
  `delivery_id` int(11) NOT NULL AUTO_INCREMENT COMMENT '택배ID',
  `order_id` int(11) NOT NULL COMMENT '주문ID',
  `member_id` varchar(20) NOT NULL COMMENT '회원ID',
  `delivery_company` varchar(20) NOT NULL COMMENT '배송택배회사',
  `delivery_number` varchar(30) NOT NULL COMMENT '배송송장번호',
  `delivery_state_id` int(11) NOT NULL DEFAULT '0' COMMENT '택배상태ID',
  PRIMARY KEY (`delivery_id`,`delivery_state_id`,`order_id`,`member_id`),
  KEY `FK_order_delivery_1` (`order_id`),
  KEY `FK_member_delivery_2` (`member_id`),
  KEY `FK_delivery_state_delivery_3` (`delivery_state_id`),
  CONSTRAINT `FK_delivery_state_delivery_3` FOREIGN KEY (`delivery_state_id`) REFERENCES `delivery_state` (`delivery_state_id`),
  CONSTRAINT `FK_member_delivery_2` FOREIGN KEY (`member_id`) REFERENCES `member` (`member_id`),
  CONSTRAINT `FK_order_delivery_1` FOREIGN KEY (`order_id`) REFERENCES `order` (`order_id`)
) ENGINE=InnoDB AUTO_INCREMENT=91 DEFAULT CHARSET=utf8;
/*!40101 SET character_set_client = @saved_cs_client */;

--
-- Dumping data for table `delivery`
--

LOCK TABLES `delivery` WRITE;
/*!40000 ALTER TABLE `delivery` DISABLE KEYS */;
INSERT INTO `delivery` VALUES (1,80,'1111','비트택배','83099718934949',0),(2,82,'1111','비트택배','71385352007472',0),(3,83,'1111','비트택배','86742853454074',0),(4,84,'1111','비트택배','21558734049609',0),(5,85,'1111','비트택배','47565112959188',0),(6,86,'1111','비트택배','73149365720478',0),(7,87,'1111','비트택배','23051492798190',0),(8,88,'1111','비트택배','95809369902880',0),(9,89,'1111','비트택배','9892374193195',0),(10,90,'1111','비트택배','62033764330701',0),(11,91,'1111','비트택배','80491702147286',0),(12,92,'1111','비트택배','16357220817689',0),(13,93,'1111','비트택배','40311000719956',0),(14,94,'1111','비트택배','52483344220075',0),(15,95,'1111','비트택배','41483722013871',0),(16,96,'1111','비트택배','49968580482498',0),(17,97,'1111','비트택배','25391739444240',0),(18,98,'1111','비트택배','77052958847072',0),(19,99,'1111','비트택배','9089578976006',0),(20,100,'1111','비트택배','14289021412179',0),(21,101,'1111','비트택배','44176373206243',0),(22,102,'1111','비트택배','78014804868041',0),(23,103,'1111','비트택배','57544907794841',0),(24,104,'1111','비트택배','53680127443447',0),(25,105,'1111','비트택배','95765916906079',0),(26,106,'1111','비트택배','17789205273417',0),(27,107,'1111','비트택배','1648278722211',0),(28,108,'1111','비트택배','54873780864173',0),(29,109,'1111','비트택배','69424071227595',0),(30,110,'1111','비트택배','82499016618820',0),(31,111,'1111','비트택배','4222872484682',0),(32,112,'1111','비트택배','73617315640316',0),(33,113,'1111','비트택배','55417963820898',0),(34,114,'1111','비트택배','56237875256908',0),(35,115,'1111','비트택배','14935487895212',0),(36,116,'1111','비트택배','5963816778700',0),(37,117,'1111','비트택배','85012623281229',0),(38,118,'1111','비트택배','7171669143411',0),(39,119,'1111','비트택배','80820478946734',0),(40,120,'1111','비트택배','82587390376801',0),(41,121,'1111','비트택배','70475518117170',0),(42,122,'1111','비트택배','4615422528810',0),(43,123,'1111','비트택배','11650561365904',0),(44,124,'1111','비트택배','44406542316457',0),(45,125,'1111','비트택배','87081030557938',0),(46,126,'1111','비트택배','2185528913685',0),(47,127,'1111','비트택배','49684555967975',0),(48,128,'1111','비트택배','41866196172187',0),(49,129,'1111','비트택배','60277316030373',0),(50,130,'1111','비트택배','75787994708668',0),(51,131,'1111','비트택배','98108028525587',0),(52,132,'1111','비트택배','63176161575295',0),(53,133,'1111','비트택배','21556725373078',0),(54,134,'1111','비트택배','97727963419377',0),(55,136,'1111','비트택배','35110262907212',0),(56,137,'2222','비트택배','28405646447470',0),(57,138,'2222','비트택배','45166609012676',0),(58,139,'2222','비트택배','40616108794339',0),(59,140,'2222','비트택배','67580720007029',0),(60,143,'2222','비트택배','16055276725492',0),(61,145,'2222','비트택배','77534226679740',0),(62,156,'1111','비트택배','52460671078842',0),(63,157,'1111','비트택배','67410392283844',0),(64,158,'1111','비트택배','79669951256057',0),(65,159,'1111','비트택배','63092706690628',0),(66,160,'1111','비트택배','12594772328245',0),(67,161,'1111','비트택배','73695744642704',0),(68,162,'1111','비트택배','29118958422093',0),(69,163,'1111','비트택배','93208143946908',0),(70,164,'1111','비트택배','78683847541626',0),(71,165,'1111','비트택배','43534837983115',0),(72,166,'1111','비트택배','80602206085438',0),(73,167,'1111','비트택배','77901062162500',2),(74,168,'1111','비트택배','88027701329465',0),(75,170,'dmswjd12','비트택배','47068925897655',0),(76,171,'회원1','비트택배','95199356144835',1),(78,172,'1111','비트택배','23925951424917',2),(79,173,'1111','비트택배','83068871948000',2),(80,174,'1111','비트택배','19237248338048',2),(81,175,'1111','비트택배','20084720216770',2),(82,176,'1111','비트택배','56708791718547',2);
/*!40000 ALTER TABLE `delivery` ENABLE KEYS */;
UNLOCK TABLES;

--
-- Table structure for table `delivery_state`
--

DROP TABLE IF EXISTS `delivery_state`;
/*!40101 SET @saved_cs_client     = @@character_set_client */;
/*!50503 SET character_set_client = utf8mb4 */;
CREATE TABLE `delivery_state` (
  `delivery_state_id` int(11) NOT NULL COMMENT '배송상태ID',
  `delivery_state_name` varchar(20) NOT NULL COMMENT '배송상태이름',
  PRIMARY KEY (`delivery_state_id`)
) ENGINE=InnoDB DEFAULT CHARSET=utf8;
/*!40101 SET character_set_client = @saved_cs_client */;

--
-- Dumping data for table `delivery_state`
--

LOCK TABLES `delivery_state` WRITE;
/*!40000 ALTER TABLE `delivery_state` DISABLE KEYS */;
INSERT INTO `delivery_state` VALUES (0,'배송준비중'),(1,'배송중'),(2,'배송완료');
/*!40000 ALTER TABLE `delivery_state` ENABLE KEYS */;
UNLOCK TABLES;

--
-- Table structure for table `grade`
--

DROP TABLE IF EXISTS `grade`;
/*!40101 SET @saved_cs_client     = @@character_set_client */;
/*!50503 SET character_set_client = utf8mb4 */;
CREATE TABLE `grade` (
  `grade_id` int(11) NOT NULL COMMENT '회원등급ID',
  `grade_name` varchar(20) NOT NULL COMMENT '회원등급이름',
  PRIMARY KEY (`grade_id`)
) ENGINE=InnoDB DEFAULT CHARSET=utf8;
/*!40101 SET character_set_client = @saved_cs_client */;

--
-- Dumping data for table `grade`
--

LOCK TABLES `grade` WRITE;
/*!40000 ALTER TABLE `grade` DISABLE KEYS */;
INSERT INTO `grade` VALUES (0,'최고관리자'),(1,'관리자'),(2,'회원');
/*!40000 ALTER TABLE `grade` ENABLE KEYS */;
UNLOCK TABLES;

--
-- Table structure for table `like`
--

DROP TABLE IF EXISTS `like`;
/*!40101 SET @saved_cs_client     = @@character_set_client */;
/*!50503 SET character_set_client = utf8mb4 */;
CREATE TABLE `like` (
  `like_id` int(11) NOT NULL AUTO_INCREMENT COMMENT '좋아요ID',
  `member_id` varchar(20) NOT NULL COMMENT '회원ID',
  `product_id` int(11) NOT NULL COMMENT '상품ID',
  PRIMARY KEY (`like_id`,`product_id`,`member_id`),
  KEY `FK_product_like_1` (`product_id`),
  KEY `FK_member_like_2` (`member_id`),
  CONSTRAINT `FK_member_like_2` FOREIGN KEY (`member_id`) REFERENCES `member` (`member_id`),
  CONSTRAINT `FK_product_like_1` FOREIGN KEY (`product_id`) REFERENCES `product` (`product_id`)
) ENGINE=InnoDB AUTO_INCREMENT=251 DEFAULT CHARSET=utf8;
/*!40101 SET character_set_client = @saved_cs_client */;

--
-- Dumping data for table `like`
--

LOCK TABLES `like` WRITE;
/*!40000 ALTER TABLE `like` DISABLE KEYS */;
INSERT INTO `like` VALUES (9,'회원2',1),(10,'회원3',1),(11,'회원4',1),(12,'회원5',1),(13,'회원6',1),(217,'1111',1),(221,'회원1',1),(250,'dmswjd12',1),(222,'회원1',2),(248,'admin',2),(216,'admin',3),(218,'1111',3),(223,'회원1',3),(219,'1111',8),(224,'회원1',9),(190,'2222',10),(230,'1111',10),(4,'회원1',11),(191,'2222',11),(245,'admin',11),(162,'1111',13),(128,'1111',16),(176,'1111',17),(236,'1111',18),(165,'1111',20),(192,'2222',20),(5,'회원2',21),(150,'1111',23),(246,'2222',23),(234,'1111',24),(115,'1111',26),(132,'1111',27),(167,'1111',29),(160,'1111',30),(6,'회원3',31),(117,'1111',35),(159,'1111',36),(174,'1111',37),(151,'1111',38),(152,'1111',40),(7,'회원4',41),(175,'1111',46),(142,'1111',48),(154,'1111',50),(8,'회원5',51),(209,'1111',51),(212,'admin',51),(207,'1111',52),(208,'1111',53),(213,'admin',53),(210,'1111',56),(214,'admin',58),(198,'2222',60),(18,'회원10',61),(28,'회원9',61),(177,'1111',69),(172,'1111',70),(220,'1111',96),(179,'1111',97),(188,'2222',97),(225,'회원1',99),(81,'1111',104),(182,'2222',104),(226,'회원1',107),(180,'1111',111),(184,'2222',111),(187,'2222',118),(181,'1111',119),(185,'2222',119),(169,'1111',121),(173,'1111',122),(163,'1111',123),(227,'회원1',123),(228,'회원1',124),(193,'2222',145),(194,'2222',148),(195,'2222',156),(197,'2222',159),(196,'2222',160),(170,'1111',161),(171,'1111',163),(161,'1111',164),(135,'1111',166),(136,'1111',170),(137,'1111',176),(153,'1111',201),(122,'1111',202),(141,'1111',241),(157,'1111',244),(104,'1111',246),(168,'1111',252),(211,'1111',285),(140,'1111',286),(199,'2222',289),(215,'admin',295),(200,'2222',300),(201,'2222',308),(155,'1111',322),(178,'1111',323),(229,'1111',327),(202,'2222',461),(203,'2222',468),(204,'2222',480),(205,'2222',484),(235,'admin',910),(244,'1111',911),(238,'admin',912),(241,'1111',1106),(240,'admin',1107),(243,'admin',1110),(249,'admin',1114);
/*!40000 ALTER TABLE `like` ENABLE KEYS */;
UNLOCK TABLES;

--
-- Table structure for table `member`
--

DROP TABLE IF EXISTS `member`;
/*!40101 SET @saved_cs_client     = @@character_set_client */;
/*!50503 SET character_set_client = utf8mb4 */;
CREATE TABLE `member` (
  `member_id` varchar(20) NOT NULL COMMENT '회원ID',
  `member_pw` varchar(30) NOT NULL COMMENT '회원PW',
  `member_name` varchar(10) NOT NULL COMMENT '회원이름',
  `member_tel` varchar(13) DEFAULT NULL COMMENT '회원일반전화',
  `member_phone` varchar(13) NOT NULL COMMENT '회원휴대전화',
  `member_email` varchar(50) NOT NULL COMMENT '회원이메일',
  `member_addr1` varchar(20) NOT NULL COMMENT '회원주소1',
  `member_addr2` varchar(100) NOT NULL COMMENT '회원주소2',
  `member_addr3` varchar(100) NOT NULL COMMENT '회원주소3',
  `member_grade` int(11) NOT NULL DEFAULT '2' COMMENT '회원등급',
  PRIMARY KEY (`member_id`,`member_grade`),
  KEY `FK_grade_member` (`member_grade`),
  CONSTRAINT `FK_grade_member` FOREIGN KEY (`member_grade`) REFERENCES `grade` (`grade_id`)
) ENGINE=InnoDB DEFAULT CHARSET=utf8;
/*!40101 SET character_set_client = @saved_cs_client */;

--
-- Dumping data for table `member`
--

LOCK TABLES `member` WRITE;
/*!40000 ALTER TABLE `member` DISABLE KEYS */;
INSERT INTO `member` VALUES ('1111','1111','testertes','02-1234-5678','010-1234-5678','test@test.com','06611','서울 서초구 강남대로 459','빌딩3층 비트캠프',2),('1212','1q2w3e4r!','zxfzdsf','','23524234','asd@sdf.com','345345345','345345345','345345345',2),('2222','1111','teste','02-1234-5678','010-1234-5678','tester@test.co.kr','01234','서울 강남 어딘가','11번지 11',1),('admin','1234','어드민','해당없음','01011112222','admin@admin.com','55555','서울시','비트캠프',0),('dmswjd12','dmswjd@123','김은정','051-627-5123','01011117262','kugsan5114@naver.com','06611','서울 서초구 강남대로 459','3층 비트캠프야',2),('qwer','kiku0990!','최재만','01057459996','01057459996','kiku02@naver.com','07718','서울 강서구 가로공원로 173','1235',2),('Test','1q2w3e4r!','Tester','02-1212-1212','010-2121-2121','euni8912@gmail.com','06035','서울 강남구 강남대로 616','12121212',1),('test01','1234','테스터','테스트일반전화','테스트휴대전화','test@test.com','주소1','주소2','주소3',2),('tester01','EoABymbM!#','Tester','0211111111','01011111111','rose_ensis@naver.com','01234','대한민국 어딘가','비트캠프?',1),('회원1','1111','회원이름1','0212345678sdf','01012345678','test@test.com','회원주소11','회원주소21','회원주소31',2),('회원10','회원PW10','ㄴㅇ3','132asd','회원휴대전화10','이메일주소10','회원주소110','회원주소210','회원주소310',1),('회원11','회원PW11','회원이름11','회원일반전화11','회원휴대전화11','이메일주소11','회원주소111','회원주소211','회원주소311',2),('회원12','회원PW12','sdsdfsdfㅇ','아니운영자','회원휴대전화12','이메일주소12','회원주소112','회원주소212','회원주소312',1),('회원13','회원PW13','회원이름13','회원일반전화13','회원휴대전화13','이메일주소13','회원주소113','회원주소213','회원주소313',2),('회원14','회원PW14','회원이름14s','회원일반전화14','회원휴대전화14','이메일주소14','회원주소114','회원주소214','회원주소314',2),('회원15','회원PW15','회원이름15asd','회원일반전화15','회원휴대전화15','이메일주소15','회원주소115','회원주소215','회원주소315',2),('회원16','회원PW16','회원이름16','회원일반전화16','회원휴대전화16','이메일주소16','회원주소116','회원주소216','회원주소316',2),('회원17','회원PW17','회원이름17','회원일반전화17','회원휴대전화17','이메일주소17','회원주소117','회원주소217','회원주소317',2),('회원18','회원PW18','회원이름18','회원일반전화18','회원휴대전화18','이메일주소18','회원주소118','회원주소218','회원주소318',2),('회원19','회원PW19','회원이름19','회원일반전화19','회원휴대전화19','이메일주소19','회원주소119','회원주소219','회원주소319',2),('회원2','회원PW2','회원이름2','회원일반전화2','회원휴대전화2','이메일주소2','회원주소12','회원주소22','회원주소32',2),('회원20','회원PW20','회원이름20','회원일반전화20','회원휴대전화20','이메일주소20','회원주소120','회원주소220','회원주소320',2),('회원21','회원PW21','회원이름21','회원일반전화21','회원휴대전화21','이메일주소21','회원주소121','회원주소221','회원주소321',2),('회원22','회원PW22','회원이름22','회원일반전화22','회원휴대전화22','이메일주소22','회원주소122','회원주소222','회원주소322',2),('회원23','회원PW23','회원이름23','회원일반전화23','회원휴대전화23','이메일주소23','회원주소123','회원주소223','회원주소323',2),('회원24','회원PW24','회원이름24','회원일반전화24','회원휴대전화24','이메일주소24','회원주소124','회원주소224','회원주소324',2),('회원25','회원PW25','회원이름25','회원일반전화25','회원휴대전화25','이메일주소25','회원주소125','회원주소225','회원주소325',2),('회원26','회원PW26','회원이름26','회원일반전화26','회원휴대전화26','이메일주소26','회원주소126','회원주소226','회원주소326',2),('회원27','회원PW27','회원이름27','회원일반전화27','회원휴대전화27','이메일주소27','회원주소127','회원주소227','회원주소327',2),('회원28','회원PW28','회원이름28','회원일반전화28','회원휴대전화28','이메일주소28','회원주소128','회원주소228','회원주소328',2),('회원29','회원PW29','회원이름29','회원일반전화29','회원휴대전화29','이메일주소29','회원주소129','회원주소229','회원주소329',2),('회원3','회원PW3','회원이름3','회원일반전화3','회원휴대전화3','이메일주소3','회원주소13','회원주소23','회원주소33',2),('회원30','회원PW30','회원이름30','회원일반전화30','회원휴대전화30','이메일주소30','회원주소130','회원주소230','회원주소330',2),('회원31','회원PW31','회원이름31','회원일반전화31','회원휴대전화31','이메일주소31','회원주소131','회원주소231','회원주소331',2),('회원32','회원PW32','회원이름32','회원일반전화32','회원휴대전화32','이메일주소32','회원주소132','회원주소232','회원주소332',2),('회원33','회원PW33','회원이름33','회원일반전화33','회원휴대전화33','이메일주소33','회원주소133','회원주소233','회원주소333',2),('회원34','회원PW34','회원이름34','회원일반전화34','회원휴대전화34','이메일주소34','회원주소134','회원주소234','회원주소334',2),('회원35','회원PW35','회원이름35','회원일반전화35','회원휴대전화35','이메일주소35','회원주소135','회원주소235','회원주소335',2),('회원36','회원PW36','회원이름36','회원일반전화36','회원휴대전화36','이메일주소36','회원주소136','회원주소236','회원주소336',2),('회원37','회원PW37','회원이름37','회원일반전화37','회원휴대전화37','이메일주소37','회원주소137','회원주소237','회원주소337',2),('회원38','회원PW38','회원이름38','회원일반전화38','회원휴대전화38','이메일주소38','회원주소138','회원주소238','회원주소338',2),('회원39','회원PW39','회원이름39','회원일반전화39','회원휴대전화39','이메일주소39','회원주소139','회원주소239','회원주소339',2),('회원4','회원PW4','회원이름4','회원일반전화4','회원휴대전화4','이메일주소4','회원주소14','회원주소24','회원주소34',2),('회원40','회원PW40','회원이름40','회원일반전화40','회원휴대전화40','이메일주소40','회원주소140','회원주소240','회원주소340',2),('회원41','회원PW41','회원이름41','회원일반전화41','회원휴대전화41','이메일주소41','회원주소141','회원주소241','회원주소341',2),('회원42','회원PW42','회원이름42','회원일반전화42','회원휴대전화42','이메일주소42','회원주소142','회원주소242','회원주소342',2),('회원43','회원PW43','회원이름43','회원일반전화43','회원휴대전화43','이메일주소43','회원주소143','회원주소243','회원주소343',2),('회원44','회원PW44','회원이름44','회원일반전화44','회원휴대전화44','이메일주소44','회원주소144','회원주소244','회원주소344',2),('회원45','회원PW45','회원이름45','회원일반전화45','회원휴대전화45','이메일주소45','회원주소145','회원주소245','회원주소345',2),('회원46','회원PW46','회원이름46','회원일반전화46','회원휴대전화46','이메일주소46','회원주소146','회원주소246','회원주소346',2),('회원47','회원PW47','회원이름47','회원일반전화47','회원휴대전화47','이메일주소47','회원주소147','회원주소247','회원주소347',2),('회원48','회원PW48','회원이름48','회원일반전화48','회원휴대전화48','이메일주소48','회원주소148','회원주소248','회원주소348',2),('회원49','회원PW49','회원이름49','회원일반전화49','회원휴대전화49','이메일주소49','회원주소149','회원주소249','회원주소349',2),('회원5','회원PW5','회원이름5','회원일반전화5','회원휴대전화5','이메일주소5','회원주소15','회원주소25','회원주소35',2),('회원50','회원PW50','회원이름50','회원일반전화50','회원휴대전화50','이메일주소50','회원주소150','회원주소250','회원주소350',2),('회원51','회원PW51','회원이름51','회원일반전화51','회원휴대전화51','이메일주소51','회원주소151','회원주소251','회원주소351',2),('회원52','회원PW52','회원이름52','회원일반전화52','회원휴대전화52','이메일주소52','회원주소152','회원주소252','회원주소352',2),('회원53','회원PW53','회원이름53','회원일반전화53','회원휴대전화53','이메일주소53','회원주소153','회원주소253','회원주소353',2),('회원54','회원PW54','회원이름54','회원일반전화54','회원휴대전화54','이메일주소54','회원주소154','회원주소254','회원주소354',2),('회원55','회원PW55','회원이름55','회원일반전화55','회원휴대전화55','이메일주소55','회원주소155','회원주소255','회원주소355',2),('회원56','회원PW56','회원이름56','회원일반전화56','회원휴대전화56','이메일주소56','회원주소156','회원주소256','회원주소356',2),('회원57','회원PW57','회원이름57','회원일반전화57','회원휴대전화57','이메일주소57','회원주소157','회원주소257','회원주소357',2),('회원58','회원PW58','회원이름58','회원일반전화58','회원휴대전화58','이메일주소58','회원주소158','회원주소258','회원주소358',2),('회원59','회원PW59','회원이름59','회원일반전화59','회원휴대전화59','이메일주소59','회원주소159','회원주소259','회원주소359',2),('회원6','회원PW6','회원이름6','회원일반전화6','회원휴대전화6','이메일주소6','회원주소16','회원주소26','회원주소36',2),('회원60','회원PW60','회원이름60','회원일반전화60','회원휴대전화60','이메일주소60','회원주소160','회원주소260','회원주소360',2),('회원7','회원PW7','회원이름7','회원일반전화7','회원휴대전화7','이메일주소7','회원주소17','회원주소27','회원주소37',2),('회원8','회원PW8','회원이름8','회원일반전화8','회원휴대전화8','이메일주소8','회원주소18','회원주소28','회원주소38',2),('회원9','회원PW9','회원이름9','회원일반전화9','회원휴대전화9','이메일주소9','회원주소19','회원주소29','회원주소39',2);
/*!40000 ALTER TABLE `member` ENABLE KEYS */;
UNLOCK TABLES;

--
-- Table structure for table `order`
--

DROP TABLE IF EXISTS `order`;
/*!40101 SET @saved_cs_client     = @@character_set_client */;
/*!50503 SET character_set_client = utf8mb4 */;
CREATE TABLE `order` (
  `order_id` int(11) NOT NULL AUTO_INCREMENT COMMENT '주문ID',
  `member_id` varchar(20) NOT NULL COMMENT '회원ID',
  `order_date` datetime NOT NULL COMMENT '주문일',
  `order_amount` int(11) NOT NULL COMMENT '주문총가격',
  `order_name` varchar(10) NOT NULL COMMENT '주문수령인',
  `order_tel` varchar(13) DEFAULT NULL COMMENT '주문수령인일반전화',
  `order_phone` varchar(13) NOT NULL COMMENT '주문수령인휴대전화',
  `order_addr1` varchar(20) NOT NULL COMMENT '주문주소1',
  `order_addr2` varchar(100) NOT NULL COMMENT '주문주소2',
  `order_addr3` varchar(100) NOT NULL COMMENT '주문주소3',
  `order_msg` varchar(100) DEFAULT NULL COMMENT '주문배송메세지',
  `order_state_id` int(11) NOT NULL DEFAULT '0' COMMENT '주문상태ID',
  PRIMARY KEY (`order_id`,`member_id`,`order_state_id`),
  KEY `FK_member_order_1` (`member_id`),
  KEY `FK_order_state_order_2` (`order_state_id`),
  CONSTRAINT `FK_member_order_1` FOREIGN KEY (`member_id`) REFERENCES `member` (`member_id`),
  CONSTRAINT `FK_order_state_order_2` FOREIGN KEY (`order_state_id`) REFERENCES `order_state` (`order_state_id`)
) ENGINE=InnoDB AUTO_INCREMENT=182 DEFAULT CHARSET=utf8;
/*!40101 SET character_set_client = @saved_cs_client */;

--
-- Dumping data for table `order`
--

LOCK TABLES `order` WRITE;
/*!40000 ALTER TABLE `order` DISABLE KEYS */;
INSERT INTO `order` VALUES (1,'회원1','2020-04-10 15:32:20',10001,'주문수령인1','주문수령인일반전화1','주문수령인휴대전화1','주문주소11','주문주소21','주문주소31','주문배송메세지1',0),(2,'회원2','2020-03-17 14:31:34',10002,'주문수령인2','주문수령인일반전화2','주문수령인휴대전화2','주문주소12','주문주소22','주문주소32','주문배송메세지2',0),(3,'회원3','2020-03-17 14:31:34',10003,'주문수령인3','주문수령인일반전화3','주문수령인휴대전화3','주문주소13','주문주소23','주문주소33','주문배송메세지3',0),(4,'회원4','2020-03-17 14:31:35',10004,'주문수령인4','주문수령인일반전화4','주문수령인휴대전화4','주문주소14','주문주소24','주문주소34','주문배송메세지4',0),(5,'회원5','2020-03-17 14:31:35',10005,'주문수령인5','주문수령인일반전화5','주문수령인휴대전화5','주문주소15','주문주소25','주문주소35','주문배송메세지5',0),(6,'회원6','2020-03-17 14:31:35',10006,'주문수령인6','주문수령인일반전화6','주문수령인휴대전화6','주문주소16','주문주소26','주문주소36','주문배송메세지6',0),(7,'회원7','2020-03-17 14:31:35',10007,'주문수령인7','주문수령인일반전화7','주문수령인휴대전화7','주문주소17','주문주소27','주문주소37','주문배송메세지7',0),(8,'회원8','2020-03-17 14:31:35',10008,'주문수령인8','주문수령인일반전화8','주문수령인휴대전화8','주문주소18','주문주소28','주문주소38','주문배송메세지8',0),(9,'회원9','2020-03-17 14:31:35',10009,'주문수령인9','주문수령인일반전화9','주문수령인휴대전화9','주문주소19','주문주소29','주문주소39','주문배송메세지9',0),(10,'회원10','2020-03-17 14:31:35',100010,'주문수령인10','주문수령인일반전화10','주문수령인휴대전화10','주문주소110','주문주소210','주문주소310','주문배송메세지10',0),(11,'회원11','2020-03-17 14:31:35',100011,'주문수령인11','주문수령인일반전화11','주문수령인휴대전화11','주문주소111','주문주소211','주문주소311','주문배송메세지11',0),(12,'회원12','2020-03-17 14:31:35',100012,'주문수령인12','주문수령인일반전화12','주문수령인휴대전화12','주문주소112','주문주소212','주문주소312','주문배송메세지12',0),(13,'회원13','2020-03-17 14:31:35',100013,'주문수령인13','주문수령인일반전화13','주문수령인휴대전화13','주문주소113','주문주소213','주문주소313','주문배송메세지13',0),(14,'회원14','2020-03-17 14:31:35',100014,'주문수령인14','주문수령인일반전화14','주문수령인휴대전화14','주문주소114','주문주소214','주문주소314','주문배송메세지14',0),(15,'회원15','2020-03-17 14:31:35',100015,'주문수령인15','주문수령인일반전화15','주문수령인휴대전화15','주문주소115','주문주소215','주문주소315','주문배송메세지15',0),(16,'회원16','2020-03-17 14:31:35',100016,'주문수령인16','주문수령인일반전화16','주문수령인휴대전화16','주문주소116','주문주소216','주문주소316','주문배송메세지16',0),(17,'회원17','2020-03-17 14:31:35',100017,'주문수령인17','주문수령인일반전화17','주문수령인휴대전화17','주문주소117','주문주소217','주문주소317','주문배송메세지17',0),(18,'회원18','2020-03-17 14:31:35',100018,'주문수령인18','주문수령인일반전화18','주문수령인휴대전화18','주문주소118','주문주소218','주문주소318','주문배송메세지18',0),(19,'회원19','2020-03-17 14:31:35',100019,'주문수령인19','주문수령인일반전화19','주문수령인휴대전화19','주문주소119','주문주소219','주문주소319','주문배송메세지19',0),(20,'회원20','2020-03-17 14:31:35',100020,'주문수령인20','주문수령인일반전화20','주문수령인휴대전화20','주문주소120','주문주소220','주문주소320','주문배송메세지20',0),(21,'회원21','2020-03-17 14:31:35',100021,'주문수령인21','주문수령인일반전화21','주문수령인휴대전화21','주문주소121','주문주소221','주문주소321','주문배송메세지21',0),(22,'회원22','2020-03-17 14:31:35',100022,'주문수령인22','주문수령인일반전화22','주문수령인휴대전화22','주문주소122','주문주소222','주문주소322','주문배송메세지22',0),(23,'회원23','2020-03-17 14:31:35',100023,'주문수령인23','주문수령인일반전화23','주문수령인휴대전화23','주문주소123','주문주소223','주문주소323','주문배송메세지23',0),(24,'회원24','2020-03-17 14:31:35',100024,'주문수령인24','주문수령인일반전화24','주문수령인휴대전화24','주문주소124','주문주소224','주문주소324','주문배송메세지24',0),(25,'회원25','2020-03-17 14:31:35',100025,'주문수령인25','주문수령인일반전화25','주문수령인휴대전화25','주문주소125','주문주소225','주문주소325','주문배송메세지25',0),(26,'회원26','2020-03-17 14:31:35',100026,'주문수령인26','주문수령인일반전화26','주문수령인휴대전화26','주문주소126','주문주소226','주문주소326','주문배송메세지26',0),(27,'회원27','2020-03-17 14:31:35',100027,'주문수령인27','주문수령인일반전화27','주문수령인휴대전화27','주문주소127','주문주소227','주문주소327','주문배송메세지27',0),(28,'회원28','2020-03-17 14:31:35',100028,'주문수령인28','주문수령인일반전화28','주문수령인휴대전화28','주문주소128','주문주소228','주문주소328','주문배송메세지28',0),(29,'회원29','2020-03-17 14:31:35',100029,'주문수령인29','주문수령인일반전화29','주문수령인휴대전화29','주문주소129','주문주소229','주문주소329','주문배송메세지29',0),(30,'회원30','2020-03-17 14:31:35',100030,'주문수령인30','주문수령인일반전화30','주문수령인휴대전화30','주문주소130','주문주소230','주문주소330','주문배송메세지30',0),(31,'회원31','2020-03-17 14:31:35',100031,'주문수령인31','주문수령인일반전화31','주문수령인휴대전화31','주문주소131','주문주소231','주문주소331','주문배송메세지31',0),(32,'회원32','2020-03-17 14:31:35',100032,'주문수령인32','주문수령인일반전화32','주문수령인휴대전화32','주문주소132','주문주소232','주문주소332','주문배송메세지32',0),(33,'회원33','2020-03-17 14:31:35',100033,'주문수령인33','주문수령인일반전화33','주문수령인휴대전화33','주문주소133','주문주소233','주문주소333','주문배송메세지33',0),(34,'회원34','2020-03-17 14:31:35',100034,'주문수령인34','주문수령인일반전화34','주문수령인휴대전화34','주문주소134','주문주소234','주문주소334','주문배송메세지34',0),(35,'회원35','2020-03-17 14:31:35',100035,'주문수령인35','주문수령인일반전화35','주문수령인휴대전화35','주문주소135','주문주소235','주문주소335','주문배송메세지35',0),(36,'회원36','2020-03-17 14:31:35',100036,'주문수령인36','주문수령인일반전화36','주문수령인휴대전화36','주문주소136','주문주소236','주문주소336','주문배송메세지36',0),(37,'회원37','2020-03-17 14:31:35',100037,'주문수령인37','주문수령인일반전화37','주문수령인휴대전화37','주문주소137','주문주소237','주문주소337','주문배송메세지37',0),(38,'회원38','2020-03-17 14:31:35',100038,'주문수령인38','주문수령인일반전화38','주문수령인휴대전화38','주문주소138','주문주소238','주문주소338','주문배송메세지38',0),(39,'회원39','2020-03-17 14:31:35',100039,'주문수령인39','주문수령인일반전화39','주문수령인휴대전화39','주문주소139','주문주소239','주문주소339','주문배송메세지39',0),(40,'회원40','2020-03-17 14:31:36',100040,'주문수령인40','주문수령인일반전화40','주문수령인휴대전화40','주문주소140','주문주소240','주문주소340','주문배송메세지40',0),(41,'회원41','2020-03-17 14:31:36',100041,'주문수령인41','주문수령인일반전화41','주문수령인휴대전화41','주문주소141','주문주소241','주문주소341','주문배송메세지41',0),(42,'회원42','2020-03-17 14:31:36',100042,'주문수령인42','주문수령인일반전화42','주문수령인휴대전화42','주문주소142','주문주소242','주문주소342','주문배송메세지42',0),(43,'회원43','2020-03-17 14:31:36',100043,'주문수령인43','주문수령인일반전화43','주문수령인휴대전화43','주문주소143','주문주소243','주문주소343','주문배송메세지43',0),(44,'회원44','2020-03-17 14:31:36',100044,'주문수령인44','주문수령인일반전화44','주문수령인휴대전화44','주문주소144','주문주소244','주문주소344','주문배송메세지44',0),(45,'회원45','2020-03-17 14:31:36',100045,'주문수령인45','주문수령인일반전화45','주문수령인휴대전화45','주문주소145','주문주소245','주문주소345','주문배송메세지45',0),(46,'회원46','2020-03-17 14:31:36',100046,'주문수령인46','주문수령인일반전화46','주문수령인휴대전화46','주문주소146','주문주소246','주문주소346','주문배송메세지46',0),(47,'회원47','2020-03-17 14:31:36',100047,'주문수령인47','주문수령인일반전화47','주문수령인휴대전화47','주문주소147','주문주소247','주문주소347','주문배송메세지47',0),(48,'회원48','2020-03-17 14:31:36',100048,'주문수령인48','주문수령인일반전화48','주문수령인휴대전화48','주문주소148','주문주소248','주문주소348','주문배송메세지48',0),(49,'회원49','2020-03-17 14:31:36',100049,'주문수령인49','주문수령인일반전화49','주문수령인휴대전화49','주문주소149','주문주소249','주문주소349','주문배송메세지49',0),(50,'회원50','2020-03-17 14:31:36',100050,'주문수령인50','주문수령인일반전화50','주문수령인휴대전화50','주문주소150','주문주소250','주문주소350','주문배송메세지50',0),(51,'회원51','2020-03-17 14:31:36',100051,'주문수령인51','주문수령인일반전화51','주문수령인휴대전화51','주문주소151','주문주소251','주문주소351','주문배송메세지51',0),(52,'회원52','2020-03-17 14:31:36',100052,'주문수령인52','주문수령인일반전화52','주문수령인휴대전화52','주문주소152','주문주소252','주문주소352','주문배송메세지52',0),(53,'회원53','2020-03-17 14:31:36',100053,'주문수령인53','주문수령인일반전화53','주문수령인휴대전화53','주문주소153','주문주소253','주문주소353','주문배송메세지53',0),(54,'회원54','2020-03-17 14:31:36',100054,'주문수령인54','주문수령인일반전화54','주문수령인휴대전화54','주문주소154','주문주소254','주문주소354','주문배송메세지54',0),(55,'회원55','2020-03-17 14:31:36',100055,'주문수령인55','주문수령인일반전화55','주문수령인휴대전화55','주문주소155','주문주소255','주문주소355','주문배송메세지55',0),(56,'회원56','2020-03-17 14:31:36',100056,'주문수령인56','주문수령인일반전화56','주문수령인휴대전화56','주문주소156','주문주소256','주문주소356','주문배송메세지56',0),(57,'회원57','2020-03-17 14:31:36',100057,'주문수령인57','주문수령인일반전화57','주문수령인휴대전화57','주문주소157','주문주소257','주문주소357','주문배송메세지57',0),(58,'회원58','2020-03-17 14:31:36',100058,'주문수령인58','주문수령인일반전화58','주문수령인휴대전화58','주문주소158','주문주소258','주문주소358','주문배송메세지58',0),(59,'회원59','2020-03-17 14:31:36',100059,'주문수령인59','주문수령인일반전화59','주문수령인휴대전화59','주문주소159','주문주소259','주문주소359','주문배송메세지59',0),(60,'회원60','2020-03-17 14:31:36',100060,'주문수령인60','주문수령인일반전화60','주문수령인휴대전화60','주문주소160','주문주소260','주문주소360','주문배송메세지60',0),(62,'회원1','2020-04-10 15:32:20',78902,'수령인입니다',NULL,'01057459996','077','강서구화곡동','까치산꿀주먹','일년후에배달해주세요',0),(63,'1111','2020-03-25 18:33:13',789017,'qwer',NULL,',88898','123','wer','er','tyfd',0),(64,'1111','2020-03-25 18:39:54',78903,'이름',NULL,',123','00','ㅂㅈㄷㄱ','ㅋㅌㅊㅍ','ㅂㅈㄷㄱ',0),(65,'1111','2020-03-25 18:45:46',14,'제발',NULL,',000999','0990','제발 오류 안나라','미칠거같아','쏘주떙긴다',0),(66,'1111','2020-03-25 18:53:15',78908,'ppppp',NULL,',1111','9999','ppppp','ppppp','mmmmm',0),(67,'1111','2020-03-25 18:59:22',789017,'간식',NULL,',7777','090','주소','상세주소 넣구요','요청사항 쓰겠습니다.',0),(68,'1111','2020-03-26 12:52:59',78903,'연락처 오류',NULL,',9307817','0987','1245','연락처 오류','연락처 앞에 오류',0),(69,'1111','2020-03-26 14:18:22',78903,'1111',NULL,'010-1234-5678','01234','서울 강남 어딘가','11번지 11','여기요!!!',0),(70,'1111','2020-03-26 16:53:34',0,'1111',NULL,'010-1234-5678','01234','서울 강남 어딘가','11번지 11','프론트엔드랑 합치고 마지막 테스트입니다.',0),(71,'1111','2020-03-26 17:21:34',78901,'1111',NULL,'010-1234-5678','01234','서울 강남 어딘가','11번지 11','재만이형 2개주세요',0),(72,'1111','2020-03-30 14:59:57',0,'1111',NULL,'010-1234-5678','01234','서울 강남 어딘가','11번지 11','이런',0),(73,'1111','2020-03-30 16:36:48',0,'1111',NULL,'010-1234-5678','01234','서울 강남 어딘가','11번지 11','qwer',0),(74,'1111','2020-03-30 16:38:53',0,'1111',NULL,'010-1234-5678','01234','서울 강남 어딘가','11번지 11','rgf',0),(75,'1111','2020-03-30 16:41:31',0,'1111',NULL,'010-1234-5678','01234','서울 강남 어딘가','11번지 11','wafasdf',0),(76,'1111','2020-03-30 16:43:27',0,'1111',NULL,'010-1234-5678','01234','서울 강남 어딘가','11번지 11','sadfs',0),(77,'1111','2020-03-30 16:50:12',0,'1111',NULL,'010-1234-5678','01234','서울 강남 어딘가','11번지 11','asdfzxcv',0),(78,'1111','2020-03-30 16:52:38',0,'1111',NULL,'010-1234-5678','01234','서울 강남 어딘가','11번지 11','asdfasdf',0),(79,'1111','2020-03-30 18:27:42',0,'1111',NULL,'010-1234-5678','01234','서울 강남 어딘가','11번지 11','이거맞냐',1),(80,'1111','2020-03-30 18:35:42',0,'1111',NULL,'010-1234-5678','01234','서울 강남 어딘가','11번지 11','사료맛있어 왈왈',1),(81,'1111','2020-03-30 18:53:48',0,'1111',NULL,'010-1234-5678','01234','서울 강남 어딘가','11번지 11','제발요!',1),(82,'1111','2020-03-30 18:57:28',0,'1111',NULL,'010-1234-5678','01234','서울 강남 어딘가','11번지 11','딜리버리테이블까지 들어가는지?',1),(83,'1111','2020-04-01 16:32:50',0,'tester',NULL,'010-1234-5678','01234','서울 강남 어딘가','11번지 11','ss',1),(84,'1111','2020-04-01 16:48:14',0,'tester',NULL,'010-1234-5678','01234','서울 강남 어딘가','11번지 11','ss',1),(85,'1111','2020-04-01 16:48:17',0,'tester',NULL,'010-1234-5678','01234','서울 강남 어딘가','11번지 11','ss',1),(86,'1111','2020-04-01 16:53:20',0,'tester',NULL,'010-1234-5678','01234','서울 강남 어딘가','11번지 11','aa',1),(87,'1111','2020-04-01 17:01:27',0,'tester',NULL,'010-1234-5678','01234','서울 강남 어딘가','11번지 11','aa',1),(88,'1111','2020-04-01 17:01:31',0,'tester',NULL,'010-1234-5678','01234','서울 강남 어딘가','11번지 11','aa',1),(89,'1111','2020-04-01 17:04:53',0,'tester',NULL,'010-1234-5678','01234','서울 강남 어딘가','11번지 11','aa',1),(90,'1111','2020-04-01 17:04:56',0,'tester',NULL,'010-1234-5678','01234','서울 강남 어딘가','11번지 11','aa',1),(91,'1111','2020-04-01 17:10:36',0,'tester',NULL,'010-1234-5678','01234','서울 강남 어딘가','11번지 11','aa',1),(92,'1111','2020-04-01 17:12:23',0,'tester',NULL,'010-1234-5678','01234','서울 강남 어딘가','11번지 11','aa',1),(93,'1111','2020-04-01 17:13:05',0,'tester',NULL,'010-1234-5678','01234','서울 강남 어딘가','11번지 11','aa',1),(94,'1111','2020-04-01 17:13:20',0,'tester',NULL,'010-1234-5678','01234','서울 강남 어딘가','11번지 11','aa',1),(95,'1111','2020-04-01 17:13:47',0,'tester',NULL,'010-1234-5678','01234','서울 강남 어딘가','11번지 11','aa',1),(96,'1111','2020-04-01 17:14:20',0,'tester',NULL,'010-1234-5678','01234','서울 강남 어딘가','11번지 11','aa',1),(97,'1111','2020-04-01 17:14:31',0,'tester',NULL,'010-1234-5678','01234','서울 강남 어딘가','11번지 11','aa',1),(98,'1111','2020-04-01 17:15:16',0,'tester',NULL,'010-1234-5678','01234','서울 강남 어딘가','11번지 11','aa',1),(99,'1111','2020-04-01 17:15:26',0,'tester',NULL,'010-1234-5678','01234','서울 강남 어딘가','11번지 11','aa',1),(100,'1111','2020-04-01 17:15:56',0,'tester',NULL,'010-1234-5678','01234','서울 강남 어딘가','11번지 11','aa',1),(101,'1111','2020-04-01 17:16:31',0,'tester',NULL,'010-1234-5678','01234','서울 강남 어딘가','11번지 11','aa',1),(102,'1111','2020-04-01 17:16:55',0,'tester',NULL,'010-1234-5678','01234','서울 강남 어딘가','11번지 11','aa',1),(103,'1111','2020-04-01 17:16:58',0,'tester',NULL,'010-1234-5678','01234','서울 강남 어딘가','11번지 11','aa',1),(104,'1111','2020-04-01 17:17:06',0,'tester',NULL,'010-1234-5678','01234','서울 강남 어딘가','11번지 11','aa',1),(105,'1111','2020-04-01 17:17:30',0,'tester',NULL,'010-1234-5678','01234','서울 강남 어딘가','11번지 11','aa',1),(106,'1111','2020-04-01 17:17:47',0,'tester',NULL,'010-1234-5678','01234','서울 강남 어딘가','11번지 11','aa',1),(107,'1111','2020-04-01 17:17:58',0,'tester',NULL,'010-1234-5678','01234','서울 강남 어딘가','11번지 11','aa',1),(108,'1111','2020-04-01 17:18:07',0,'tester',NULL,'010-1234-5678','01234','서울 강남 어딘가','11번지 11','aa',1),(109,'1111','2020-04-01 17:18:10',0,'tester',NULL,'010-1234-5678','01234','서울 강남 어딘가','11번지 11','aa',1),(110,'1111','2020-04-01 17:18:25',0,'tester',NULL,'010-1234-5678','01234','서울 강남 어딘가','11번지 11','aa',1),(111,'1111','2020-04-01 17:18:31',0,'tester',NULL,'010-1234-5678','01234','서울 강남 어딘가','11번지 11','aa',1),(112,'1111','2020-04-01 17:18:38',0,'tester',NULL,'010-1234-5678','01234','서울 강남 어딘가','11번지 11','aa',1),(113,'1111','2020-04-01 17:20:14',0,'tester',NULL,'010-1234-5678','01234','서울 강남 어딘가','11번지 11','aa',1),(114,'1111','2020-04-01 17:20:51',0,'tester',NULL,'010-1234-5678','01234','서울 강남 어딘가','11번지 11','aa',1),(115,'1111','2020-04-01 17:21:01',0,'tester',NULL,'010-1234-5678','01234','서울 강남 어딘가','11번지 11','aa',1),(116,'1111','2020-04-01 17:21:23',0,'tester',NULL,'010-1234-5678','01234','서울 강남 어딘가','11번지 11','aa',1),(117,'1111','2020-04-01 17:21:38',0,'tester',NULL,'010-1234-5678','01234','서울 강남 어딘가','11번지 11','aa',1),(118,'1111','2020-04-01 17:21:47',0,'tester',NULL,'010-1234-5678','01234','서울 강남 어딘가','11번지 11','aa',1),(119,'1111','2020-04-01 17:21:54',0,'tester',NULL,'010-1234-5678','01234','서울 강남 어딘가','11번지 11','aa',1),(120,'1111','2020-04-01 17:22:05',0,'tester',NULL,'010-1234-5678','01234','서울 강남 어딘가','11번지 11','aa',1),(121,'1111','2020-04-01 17:22:12',0,'tester',NULL,'010-1234-5678','01234','서울 강남 어딘가','11번지 11','aa',1),(122,'1111','2020-04-01 17:22:18',0,'tester',NULL,'010-1234-5678','01234','서울 강남 어딘가','11번지 11','aa',1),(123,'1111','2020-04-01 17:22:24',0,'tester',NULL,'010-1234-5678','01234','서울 강남 어딘가','11번지 11','aa',1),(124,'1111','2020-04-01 17:22:31',0,'tester',NULL,'010-1234-5678','01234','서울 강남 어딘가','11번지 11','aa',1),(125,'1111','2020-04-01 17:22:38',0,'tester',NULL,'010-1234-5678','01234','서울 강남 어딘가','11번지 11','aa',1),(126,'1111','2020-04-01 17:22:52',0,'tester',NULL,'010-1234-5678','01234','서울 강남 어딘가','11번지 11','aa',1),(127,'1111','2020-04-01 17:23:04',0,'tester',NULL,'010-1234-5678','01234','서울 강남 어딘가','11번지 11','aa',1),(128,'1111','2020-04-01 17:23:54',0,'tester',NULL,'010-1234-5678','01234','서울 강남 어딘가','11번지 11','aa',1),(129,'1111','2020-04-01 17:24:54',0,'tester',NULL,'010-1234-5678','01234','서울 강남 어딘가','11번지 11','aa',1),(130,'1111','2020-04-01 17:25:23',0,'tester',NULL,'010-1234-5678','01234','서울 강남 어딘가','11번지 11','aa',1),(131,'1111','2020-04-01 17:33:16',0,'tester',NULL,'010-1234-5678','01234','서울 강남 어딘가','11번지 11','aa',1),(132,'1111','2020-04-01 17:33:23',0,'tester',NULL,'010-1234-5678','01234','서울 강남 어딘가','11번지 11','aa',1),(133,'1111','2020-04-01 17:33:34',0,'tester',NULL,'010-1234-5678','01234','서울 강남 어딘가','11번지 11','aa',1),(134,'1111','2020-04-01 18:23:25',0,'tester',NULL,'010-1234-5678','01234','서울 강남 어딘가','11번지 11','ddd',1),(135,'1111','2020-04-03 10:49:26',0,'tester',NULL,'010-1234-5678','11','22','33','asd',1),(136,'1111','2020-04-06 10:39:37',0,'tester','010-1234-5678','010-1234-5678','11','22','33','qwer',1),(137,'2222','2020-04-06 16:53:16',0,'tester','010-1234-5678','010-1234-5678','01234','서울 강남 어딘가','11번지 11','얘는 2222맞나?',1),(138,'2222','2020-04-06 16:53:26',0,'tester','010-1234-5678','010-1234-5678','01234','서울 강남 어딘가','11번지 11','얘는 2222맞나?',1),(139,'2222','2020-04-06 16:53:27',0,'tester','010-1234-5678','010-1234-5678','01234','서울 강남 어딘가','11번지 11','얘는 2222맞나?',1),(140,'2222','2020-04-06 16:53:30',0,'tester','010-1234-5678','010-1234-5678','01234','서울 강남 어딘가','11번지 11','얘는 2222맞나?',1),(141,'2222','2020-04-06 16:53:30',0,'tester','010-1234-5678','010-1234-5678','01234','서울 강남 어딘가','11번지 11','얘는 2222맞나?',1),(142,'2222','2020-04-06 16:53:30',0,'tester','010-1234-5678','010-1234-5678','01234','서울 강남 어딘가','11번지 11','얘는 2222맞나?',1),(143,'2222','2020-04-06 16:53:31',0,'tester','010-1234-5678','010-1234-5678','01234','서울 강남 어딘가','11번지 11','얘는 2222맞나?',1),(144,'2222','2020-04-06 16:53:31',0,'tester','010-1234-5678','010-1234-5678','01234','서울 강남 어딘가','11번지 11','얘는 2222맞나?',1),(145,'2222','2020-04-06 16:53:32',0,'tester','010-1234-5678','010-1234-5678','01234','서울 강남 어딘가','11번지 11','얘는 2222맞나?',1),(146,'2222','2020-04-06 16:53:32',0,'tester','010-1234-5678','010-1234-5678','01234','서울 강남 어딘가','11번지 11','얘는 2222맞나?',1),(147,'2222','2020-04-06 16:53:32',0,'tester','010-1234-5678','010-1234-5678','01234','서울 강남 어딘가','11번지 11','얘는 2222맞나?',1),(148,'2222','2020-04-06 16:53:32',0,'tester','010-1234-5678','010-1234-5678','01234','서울 강남 어딘가','11번지 11','얘는 2222맞나?',1),(149,'2222','2020-04-06 16:53:32',0,'tester','010-1234-5678','010-1234-5678','01234','서울 강남 어딘가','11번지 11','얘는 2222맞나?',1),(150,'2222','2020-04-06 16:53:32',0,'tester','010-1234-5678','010-1234-5678','01234','서울 강남 어딘가','11번지 11','얘는 2222맞나?',1),(151,'2222','2020-04-06 16:53:33',0,'tester','010-1234-5678','010-1234-5678','01234','서울 강남 어딘가','11번지 11','얘는 2222맞나?',1),(152,'2222','2020-04-06 16:53:33',0,'tester','010-1234-5678','010-1234-5678','01234','서울 강남 어딘가','11번지 11','얘는 2222맞나?',1),(153,'2222','2020-04-06 16:53:33',0,'tester','010-1234-5678','010-1234-5678','01234','서울 강남 어딘가','11번지 11','얘는 2222맞나?',1),(154,'2222','2020-04-06 16:53:33',0,'tester','010-1234-5678','010-1234-5678','01234','서울 강남 어딘가','11번지 11','얘는 2222맞나?',1),(155,'2222','2020-04-06 16:53:33',0,'tester','010-1234-5678','010-1234-5678','01234','서울 강남 어딘가','11번지 11','얘는 2222맞나?',1),(156,'1111','2020-04-07 10:33:49',0,'tester','010-1234-5678','010-1234-5678','11','22','33','TRASACTION TEST입니다',1),(157,'1111','2020-04-07 10:36:07',0,'tester','010-1234-5678','010-1234-5678','11','22','33','TRANSACTION TEST22',1),(158,'1111','2020-04-07 10:37:10',0,'tester','010-1234-5678','010-1234-5678','11','22','33','TRANSACTION 에러 상황 TEST',1),(159,'1111','2020-04-07 10:55:52',0,'tester','010-1234-5678','010-1234-5678','11','22','33','aqweqwe',1),(160,'1111','2020-04-07 10:57:54',0,'tester','010-1234-5678','010-1234-5678','11','22','33','출고 처리 TEST',1),(161,'1111','2020-04-07 10:59:12',0,'tester','010-1234-5678','010-1234-5678','11','22','33','123123',1),(162,'1111','2020-04-07 11:10:12',0,'tester','010-1234-5678','010-1234-5678','11','22','33','qawe',1),(163,'1111','2020-04-07 11:12:43',0,'tester','010-1234-5678','010-1234-5678','11','22','33','123',1),(164,'1111','2020-04-07 11:13:44',0,'tester','010-1234-5678','010-1234-5678','11','22','33','ㅂㅈㄷ',1),(165,'1111','2020-04-07 11:30:22',0,'tester','010-1234-5678','010-1234-5678','11','22','33','TRANSACTION 최종 테스트 하겠습니다. 기도 하고 와서 하겠습니다.',1),(166,'1111','2020-04-07 15:06:27',0,'tester','010-1234-5678','010-1234-5678','11','22','33','h',1),(167,'1111','2020-04-07 16:06:44',3070,'tester','010-1234-5678','010-1234-5678','11','22','33','order_amount TEST',6),(168,'1111','2020-04-10 10:33:24',791543,'tester','010-1234-5678','01055787448','06611','서울 서초구 강남대로 459','빌딩3층 비트캠프','123',1),(170,'dmswjd12','2020-04-10 16:02:05',2623,'김은정','01011117262','01011117262','06611','서울 서초구 강남대로 459','3층 비트캠프야','00',1),(171,'회원1','2020-04-10 18:50:36',3800,'회원이름1',NULL,'01012345678','회원주소11','회원주소21','회원주소31','샤ㅛㅓㅗㅡㅜ',4),(172,'1111','2020-04-14 17:19:51',14800,'testertes','010-1234-5678','01044578897','06611','서울 서초구 강남대로 459','빌딩3층 비트캠프','zxc',6),(173,'1111','2020-04-14 17:32:36',12636660,'testertes','010-1234-5678','01099999999','06611','서울 서초구 강남대로 459','빌딩3층 비트캠프','123',7),(174,'1111','2020-04-14 17:33:06',12636660,'testertes','010-1234-5678','01099999999','06611','서울 서초구 강남대로 459','빌딩3층 비트캠프','123',9),(175,'1111','2020-04-14 17:42:26',7508,'testertes','010-1234-5678','01077889988','06611','서울 서초구 강남대로 459','빌딩3층 비트캠프','123',7),(176,'1111','2020-04-14 17:48:02',2638,'testertes','010-1234-5678','01013131313','06611','서울 서초구 강남대로 459','빌딩3층 비트캠프','아 제발',7),(178,'admin','2020-04-16 17:36:31',2623,'어드민','01011112222','01011112222','55555','서울시','비트캠프','문앞에놔주세요.',10),(181,'admin','2020-04-17 15:11:42',37350,'어드민',NULL,'01011112222','55555','서울시','비트캠프','결제할꺼예요',10);
/*!40000 ALTER TABLE `order` ENABLE KEYS */;
UNLOCK TABLES;

--
-- Table structure for table `order_detail`
--

DROP TABLE IF EXISTS `order_detail`;
/*!40101 SET @saved_cs_client     = @@character_set_client */;
/*!50503 SET character_set_client = utf8mb4 */;
CREATE TABLE `order_detail` (
  `order_detail_id` int(11) NOT NULL AUTO_INCREMENT COMMENT '주문상세ID',
  `order_id` int(11) NOT NULL COMMENT '주문ID',
  `product_id` int(11) NOT NULL COMMENT '상품ID',
  `order_detail_price` int(11) NOT NULL COMMENT '주문상세가격',
  `order_detail_quantity` int(11) NOT NULL COMMENT '주문상세수량',
  `order_detail_option` varchar(20) NOT NULL DEFAULT '1',
  PRIMARY KEY (`order_detail_id`,`product_id`,`order_id`),
  KEY `FK_product_order_detail_1` (`product_id`),
  KEY `FK_order_order_detail_2` (`order_id`),
  CONSTRAINT `FK_order_order_detail_2` FOREIGN KEY (`order_id`) REFERENCES `order` (`order_id`),
  CONSTRAINT `FK_product_order_detail_1` FOREIGN KEY (`product_id`) REFERENCES `product` (`product_id`)
) ENGINE=InnoDB AUTO_INCREMENT=105 DEFAULT CHARSET=utf8;
/*!40101 SET character_set_client = @saved_cs_client */;

--
-- Dumping data for table `order_detail`
--

LOCK TABLES `order_detail` WRITE;
/*!40000 ALTER TABLE `order_detail` DISABLE KEYS */;
INSERT INTO `order_detail` VALUES (4,78,1,190000,4,'1'),(5,79,8,239224,3,'1'),(6,80,60,3947800,5,'1'),(7,81,174,2737,3,'1'),(8,82,57,4736842,6,'1'),(9,83,10,791510,1,'1'),(10,84,10,791510,1,'1'),(11,85,10,791510,1,'1'),(12,86,32,791532,1,'1'),(13,87,32,791532,1,'1'),(14,88,32,791532,1,'1'),(15,89,32,791532,1,'1'),(16,90,32,791532,1,'1'),(17,91,32,791532,1,'1'),(18,92,32,791532,1,'1'),(19,93,32,791532,1,'1'),(20,94,32,791532,1,'1'),(21,95,32,791532,1,'1'),(22,96,32,791532,1,'1'),(23,97,32,791532,1,'1'),(24,98,32,791532,1,'1'),(25,99,32,791532,1,'1'),(26,100,32,791532,1,'1'),(27,101,32,791532,1,'1'),(28,102,32,791532,1,'1'),(29,103,32,791532,1,'1'),(30,104,32,791532,1,'1'),(31,105,32,791532,1,'1'),(32,106,32,791532,1,'1'),(33,107,32,791532,1,'1'),(34,108,32,791532,1,'1'),(35,109,32,791532,1,'1'),(36,110,32,791532,1,'1'),(37,111,32,791532,1,'1'),(38,112,32,791532,1,'1'),(39,113,32,791532,1,'1'),(40,114,32,791532,1,'1'),(41,115,32,791532,1,'1'),(42,116,32,791532,1,'1'),(43,117,32,791532,1,'1'),(44,118,32,791532,1,'1'),(45,119,32,791532,1,'1'),(46,120,32,791532,1,'1'),(47,121,32,791532,1,'1'),(48,122,32,791532,1,'1'),(49,123,32,791532,1,'1'),(50,124,32,791532,1,'1'),(51,125,32,791532,1,'1'),(52,126,32,791532,1,'1'),(53,127,32,791532,1,'1'),(54,128,32,791532,1,'1'),(55,129,32,791532,1,'1'),(56,130,32,791532,1,'1'),(57,131,32,791532,1,'1'),(58,132,32,791532,1,'1'),(59,133,32,791532,1,'1'),(60,134,23,5525661,7,'1'),(61,136,25,2369575,3,'옵션 3'),(62,137,10,613063270,777,'옵션 4'),(63,138,10,613063270,777,'옵션 4'),(64,139,10,613063270,777,'옵션 4'),(65,140,10,613063270,777,'옵션 4'),(66,143,10,613063270,777,'옵션 4'),(67,145,10,613063270,777,'옵션 4'),(68,151,10,613063270,777,'옵션 4'),(69,156,37,1580574,2,'옵션 5'),(70,157,15,11048710,14,'옵션 2'),(71,158,15,2369545,3,'옵션 3'),(72,159,162,7056,68,'옵션 2'),(73,160,163,6988,66,'옵션 4'),(74,161,10,3947550,5,'옵션 2'),(75,162,173,7570,65,'옵션 2'),(76,163,40,17361380,22,'옵션 4'),(77,164,40,22884660,29,'옵션 3'),(78,165,10,3947550,5,'옵션 3'),(79,166,22,791522,1,'옵션 1'),(80,167,285,3070,3,'옵션 4'),(81,168,43,791543,1,'옵션 1'),(82,170,1,2623,1,'옵션 1'),(83,171,204,109,4,'1'),(84,171,203,108,8,'1'),(85,62,34,1111,3,'1'),(86,62,35,2222,5,'2'),(87,12,1,1313,2,'1'),(88,1,12,1313,2,'1'),(89,1,23,2121,3,'1'),(90,172,1,1480000,100,'옵션 1'),(91,173,10,12634160,4,'옵션 2'),(92,174,10,12634160,4,'옵션 2'),(93,175,97,2508,2,'옵션 1'),(94,176,141,138,3,'옵션 1'),(97,178,1,123,1,'옵션 5'),(104,181,1114,34850,1,'옵션1');
/*!40000 ALTER TABLE `order_detail` ENABLE KEYS */;
UNLOCK TABLES;

--
-- Table structure for table `order_state`
--

DROP TABLE IF EXISTS `order_state`;
/*!40101 SET @saved_cs_client     = @@character_set_client */;
/*!50503 SET character_set_client = utf8mb4 */;
CREATE TABLE `order_state` (
  `order_state_id` int(11) NOT NULL COMMENT '주문상태ID',
  `order_state_member` varchar(20) NOT NULL COMMENT '주문상태이름회원',
  `order_state_admin` varchar(20) NOT NULL COMMENT '주문상태이름관리자',
  PRIMARY KEY (`order_state_id`)
) ENGINE=InnoDB DEFAULT CHARSET=utf8;
/*!40101 SET character_set_client = @saved_cs_client */;

--
-- Dumping data for table `order_state`
--

LOCK TABLES `order_state` WRITE;
/*!40000 ALTER TABLE `order_state` DISABLE KEYS */;
INSERT INTO `order_state` VALUES (0,'결제대기','결제대기'),(1,'결제완료','결제완료'),(2,'배송준비중','배송준비중'),(3,'배송준비중','출고요청'),(4,'배송준비중','출고처리중'),(5,'배송중','출고완료'),(6,'배송완료','배송완료'),(7,'구매확정','구매확정'),(8,'교환','교환'),(9,'반품','반품'),(10,'주문취소','주문취소');
/*!40000 ALTER TABLE `order_state` ENABLE KEYS */;
UNLOCK TABLES;

--
-- Table structure for table `payment`
--

DROP TABLE IF EXISTS `payment`;
/*!40101 SET @saved_cs_client     = @@character_set_client */;
/*!50503 SET character_set_client = utf8mb4 */;
CREATE TABLE `payment` (
  `payment_id` int(11) NOT NULL AUTO_INCREMENT COMMENT '결제ID',
  `order_id` int(11) NOT NULL COMMENT '주문ID',
  `member_id` varchar(20) NOT NULL COMMENT '회원ID',
  `payment_date` datetime NOT NULL COMMENT '결제일',
  `payment_amount` int(11) NOT NULL COMMENT '결제금액',
  `payment_state_id` int(11) NOT NULL DEFAULT '0' COMMENT '결제상태ID',
  PRIMARY KEY (`payment_id`,`payment_state_id`,`order_id`,`member_id`),
  KEY `FK_payment_state_payment_2` (`payment_state_id`),
  KEY `FK_order_payment_3` (`order_id`),
  KEY `FK_member_payment_4` (`member_id`),
  CONSTRAINT `FK_member_payment_4` FOREIGN KEY (`member_id`) REFERENCES `member` (`member_id`),
  CONSTRAINT `FK_order_payment_3` FOREIGN KEY (`order_id`) REFERENCES `order` (`order_id`),
  CONSTRAINT `FK_payment_state_payment_2` FOREIGN KEY (`payment_state_id`) REFERENCES `payment_state` (`payment_state_id`)
) ENGINE=InnoDB AUTO_INCREMENT=147 DEFAULT CHARSET=utf8;
/*!40101 SET character_set_client = @saved_cs_client */;

--
-- Dumping data for table `payment`
--

LOCK TABLES `payment` WRITE;
/*!40000 ALTER TABLE `payment` DISABLE KEYS */;
INSERT INTO `payment` VALUES (1,1,'회원1','2020-03-26 18:01:51',100,0),(2,2,'회원1','2020-03-26 18:02:09',200,0),(3,3,'회원1','2020-03-27 16:08:52',300,0),(4,4,'회원1','2020-03-27 16:08:52',400,0),(5,5,'회원1','2020-03-27 16:08:52',500,0),(6,6,'회원1','2020-03-27 16:08:52',600,0),(7,7,'회원1','2020-03-27 16:09:15',700,0),(8,8,'회원1','2020-03-27 16:09:15',800,0),(9,9,'회원1','2020-03-27 16:09:15',900,0),(10,10,'회원1','2020-03-27 16:10:03',1000,0),(11,11,'회원1','2020-03-27 16:10:34',1100,0),(12,12,'회원1','2020-03-27 16:10:34',1200,0),(13,13,'회원1','2020-03-27 16:10:34',1300,0),(14,14,'회원1','2020-03-27 16:10:34',1400,0),(15,15,'회원1','2020-03-27 16:10:34',1500,0),(16,16,'회원1','2020-03-27 16:10:34',1600,0),(17,17,'회원1','2020-03-27 16:10:34',1700,0),(18,18,'회원1','2020-03-27 16:10:34',1800,0),(19,19,'회원1','2020-03-27 16:10:34',1900,0),(20,20,'회원1','2020-03-27 16:10:35',2000,0),(21,21,'회원1','2020-03-27 16:11:43',2100,0),(22,22,'회원1','2020-03-27 16:11:43',2200,0),(23,23,'회원1','2020-03-27 16:11:43',2300,0),(24,24,'회원1','2020-03-27 16:11:43',2400,0),(25,25,'회원1','2020-03-27 16:11:43',2500,0),(26,26,'회원1','2020-03-27 16:11:43',2600,0),(27,27,'회원1','2020-03-27 16:11:43',2700,0),(28,28,'회원1','2020-03-27 16:11:43',2800,0),(29,29,'회원1','2020-03-27 16:11:43',2900,0),(30,30,'회원1','2020-03-27 16:11:43',3000,0),(31,80,'1111','2020-03-30 18:35:42',3947800,0),(32,81,'1111','2020-03-30 18:53:48',2737,0),(33,81,'1111','2020-03-30 18:53:48',2737,0),(34,82,'1111','2020-03-30 18:57:28',4736842,0),(86,134,'1111','2020-04-01 18:23:25',5525661,0),(87,1,'회원1','2020-02-01 00:00:00',100,0),(88,1,'회원1','2020-02-01 00:00:00',100,0),(89,1,'회원1','2020-02-01 00:00:00',100,0),(90,30,'회원1','2020-04-02 10:35:29',3000,0),(91,30,'회원1','2020-04-02 10:35:29',3000,0),(92,30,'회원1','2020-02-01 00:00:00',3000,0),(93,30,'회원1','2020-02-01 00:00:00',3000,0),(94,30,'회원1','2020-02-01 00:00:00',3000,0),(95,30,'회원1','2020-02-01 00:00:00',3000,0),(96,30,'회원1','2020-02-01 00:00:00',300000,0),(97,30,'회원1','2020-02-01 00:00:00',3000000,0),(98,30,'회원1','2020-01-01 00:00:00',13000000,0),(100,30,'회원1','2019-12-01 00:00:00',23000000,0),(101,30,'회원1','2019-11-01 00:00:00',33570000,0),(102,30,'회원1','2019-10-01 00:00:00',47540000,0),(103,136,'1111','2020-04-06 10:39:37',2369575,0),(111,1,'회원1','2020-04-02 00:00:00',1000000,0),(112,1,'회원1','2020-04-03 00:00:00',3000000,0),(113,1,'회원1','2020-04-04 00:00:00',4000000,0),(114,1,'회원1','2020-04-05 00:00:00',5000000,0),(115,1,'회원1','2020-04-07 00:00:00',100000,0),(116,156,'1111','2020-04-07 10:33:49',1580574,0),(117,157,'1111','2020-04-07 10:36:07',11048710,0),(118,158,'1111','2020-04-07 10:37:10',2369545,0),(119,159,'1111','2020-04-07 10:55:52',7056,0),(120,160,'1111','2020-04-07 10:57:54',6988,0),(121,161,'1111','2020-04-07 10:59:12',3947550,0),(122,162,'1111','2020-04-07 11:10:12',7570,0),(123,163,'1111','2020-04-07 11:12:43',17361380,0),(124,164,'1111','2020-04-07 11:13:44',22884660,0),(125,165,'1111','2020-04-07 11:30:22',3947550,0),(126,166,'1111','2020-04-07 15:06:27',791522,0),(127,167,'1111','2020-04-07 16:06:44',3070,0),(128,168,'1111','2020-04-10 10:33:24',791543,0),(129,170,'dmswjd12','2020-04-10 16:02:06',2623,0),(130,171,'회원1','2020-04-10 18:50:36',3800,0),(132,172,'1111','2020-04-14 17:19:51',14800,0),(133,173,'1111','2020-04-14 17:32:36',3158540,0),(134,174,'1111','2020-04-14 17:33:06',3158540,0),(135,175,'1111','2020-04-14 17:42:26',2504,0),(136,176,'1111','2020-04-14 17:48:02',138,0),(139,178,'admin','2020-04-16 17:36:31',123,0),(146,181,'admin','2020-04-17 15:11:42',37350,0);
/*!40000 ALTER TABLE `payment` ENABLE KEYS */;
UNLOCK TABLES;

--
-- Table structure for table `payment_state`
--

DROP TABLE IF EXISTS `payment_state`;
/*!40101 SET @saved_cs_client     = @@character_set_client */;
/*!50503 SET character_set_client = utf8mb4 */;
CREATE TABLE `payment_state` (
  `payment_state_id` int(11) NOT NULL COMMENT '결제상태ID',
  `payment_state_name` varchar(20) NOT NULL COMMENT '결제상태이름',
  PRIMARY KEY (`payment_state_id`)
) ENGINE=InnoDB DEFAULT CHARSET=utf8;
/*!40101 SET character_set_client = @saved_cs_client */;

--
-- Dumping data for table `payment_state`
--

LOCK TABLES `payment_state` WRITE;
/*!40000 ALTER TABLE `payment_state` DISABLE KEYS */;
INSERT INTO `payment_state` VALUES (0,'결제완료');
/*!40000 ALTER TABLE `payment_state` ENABLE KEYS */;
UNLOCK TABLES;

--
-- Table structure for table `point`
--

DROP TABLE IF EXISTS `point`;
/*!40101 SET @saved_cs_client     = @@character_set_client */;
/*!50503 SET character_set_client = utf8mb4 */;
CREATE TABLE `point` (
  `point_id` int(11) NOT NULL AUTO_INCREMENT COMMENT '적립금ID',
  `point_money` int(11) NOT NULL COMMENT '적립차감금액',
  `point_date` datetime NOT NULL COMMENT '적립차감일',
  PRIMARY KEY (`point_id`)
) ENGINE=InnoDB DEFAULT CHARSET=utf8;
/*!40101 SET character_set_client = @saved_cs_client */;

--
-- Dumping data for table `point`
--

LOCK TABLES `point` WRITE;
/*!40000 ALTER TABLE `point` DISABLE KEYS */;
/*!40000 ALTER TABLE `point` ENABLE KEYS */;
UNLOCK TABLES;

--
-- Table structure for table `point_list`
--

DROP TABLE IF EXISTS `point_list`;
/*!40101 SET @saved_cs_client     = @@character_set_client */;
/*!50503 SET character_set_client = utf8mb4 */;
CREATE TABLE `point_list` (
  `point_list_id` int(11) NOT NULL AUTO_INCREMENT COMMENT '적립금목록ID',
  `point_id` int(11) NOT NULL COMMENT '적립금ID',
  `member_id` varchar(20) NOT NULL COMMENT '회원ID',
  `point_state_id` int(11) NOT NULL COMMENT '적립금상태ID',
  `point_list_sum` int(11) NOT NULL DEFAULT '0' COMMENT '보유적립금',
  PRIMARY KEY (`point_list_id`,`member_id`,`point_id`,`point_state_id`),
  KEY `FK_member_point_list_1` (`member_id`),
  KEY `FK_point_point_list_2` (`point_id`),
  KEY `FK_point_state_point_list_3` (`point_state_id`),
  CONSTRAINT `FK_member_point_list_1` FOREIGN KEY (`member_id`) REFERENCES `member` (`member_id`),
  CONSTRAINT `FK_point_point_list_2` FOREIGN KEY (`point_id`) REFERENCES `point` (`point_id`),
  CONSTRAINT `FK_point_state_point_list_3` FOREIGN KEY (`point_state_id`) REFERENCES `point_state` (`point_state_id`)
) ENGINE=InnoDB DEFAULT CHARSET=utf8;
/*!40101 SET character_set_client = @saved_cs_client */;

--
-- Dumping data for table `point_list`
--

LOCK TABLES `point_list` WRITE;
/*!40000 ALTER TABLE `point_list` DISABLE KEYS */;
/*!40000 ALTER TABLE `point_list` ENABLE KEYS */;
UNLOCK TABLES;

--
-- Table structure for table `point_state`
--

DROP TABLE IF EXISTS `point_state`;
/*!40101 SET @saved_cs_client     = @@character_set_client */;
/*!50503 SET character_set_client = utf8mb4 */;
CREATE TABLE `point_state` (
  `point_state_id` int(11) NOT NULL COMMENT '적립금상태ID',
  `point_state_name` varchar(20) DEFAULT NULL COMMENT '적립금상태이름',
  PRIMARY KEY (`point_state_id`)
) ENGINE=InnoDB DEFAULT CHARSET=utf8;
/*!40101 SET character_set_client = @saved_cs_client */;

--
-- Dumping data for table `point_state`
--

LOCK TABLES `point_state` WRITE;
/*!40000 ALTER TABLE `point_state` DISABLE KEYS */;
INSERT INTO `point_state` VALUES (0,'적립'),(1,'차감');
/*!40000 ALTER TABLE `point_state` ENABLE KEYS */;
UNLOCK TABLES;

--
-- Table structure for table `product`
--

DROP TABLE IF EXISTS `product`;
/*!40101 SET @saved_cs_client     = @@character_set_client */;
/*!50503 SET character_set_client = utf8mb4 */;
CREATE TABLE `product` (
  `category_id` int(11) NOT NULL COMMENT '분류ID',
  `product_id` int(11) NOT NULL AUTO_INCREMENT COMMENT '상품ID',
  `product_name` varchar(50) NOT NULL COMMENT '상품이름',
  `product_content` text COMMENT '상품설명',
  `product_price` int(11) NOT NULL COMMENT '상품가격',
  `product_stock` int(11) NOT NULL COMMENT '상품재고',
  `product_date` datetime NOT NULL COMMENT '상품등록일',
  `product_image` varchar(200) DEFAULT NULL COMMENT '상품이미지',
  `product_thumb` varchar(200) DEFAULT NULL COMMENT '상품섬네일',
  `product_option1` varchar(50) DEFAULT NULL COMMENT '상품옵션1',
  `product_option2` varchar(50) DEFAULT NULL COMMENT '상품옵션2',
  `product_option3` varchar(50) DEFAULT NULL COMMENT '상품옵션3',
  `product_option4` varchar(50) DEFAULT NULL COMMENT '상품옵션4',
  `product_option5` varchar(50) DEFAULT NULL COMMENT '상품옵션5',
  PRIMARY KEY (`product_id`,`category_id`),
  KEY `FK_category_product` (`category_id`),
  CONSTRAINT `FK_category_product` FOREIGN KEY (`category_id`) REFERENCES `category` (`category_id`)
) ENGINE=InnoDB AUTO_INCREMENT=1515 DEFAULT CHARSET=utf8;
/*!40101 SET character_set_client = @saved_cs_client */;

--
-- Dumping data for table `product`
--

LOCK TABLES `product` WRITE;
/*!40000 ALTER TABLE `product` DISABLE KEYS */;
INSERT INTO `product` VALUES (100,1,'상품이름','상품내용',123,353,'2020-03-17 14:37:38',NULL,NULL,NULL,NULL,NULL,NULL,NULL),(100,2,'상품이름2','상품설명2',78902,2,'2020-03-17 14:37:38',NULL,NULL,'상품옵션12','상품옵션22','상품옵션32','상품옵션42','상품옵션52'),(100,3,'상품이름3','상품설명3',78903,3,'2020-03-17 14:37:38',NULL,NULL,'상품옵션13','상품옵션23','상품옵션33','상품옵션43','상품옵션53'),(100,4,'상품이름4','상품설명4',78904,4,'2020-03-17 14:37:39',NULL,NULL,'상품옵션14','상품옵션24','상품옵션34','상품옵션44','상품옵션54'),(100,5,'상품이름5','상품설명5',78905,5,'2020-03-17 14:37:39',NULL,NULL,'상품옵션15','상품옵션25','상품옵션35','상품옵션45','상품옵션55'),(100,6,'상품이름6','상품설명6',78906,6,'2020-03-17 14:37:39',NULL,NULL,'상품옵션16','상품옵션26','상품옵션36','상품옵션46','상품옵션56'),(100,7,'상품이름7','상품설명7',78907,7,'2020-03-17 14:37:39',NULL,NULL,'상품옵션17','상품옵션27','상품옵션37','상품옵션47','상품옵션57'),(100,8,'상품이름8','상품설명8',78908,8,'2020-03-17 14:37:39',NULL,NULL,'상품옵션18','상품옵션28','상품옵션38','상품옵션48','상품옵션58'),(100,9,'상품이름9','상품설명9',78909,9,'2020-03-17 14:37:39',NULL,NULL,'상품옵션19','상품옵션29','상품옵션39','상품옵션49','상품옵션59'),(100,10,'상품이름10','<p>상품설명10</p>\r\n',789010,1000,'2020-03-17 14:37:39','','','상품옵션110','상품옵션210','상품옵션310','상품옵션410','상품옵션510'),(200,11,'상품이름11','상품설명11',789011,11,'2020-03-17 14:38:30',NULL,NULL,'상품옵션111','상품옵션211','상품옵션311','상품옵션411','상품옵션511'),(200,12,'상품이름12','상품설명12',789012,12,'2020-03-17 14:38:30',NULL,NULL,'상품옵션112','상품옵션212','상품옵션312','상품옵션412','상품옵션512'),(200,13,'상품이름13','상품설명13',789013,13,'2020-03-17 14:38:30',NULL,NULL,'상품옵션113','상품옵션213','상품옵션313','상품옵션413','상품옵션513'),(200,14,'상품이름14','상품설명14',789014,14,'2020-03-17 14:38:30',NULL,NULL,'상품옵션114','상품옵션214','상품옵션314','상품옵션414','상품옵션514'),(200,15,'상품이름15','상품설명15',789015,500,'2020-03-17 14:38:30',NULL,NULL,'상품옵션115','상품옵션215','상품옵션315','상품옵션415','상품옵션515'),(200,16,'상품이름16','상품설명16',789016,16,'2020-03-17 14:38:30',NULL,NULL,'상품옵션116','상품옵션216','상품옵션316','상품옵션416','상품옵션516'),(200,17,'상품이름17','상품설명17',789017,17,'2020-03-17 14:38:30',NULL,NULL,'상품옵션117','상품옵션217','상품옵션317','상품옵션417','상품옵션517'),(200,18,'상품이름18','상품설명18',789018,18,'2020-03-17 14:38:30',NULL,NULL,'상품옵션118','상품옵션218','상품옵션318','상품옵션418','상품옵션518'),(200,19,'상품이름19','상품설명19',789019,19,'2020-03-17 14:38:30',NULL,NULL,'상품옵션119','상품옵션219','상품옵션319','상품옵션419','상품옵션519'),(200,20,'상품이름20','상품설명20',789020,20,'2020-03-17 14:38:30',NULL,NULL,'상품옵션120','상품옵션220','상품옵션320','상품옵션420','상품옵션520'),(300,21,'상품이름21','상품설명21',789021,21,'2020-03-17 14:38:39',NULL,NULL,'상품옵션121','상품옵션221','상품옵션321','상품옵션421','상품옵션521'),(300,22,'상품이름22','상품설명22',789022,21,'2020-03-17 14:38:39',NULL,NULL,'상품옵션122','상품옵션222','상품옵션322','상품옵션422','상품옵션522'),(300,23,'상품이름23','상품설명23',789023,23,'2020-03-17 14:38:40',NULL,NULL,'상품옵션123','상품옵션223','상품옵션323','상품옵션423','상품옵션523'),(300,24,'상품이름24','상품설명24',789024,24,'2020-03-17 14:38:40',NULL,NULL,'상품옵션124','상품옵션224','상품옵션324','상품옵션424','상품옵션524'),(300,25,'상품이름25','상품설명25',789025,25,'2020-03-17 14:38:40',NULL,NULL,'상품옵션125','상품옵션225','상품옵션325','상품옵션425','상품옵션525'),(300,26,'상품이름26','상품설명26',789026,26,'2020-03-17 14:38:40',NULL,NULL,'상품옵션126','상품옵션226','상품옵션326','상품옵션426','상품옵션526'),(300,27,'상품이름27','상품설명27',789027,27,'2020-03-17 14:38:40',NULL,NULL,'상품옵션127','상품옵션227','상품옵션327','상품옵션427','상품옵션527'),(300,28,'상품이름28','상품설명28',789028,28,'2020-03-17 14:38:40',NULL,NULL,'상품옵션128','상품옵션228','상품옵션328','상품옵션428','상품옵션528'),(300,29,'상품이름29','상품설명29',789029,29,'2020-03-17 14:38:40',NULL,NULL,'상품옵션129','상품옵션229','상품옵션329','상품옵션429','상품옵션529'),(300,30,'상품이름30','상품설명30',789030,30,'2020-03-17 14:38:40',NULL,NULL,'상품옵션130','상품옵션230','상품옵션330','상품옵션430','상품옵션530'),(400,31,'상품이름31','상품설명31',789031,31,'2020-03-17 14:38:52',NULL,NULL,'상품옵션131','상품옵션231','상품옵션331','상품옵션431','상품옵션531'),(400,32,'상품이름32','상품설명32',789032,32,'2020-03-17 14:38:52',NULL,NULL,'상품옵션132','상품옵션232','상품옵션332','상품옵션432','상품옵션532'),(400,33,'상품이름33','상품설명33',789033,33,'2020-03-17 14:38:52',NULL,NULL,'상품옵션133','상품옵션233','상품옵션333','상품옵션433','상품옵션533'),(400,34,'상품이름34','상품설명34',789034,34,'2020-03-17 14:38:52',NULL,NULL,'상품옵션134','상품옵션234','상품옵션334','상품옵션434','상품옵션534'),(400,35,'상품이름35','상품설명35',789035,35,'2020-03-17 14:38:52',NULL,NULL,'상품옵션135','상품옵션235','상품옵션335','상품옵션435','상품옵션535'),(400,36,'상품이름36','상품설명36',789036,36,'2020-03-17 14:38:52',NULL,NULL,'상품옵션136','상품옵션236','상품옵션336','상품옵션436','상품옵션536'),(400,37,'상품이름37','상품설명37',789037,35,'2020-03-17 14:38:52',NULL,NULL,'상품옵션137','상품옵션237','상품옵션337','상품옵션437','상품옵션537'),(400,38,'상품이름38','상품설명38',789038,38,'2020-03-17 14:38:52',NULL,NULL,'상품옵션138','상품옵션238','상품옵션338','상품옵션438','상품옵션538'),(400,39,'상품이름39','상품설명39',789039,39,'2020-03-17 14:38:52',NULL,NULL,'상품옵션139','상품옵션239','상품옵션339','상품옵션439','상품옵션539'),(400,40,'상품이름40','상품설명40',789040,18,'2020-03-17 14:38:52',NULL,NULL,'상품옵션140','상품옵션240','상품옵션340','상품옵션440','상품옵션540'),(500,41,'상품이름41','상품설명41',789041,41,'2020-03-17 14:39:01',NULL,NULL,'상품옵션141','상품옵션241','상품옵션341','상품옵션441','상품옵션541'),(500,42,'상품이름42','상품설명42',789042,42,'2020-03-17 14:39:01',NULL,NULL,'상품옵션142','상품옵션242','상품옵션342','상품옵션442','상품옵션542'),(500,43,'상품이름43','상품설명43',789043,42,'2020-03-17 14:39:01',NULL,NULL,'상품옵션143','상품옵션243','상품옵션343','상품옵션443','상품옵션543'),(500,44,'상품이름44','상품설명44',789044,44,'2020-03-17 14:39:01',NULL,NULL,'상품옵션144','상품옵션244','상품옵션344','상품옵션444','상품옵션544'),(500,45,'상품이름45','상품설명45',789045,45,'2020-03-17 14:39:01',NULL,NULL,'상품옵션145','상품옵션245','상품옵션345','상품옵션445','상품옵션545'),(500,46,'상품이름46','상품설명46',789046,46,'2020-03-17 14:39:01',NULL,NULL,'상품옵션146','상품옵션246','상품옵션346','상품옵션446','상품옵션546'),(500,47,'상품이름47','상품설명47',789047,47,'2020-03-17 14:39:01',NULL,NULL,'상품옵션147','상품옵션247','상품옵션347','상품옵션447','상품옵션547'),(500,48,'상품이름48','상품설명48',789048,48,'2020-03-17 14:39:01',NULL,NULL,'상품옵션148','상품옵션248','상품옵션348','상품옵션448','상품옵션548'),(500,49,'상품이름49','상품설명49',789049,49,'2020-03-17 14:39:01',NULL,NULL,'상품옵션149','상품옵션249','상품옵션349','상품옵션449','상품옵션549'),(500,50,'상품이름50','상품설명50',789050,50,'2020-03-17 14:39:01',NULL,NULL,'상품옵션150','상품옵션250','상품옵션350','상품옵션450','상품옵션550'),(600,51,'상품이름51','상품설명51',789051,51,'2020-03-17 14:39:13',NULL,NULL,'상품옵션151','상품옵션251','상품옵션351','상품옵션451','상품옵션551'),(600,52,'상품이름52','상품설명52',789052,52,'2020-03-17 14:39:13',NULL,NULL,'상품옵션152','상품옵션252','상품옵션352','상품옵션452','상품옵션552'),(600,53,'상품이름53','상품설명53',789053,53,'2020-03-17 14:39:13',NULL,NULL,'상품옵션153','상품옵션253','상품옵션353','상품옵션453','상품옵션553'),(600,54,'상품이름54','상품설명54',789054,54,'2020-03-17 14:39:13',NULL,NULL,'상품옵션154','상품옵션254','상품옵션354','상품옵션454','상품옵션554'),(600,55,'상품이름55','상품설명55',789055,55,'2020-03-17 14:39:13',NULL,NULL,'상품옵션155','상품옵션255','상품옵션355','상품옵션455','상품옵션555'),(600,56,'상품이름56','상품설명56',789056,56,'2020-03-17 14:39:13',NULL,NULL,'상품옵션156','상품옵션256','상품옵션356','상품옵션456','상품옵션556'),(600,57,'상품이름57','상품설명57',789057,57,'2020-03-17 14:39:13',NULL,NULL,'상품옵션157','상품옵션257','상품옵션357','상품옵션457','상품옵션557'),(600,58,'상품이름58','상품설명58',789058,58,'2020-03-17 14:39:13',NULL,NULL,'상품옵션158','상품옵션258','상품옵션358','상품옵션458','상품옵션558'),(600,59,'상품이름59','상품설명59',789059,59,'2020-03-17 14:39:13',NULL,NULL,'상품옵션159','상품옵션259','상품옵션359','상품옵션459','상품옵션559'),(600,60,'상품이름60','상품설명60',789060,60,'2020-03-17 14:39:13',NULL,NULL,'상품옵션160','상품옵션260','상품옵션360','상품옵션460','상품옵션560'),(700,61,'상품이름61','상품설명61',789061,61,'2020-03-17 14:39:25',NULL,NULL,'상품옵션161','상품옵션261','상품옵션361','상품옵션461','상품옵션561'),(700,62,'상품이름62','상품설명62',789062,62,'2020-03-17 14:39:25',NULL,NULL,'상품옵션162','상품옵션262','상품옵션362','상품옵션462','상품옵션562'),(700,63,'상품이름63','상품설명63',789063,63,'2020-03-17 14:39:25',NULL,NULL,'상품옵션163','상품옵션263','상품옵션363','상품옵션463','상품옵션563'),(700,64,'상품이름64','상품설명64',789064,64,'2020-03-17 14:39:25',NULL,NULL,'상품옵션164','상품옵션264','상품옵션364','상품옵션464','상품옵션564'),(700,65,'상품이름65','상품설명65',789065,65,'2020-03-17 14:39:25',NULL,NULL,'상품옵션165','상품옵션265','상품옵션365','상품옵션465','상품옵션565'),(700,66,'상품이름66','상품설명66',789066,66,'2020-03-17 14:39:25',NULL,NULL,'상품옵션166','상품옵션266','상품옵션366','상품옵션466','상품옵션566'),(700,67,'상품이름67','상품설명67',789067,67,'2020-03-17 14:39:25',NULL,NULL,'상품옵션167','상품옵션267','상품옵션367','상품옵션467','상품옵션567'),(700,68,'상품이름68','상품설명68',789068,68,'2020-03-17 14:39:25',NULL,NULL,'상품옵션168','상품옵션268','상품옵션368','상품옵션468','상품옵션568'),(700,69,'상품이름69','상품설명69',789069,69,'2020-03-17 14:39:25',NULL,NULL,'상품옵션169','상품옵션269','상품옵션369','상품옵션469','상품옵션569'),(700,70,'상품이름70','상품설명70',789070,70,'2020-03-17 14:39:25',NULL,NULL,'상품옵션170','상품옵션270','상품옵션370','상품옵션470','상품옵션570'),(100,96,'테스트이름1','<p>테스트설명1</p>\r\n',1,1,'2020-03-25 15:33:34','','','','','','',''),(100,97,'테스트이름2','테스트설명2',2,0,'2020-03-25 15:33:34',NULL,NULL,NULL,NULL,NULL,NULL,NULL),(100,98,'테스트이름3','테스트설명3',3,3,'2020-03-25 15:33:34',NULL,NULL,NULL,NULL,NULL,NULL,NULL),(100,99,'테스트이름4','테스트설명4',4,4,'2020-03-25 15:33:34',NULL,NULL,NULL,NULL,NULL,NULL,NULL),(100,100,'테스트이름5','테스트설명5',5,5,'2020-03-25 15:33:35',NULL,NULL,NULL,NULL,NULL,NULL,NULL),(100,101,'테스트이름6','테스트설명6',6,6,'2020-03-25 15:33:35',NULL,NULL,NULL,NULL,NULL,NULL,NULL),(100,102,'테스트이름7','테스트설명7',7,7,'2020-03-25 15:33:35',NULL,NULL,NULL,NULL,NULL,NULL,NULL),(100,103,'테스트이름8','테스트설명8',8,8,'2020-03-25 15:33:35',NULL,NULL,NULL,NULL,NULL,NULL,NULL),(100,104,'테스트이름9','테스트설명9',9,9,'2020-03-25 15:33:35',NULL,NULL,NULL,NULL,NULL,NULL,NULL),(100,105,'테스트이름10','테스트설명10',10,10,'2020-03-25 15:33:35',NULL,NULL,NULL,NULL,NULL,NULL,NULL),(100,106,'테스트이름11','테스트설명11',11,11,'2020-03-25 15:33:35',NULL,NULL,NULL,NULL,NULL,NULL,NULL),(100,107,'테스트이름12','테스트설명12',12,12,'2020-03-25 15:33:35',NULL,NULL,NULL,NULL,NULL,NULL,NULL),(100,108,'테스트이름13','테스트설명13',13,13,'2020-03-25 15:33:35',NULL,NULL,NULL,NULL,NULL,NULL,NULL),(100,109,'테스트이름14','테스트설명14',14,14,'2020-03-25 15:33:35',NULL,NULL,NULL,NULL,NULL,NULL,NULL),(100,110,'테스트이름15','테스트설명15',15,15,'2020-03-25 15:33:35',NULL,NULL,NULL,NULL,NULL,NULL,NULL),(100,111,'테스트이름16','테스트설명16',16,16,'2020-03-25 15:33:35',NULL,NULL,NULL,NULL,NULL,NULL,NULL),(100,112,'테스트이름17','테스트설명17',17,17,'2020-03-25 15:33:35',NULL,NULL,NULL,NULL,NULL,NULL,NULL),(100,113,'테스트이름18','테스트설명18',18,18,'2020-03-25 15:33:35',NULL,NULL,NULL,NULL,NULL,NULL,NULL),(100,114,'테스트이름19','테스트설명19',19,19,'2020-03-25 15:33:35',NULL,NULL,NULL,NULL,NULL,NULL,NULL),(100,115,'테스트이름20','테스트설명20',20,20,'2020-03-25 15:33:35',NULL,NULL,NULL,NULL,NULL,NULL,NULL),(100,116,'테스트이름21','테스트설명21',21,21,'2020-03-25 15:33:35',NULL,NULL,NULL,NULL,NULL,NULL,NULL),(100,117,'테스트이름22','테스트설명22',22,22,'2020-03-25 15:33:35',NULL,NULL,NULL,NULL,NULL,NULL,NULL),(100,118,'테스트이름23','테스트설명23',23,23,'2020-03-25 15:33:35',NULL,NULL,NULL,NULL,NULL,NULL,NULL),(100,119,'테스트이름24','테스트설명24',24,24,'2020-03-25 15:33:35',NULL,NULL,NULL,NULL,NULL,NULL,NULL),(100,120,'테스트이름25','테스트설명25',25,25,'2020-03-25 15:33:35',NULL,NULL,NULL,NULL,NULL,NULL,NULL),(200,121,'테스트이름26','테스트설명26',26,26,'2020-03-25 15:33:35',NULL,NULL,NULL,NULL,NULL,NULL,NULL),(200,122,'테스트이름27','테스트설명27',27,27,'2020-03-25 15:33:35',NULL,NULL,NULL,NULL,NULL,NULL,NULL),(200,123,'테스트이름28','테스트설명28',28,28,'2020-03-25 15:33:35',NULL,NULL,NULL,NULL,NULL,NULL,NULL),(200,124,'테스트이름29','테스트설명29',29,29,'2020-03-25 15:33:35',NULL,NULL,NULL,NULL,NULL,NULL,NULL),(200,125,'테스트이름30','테스트설명30',30,30,'2020-03-25 15:33:35',NULL,NULL,NULL,NULL,NULL,NULL,NULL),(200,126,'테스트이름31','테스트설명31',31,31,'2020-03-25 15:33:35',NULL,NULL,NULL,NULL,NULL,NULL,NULL),(200,127,'테스트이름32','테스트설명32',32,32,'2020-03-25 15:33:35',NULL,NULL,NULL,NULL,NULL,NULL,NULL),(200,128,'테스트이름33','테스트설명33',33,33,'2020-03-25 15:33:35',NULL,NULL,NULL,NULL,NULL,NULL,NULL),(200,129,'테스트이름34','테스트설명34',34,34,'2020-03-25 15:33:35',NULL,NULL,NULL,NULL,NULL,NULL,NULL),(200,130,'테스트이름35','테스트설명35',35,35,'2020-03-25 15:33:35',NULL,NULL,NULL,NULL,NULL,NULL,NULL),(200,131,'테스트이름36','테스트설명36',36,36,'2020-03-25 15:33:35',NULL,NULL,NULL,NULL,NULL,NULL,NULL),(200,132,'테스트이름37','테스트설명37',37,37,'2020-03-25 15:33:36',NULL,NULL,NULL,NULL,NULL,NULL,NULL),(200,133,'테스트이름38','테스트설명38',38,38,'2020-03-25 15:33:36',NULL,NULL,NULL,NULL,NULL,NULL,NULL),(200,134,'테스트이름39','테스트설명39',39,39,'2020-03-25 15:33:36',NULL,NULL,NULL,NULL,NULL,NULL,NULL),(200,135,'테스트이름40','테스트설명40',40,40,'2020-03-25 15:33:36',NULL,NULL,NULL,NULL,NULL,NULL,NULL),(200,136,'테스트이름41','테스트설명41',41,41,'2020-03-25 15:33:36',NULL,NULL,NULL,NULL,NULL,NULL,NULL),(200,137,'테스트이름42','테스트설명42',42,42,'2020-03-25 15:33:36',NULL,NULL,NULL,NULL,NULL,NULL,NULL),(200,138,'테스트이름43','테스트설명43',43,43,'2020-03-25 15:33:36',NULL,NULL,NULL,NULL,NULL,NULL,NULL),(200,139,'테스트이름44','테스트설명44',44,44,'2020-03-25 15:33:36',NULL,NULL,NULL,NULL,NULL,NULL,NULL),(200,140,'테스트이름45','테스트설명45',45,45,'2020-03-25 15:33:36',NULL,NULL,NULL,NULL,NULL,NULL,NULL),(200,141,'테스트이름46','테스트설명46',46,43,'2020-03-25 15:33:36',NULL,NULL,NULL,NULL,NULL,NULL,NULL),(200,142,'테스트이름47','테스트설명47',47,47,'2020-03-25 15:33:36',NULL,NULL,NULL,NULL,NULL,NULL,NULL),(200,143,'테스트이름48','테스트설명48',48,48,'2020-03-25 15:33:36',NULL,NULL,NULL,NULL,NULL,NULL,NULL),(200,144,'테스트이름49','테스트설명49',49,49,'2020-03-25 15:33:36',NULL,NULL,NULL,NULL,NULL,NULL,NULL),(200,145,'테스트이름50','테스트설명50',50,50,'2020-03-25 15:33:36',NULL,NULL,NULL,NULL,NULL,NULL,NULL),(200,146,'테스트이름51','테스트설명51',51,51,'2020-03-25 15:33:36',NULL,NULL,NULL,NULL,NULL,NULL,NULL),(200,147,'테스트이름52','테스트설명52',52,52,'2020-03-25 15:33:36',NULL,NULL,NULL,NULL,NULL,NULL,NULL),(200,148,'테스트이름53','테스트설명53',53,53,'2020-03-25 15:33:36',NULL,NULL,NULL,NULL,NULL,NULL,NULL),(200,149,'테스트이름54','테스트설명54',54,54,'2020-03-25 15:33:36',NULL,NULL,NULL,NULL,NULL,NULL,NULL),(200,150,'테스트이름55','테스트설명55',55,55,'2020-03-25 15:33:36',NULL,NULL,NULL,NULL,NULL,NULL,NULL),(200,151,'테스트이름56','테스트설명56',56,56,'2020-03-25 15:33:36',NULL,NULL,NULL,NULL,NULL,NULL,NULL),(200,152,'테스트이름57','테스트설명57',57,57,'2020-03-25 15:33:36',NULL,NULL,NULL,NULL,NULL,NULL,NULL),(200,153,'테스트이름58','테스트설명58',58,58,'2020-03-25 15:33:36',NULL,NULL,NULL,NULL,NULL,NULL,NULL),(200,154,'테스트이름59','테스트설명59',59,59,'2020-03-25 15:33:36',NULL,NULL,NULL,NULL,NULL,NULL,NULL),(200,155,'테스트이름60','테스트설명60',60,60,'2020-03-25 15:33:36',NULL,NULL,NULL,NULL,NULL,NULL,NULL),(200,156,'테스트이름61','테스트설명61',61,61,'2020-03-25 15:33:36',NULL,NULL,NULL,NULL,NULL,NULL,NULL),(200,157,'테스트이름62','테스트설명62',62,62,'2020-03-25 15:33:36',NULL,NULL,NULL,NULL,NULL,NULL,NULL),(200,158,'테스트이름63','테스트설명63',63,63,'2020-03-25 15:33:36',NULL,NULL,NULL,NULL,NULL,NULL,NULL),(200,159,'테스트이름64','테스트설명64',64,64,'2020-03-25 15:33:36',NULL,NULL,NULL,NULL,NULL,NULL,NULL),(200,160,'테스트이름65','테스트설명65',65,65,'2020-03-25 15:33:36',NULL,NULL,NULL,NULL,NULL,NULL,NULL),(300,161,'테스트이름66','테스트설명66',66,66,'2020-03-25 15:33:36',NULL,NULL,NULL,NULL,NULL,NULL,NULL),(300,162,'테스트이름67','테스트설명67',67,67,'2020-03-25 15:33:36',NULL,NULL,NULL,NULL,NULL,NULL,NULL),(300,163,'테스트이름68','테스트설명68',68,68,'2020-03-25 15:33:36',NULL,NULL,NULL,NULL,NULL,NULL,NULL),(300,164,'테스트이름69','테스트설명69',69,69,'2020-03-25 15:33:36',NULL,NULL,NULL,NULL,NULL,NULL,NULL),(300,165,'테스트이름70','테스트설명70',70,70,'2020-03-25 15:33:36',NULL,NULL,NULL,NULL,NULL,NULL,NULL),(300,166,'테스트이름71','테스트설명71',71,71,'2020-03-25 15:33:37',NULL,NULL,NULL,NULL,NULL,NULL,NULL),(300,167,'테스트이름72','테스트설명72',72,72,'2020-03-25 15:33:37',NULL,NULL,NULL,NULL,NULL,NULL,NULL),(300,168,'테스트이름73','테스트설명73',73,73,'2020-03-25 15:33:37',NULL,NULL,NULL,NULL,NULL,NULL,NULL),(300,169,'테스트이름74','테스트설명74',74,74,'2020-03-25 15:33:37',NULL,NULL,NULL,NULL,NULL,NULL,NULL),(300,170,'테스트이름75','테스트설명75',75,75,'2020-03-25 15:33:37',NULL,NULL,NULL,NULL,NULL,NULL,NULL),(300,171,'테스트이름76','테스트설명76',76,76,'2020-03-25 15:33:37',NULL,NULL,NULL,NULL,NULL,NULL,NULL),(300,172,'테스트이름77','테스트설명77',77,77,'2020-03-25 15:33:37',NULL,NULL,NULL,NULL,NULL,NULL,NULL),(300,173,'테스트이름78','테스트설명78',78,78,'2020-03-25 15:33:37',NULL,NULL,NULL,NULL,NULL,NULL,NULL),(300,174,'테스트이름79','테스트설명79',79,79,'2020-03-25 15:33:37',NULL,NULL,NULL,NULL,NULL,NULL,NULL),(300,175,'테스트이름80','테스트설명80',80,80,'2020-03-25 15:33:37',NULL,NULL,NULL,NULL,NULL,NULL,NULL),(300,176,'테스트이름81','테스트설명81',81,81,'2020-03-25 15:33:37',NULL,NULL,NULL,NULL,NULL,NULL,NULL),(300,177,'테스트이름82','테스트설명82',82,82,'2020-03-25 15:33:37',NULL,NULL,NULL,NULL,NULL,NULL,NULL),(300,178,'테스트이름83','테스트설명83',83,83,'2020-03-25 15:33:37',NULL,NULL,NULL,NULL,NULL,NULL,NULL),(300,179,'테스트이름84','테스트설명84',84,84,'2020-03-25 15:33:37',NULL,NULL,NULL,NULL,NULL,NULL,NULL),(300,180,'테스트이름85','테스트설명85',85,85,'2020-03-25 15:33:37',NULL,NULL,NULL,NULL,NULL,NULL,NULL),(300,181,'테스트이름86','테스트설명86',86,86,'2020-03-25 15:33:37',NULL,NULL,NULL,NULL,NULL,NULL,NULL),(300,182,'테스트이름87','테스트설명87',87,87,'2020-03-25 15:33:37',NULL,NULL,NULL,NULL,NULL,NULL,NULL),(300,183,'테스트이름88','테스트설명88',88,88,'2020-03-25 15:33:37',NULL,NULL,NULL,NULL,NULL,NULL,NULL),(300,184,'테스트이름89','테스트설명89',89,89,'2020-03-25 15:33:37',NULL,NULL,NULL,NULL,NULL,NULL,NULL),(300,185,'테스트이름90','테스트설명90',90,90,'2020-03-25 15:33:37',NULL,NULL,NULL,NULL,NULL,NULL,NULL),(300,186,'테스트이름91','테스트설명91',91,91,'2020-03-25 15:33:37',NULL,NULL,NULL,NULL,NULL,NULL,NULL),(300,187,'테스트이름92','테스트설명92',92,92,'2020-03-25 15:33:37',NULL,NULL,NULL,NULL,NULL,NULL,NULL),(300,188,'테스트이름93','테스트설명93',93,93,'2020-03-25 15:33:37',NULL,NULL,NULL,NULL,NULL,NULL,NULL),(300,189,'테스트이름94','테스트설명94',94,94,'2020-03-25 15:33:37',NULL,NULL,NULL,NULL,NULL,NULL,NULL),(300,190,'테스트이름95','테스트설명95',95,95,'2020-03-25 15:33:37',NULL,NULL,NULL,NULL,NULL,NULL,NULL),(300,191,'테스트이름96','테스트설명96',96,96,'2020-03-25 15:33:37',NULL,NULL,NULL,NULL,NULL,NULL,NULL),(300,192,'테스트이름97','테스트설명97',97,97,'2020-03-25 15:33:37',NULL,NULL,NULL,NULL,NULL,NULL,NULL),(300,193,'테스트이름98','테스트설명98',98,98,'2020-03-25 15:33:37',NULL,NULL,NULL,NULL,NULL,NULL,NULL),(300,194,'테스트이름99','테스트설명99',99,99,'2020-03-25 15:33:37',NULL,NULL,NULL,NULL,NULL,NULL,NULL),(300,195,'테스트이름100','테스트설명100',100,100,'2020-03-25 15:33:37',NULL,NULL,NULL,NULL,NULL,NULL,NULL),(300,196,'테스트이름101','테스트설명101',101,101,'2020-03-25 15:33:37',NULL,NULL,NULL,NULL,NULL,NULL,NULL),(300,197,'테스트이름102','테스트설명102',102,102,'2020-03-25 15:33:38',NULL,NULL,NULL,NULL,NULL,NULL,NULL),(300,198,'테스트이름103','테스트설명103',103,103,'2020-03-25 15:33:38',NULL,NULL,NULL,NULL,NULL,NULL,NULL),(300,199,'테스트이름104','테스트설명104',104,104,'2020-03-25 15:33:38',NULL,NULL,NULL,NULL,NULL,NULL,NULL),(300,200,'테스트이름105','테스트설명105',105,105,'2020-03-25 15:33:38',NULL,NULL,NULL,NULL,NULL,NULL,NULL),(400,201,'테스트이름106','테스트설명106',106,106,'2020-03-25 15:33:38',NULL,NULL,NULL,NULL,NULL,NULL,NULL),(400,202,'테스트이름107','테스트설명107',107,107,'2020-03-25 15:33:38',NULL,NULL,NULL,NULL,NULL,NULL,NULL),(400,203,'테스트이름108','테스트설명108',108,108,'2020-03-25 15:33:38',NULL,NULL,NULL,NULL,NULL,NULL,NULL),(400,204,'테스트이름109','테스트설명109',109,109,'2020-03-25 15:33:38',NULL,'12',NULL,NULL,NULL,NULL,NULL),(400,205,'테스트이름110','테스트설명110',110,110,'2020-03-25 15:33:38',NULL,NULL,NULL,NULL,NULL,NULL,NULL),(400,206,'테스트이름111','테스트설명111',111,111,'2020-03-25 15:33:38',NULL,NULL,NULL,NULL,NULL,NULL,NULL),(400,207,'테스트이름112','테스트설명112',112,112,'2020-03-25 15:33:38',NULL,NULL,NULL,NULL,NULL,NULL,NULL),(400,208,'테스트이름113','테스트설명113',113,113,'2020-03-25 15:33:38',NULL,NULL,NULL,NULL,NULL,NULL,NULL),(400,209,'테스트이름114','테스트설명114',114,114,'2020-03-25 15:33:38',NULL,NULL,NULL,NULL,NULL,NULL,NULL),(400,210,'테스트이름115','테스트설명115',115,115,'2020-03-25 15:33:38',NULL,NULL,NULL,NULL,NULL,NULL,NULL),(400,211,'테스트이름116','테스트설명116',116,116,'2020-03-25 15:33:38',NULL,NULL,NULL,NULL,NULL,NULL,NULL),(400,212,'테스트이름117','테스트설명117',117,117,'2020-03-25 15:33:38',NULL,NULL,NULL,NULL,NULL,NULL,NULL),(400,213,'테스트이름118','테스트설명118',118,118,'2020-03-25 15:33:38',NULL,NULL,NULL,NULL,NULL,NULL,NULL),(400,214,'테스트이름119','테스트설명119',119,119,'2020-03-25 15:33:38',NULL,NULL,NULL,NULL,NULL,NULL,NULL),(400,215,'테스트이름120','테스트설명120',120,120,'2020-03-25 15:33:38',NULL,NULL,NULL,NULL,NULL,NULL,NULL),(400,216,'테스트이름121','테스트설명121',121,121,'2020-03-25 15:33:38',NULL,NULL,NULL,NULL,NULL,NULL,NULL),(400,217,'테스트이름122','테스트설명122',122,122,'2020-03-25 15:33:38',NULL,NULL,NULL,NULL,NULL,NULL,NULL),(400,218,'테스트이름123','테스트설명123',123,123,'2020-03-25 15:33:38',NULL,NULL,NULL,NULL,NULL,NULL,NULL),(400,219,'테스트이름124','테스트설명124',124,124,'2020-03-25 15:33:38',NULL,NULL,NULL,NULL,NULL,NULL,NULL),(400,220,'테스트이름125','테스트설명125',125,125,'2020-03-25 15:33:38',NULL,NULL,NULL,NULL,NULL,NULL,NULL),(400,221,'테스트이름126','테스트설명126',126,126,'2020-03-25 15:33:38',NULL,NULL,NULL,NULL,NULL,NULL,NULL),(400,222,'테스트이름127','테스트설명127',127,127,'2020-03-25 15:33:38',NULL,NULL,NULL,NULL,NULL,NULL,NULL),(400,223,'테스트이름128','테스트설명128',128,128,'2020-03-25 15:33:38',NULL,NULL,NULL,NULL,NULL,NULL,NULL),(400,224,'테스트이름129','테스트설명129',129,129,'2020-03-25 15:33:38',NULL,NULL,NULL,NULL,NULL,NULL,NULL),(400,225,'테스트이름130','테스트설명130',130,130,'2020-03-25 15:33:38',NULL,NULL,NULL,NULL,NULL,NULL,NULL),(400,226,'테스트이름131','테스트설명131',131,131,'2020-03-25 15:33:38',NULL,NULL,NULL,NULL,NULL,NULL,NULL),(400,227,'테스트이름132','테스트설명132',132,132,'2020-03-25 15:33:38',NULL,NULL,NULL,NULL,NULL,NULL,NULL),(400,228,'테스트이름133','테스트설명133',133,133,'2020-03-25 15:33:38',NULL,NULL,NULL,NULL,NULL,NULL,NULL),(400,229,'테스트이름134','테스트설명134',134,134,'2020-03-25 15:33:38',NULL,NULL,NULL,NULL,NULL,NULL,NULL),(400,230,'테스트이름135','테스트설명135',135,135,'2020-03-25 15:33:39',NULL,NULL,NULL,NULL,NULL,NULL,NULL),(400,231,'테스트이름136','테스트설명136',136,136,'2020-03-25 15:33:39',NULL,NULL,NULL,NULL,NULL,NULL,NULL),(400,232,'테스트이름137','테스트설명137',137,137,'2020-03-25 15:33:39',NULL,NULL,NULL,NULL,NULL,NULL,NULL),(400,233,'테스트이름138','테스트설명138',138,138,'2020-03-25 15:33:39',NULL,NULL,NULL,NULL,NULL,NULL,NULL),(400,234,'테스트이름139','테스트설명139',139,139,'2020-03-25 15:33:39',NULL,NULL,NULL,NULL,NULL,NULL,NULL),(400,235,'테스트이름140','테스트설명140',140,140,'2020-03-25 15:33:39',NULL,NULL,NULL,NULL,NULL,NULL,NULL),(400,236,'테스트이름141','테스트설명141',141,141,'2020-03-25 15:33:39',NULL,NULL,NULL,NULL,NULL,NULL,NULL),(400,237,'테스트이름142','테스트설명142',142,142,'2020-03-25 15:33:39',NULL,NULL,NULL,NULL,NULL,NULL,NULL),(400,238,'테스트이름143','테스트설명143',143,143,'2020-03-25 15:33:39',NULL,NULL,NULL,NULL,NULL,NULL,NULL),(400,239,'테스트이름144','테스트설명144',144,144,'2020-03-25 15:33:39',NULL,NULL,NULL,NULL,NULL,NULL,NULL),(400,240,'테스트이름145','테스트설명145',145,145,'2020-03-25 15:33:39',NULL,NULL,NULL,NULL,NULL,NULL,NULL),(500,241,'테스트이름146','테스트설명146',146,146,'2020-03-25 15:33:39',NULL,NULL,NULL,NULL,NULL,NULL,NULL),(500,242,'테스트이름147','테스트설명147',147,147,'2020-03-25 15:33:39',NULL,NULL,NULL,NULL,NULL,NULL,NULL),(500,243,'테스트이름148','테스트설명148',148,148,'2020-03-25 15:33:39',NULL,NULL,NULL,NULL,NULL,NULL,NULL),(500,244,'테스트이름149','테스트설명149',149,149,'2020-03-25 15:33:39',NULL,NULL,NULL,NULL,NULL,NULL,NULL),(500,245,'테스트이름150','테스트설명150',150,150,'2020-03-25 15:33:39',NULL,NULL,NULL,NULL,NULL,NULL,NULL),(500,246,'테스트이름151','테스트설명151',151,151,'2020-03-25 15:33:39',NULL,NULL,NULL,NULL,NULL,NULL,NULL),(500,247,'테스트이름152','테스트설명152',152,152,'2020-03-25 15:33:39',NULL,NULL,NULL,NULL,NULL,NULL,NULL),(500,248,'테스트이름153','테스트설명153',153,153,'2020-03-25 15:33:39',NULL,NULL,NULL,NULL,NULL,NULL,NULL),(500,249,'테스트이름154','테스트설명154',154,154,'2020-03-25 15:33:39',NULL,NULL,NULL,NULL,NULL,NULL,NULL),(500,250,'테스트이름155','테스트설명155',155,155,'2020-03-25 15:33:39',NULL,NULL,NULL,NULL,NULL,NULL,NULL),(500,251,'테스트이름156','테스트설명156',156,156,'2020-03-25 15:33:39',NULL,NULL,NULL,NULL,NULL,NULL,NULL),(500,252,'테스트이름157','테스트설명157',157,157,'2020-03-25 15:33:39',NULL,NULL,NULL,NULL,NULL,NULL,NULL),(500,253,'테스트이름158','테스트설명158',158,158,'2020-03-25 15:33:39',NULL,NULL,NULL,NULL,NULL,NULL,NULL),(500,254,'테스트이름159','테스트설명159',159,159,'2020-03-25 15:33:39',NULL,NULL,NULL,NULL,NULL,NULL,NULL),(500,255,'테스트이름160','테스트설명160',160,160,'2020-03-25 15:33:39',NULL,NULL,NULL,NULL,NULL,NULL,NULL),(500,256,'테스트이름161','테스트설명161',161,161,'2020-03-25 15:33:39',NULL,NULL,NULL,NULL,NULL,NULL,NULL),(500,257,'테스트이름162','테스트설명162',162,162,'2020-03-25 15:33:39',NULL,NULL,NULL,NULL,NULL,NULL,NULL),(500,258,'테스트이름163','테스트설명163',163,163,'2020-03-25 15:33:39',NULL,NULL,NULL,NULL,NULL,NULL,NULL),(500,259,'테스트이름164','테스트설명164',164,164,'2020-03-25 15:33:39',NULL,NULL,NULL,NULL,NULL,NULL,NULL),(500,260,'테스트이름165','테스트설명165',165,165,'2020-03-25 15:33:39',NULL,NULL,NULL,NULL,NULL,NULL,NULL),(500,261,'테스트이름166','테스트설명166',166,166,'2020-03-25 15:33:39',NULL,NULL,NULL,NULL,NULL,NULL,NULL),(500,262,'테스트이름167','테스트설명167',167,167,'2020-03-25 15:33:40',NULL,NULL,NULL,NULL,NULL,NULL,NULL),(500,263,'테스트이름168','테스트설명168',168,168,'2020-03-25 15:33:40',NULL,NULL,NULL,NULL,NULL,NULL,NULL),(500,264,'테스트이름169','테스트설명169',169,169,'2020-03-25 15:33:40',NULL,NULL,NULL,NULL,NULL,NULL,NULL),(500,265,'테스트이름170','테스트설명170',170,170,'2020-03-25 15:33:40',NULL,NULL,NULL,NULL,NULL,NULL,NULL),(500,266,'테스트이름171','테스트설명171',171,171,'2020-03-25 15:33:40',NULL,NULL,NULL,NULL,NULL,NULL,NULL),(500,267,'테스트이름172','테스트설명172',172,172,'2020-03-25 15:33:40',NULL,NULL,NULL,NULL,NULL,NULL,NULL),(500,268,'테스트이름173','테스트설명173',173,173,'2020-03-25 15:33:40',NULL,NULL,NULL,NULL,NULL,NULL,NULL),(500,269,'테스트이름174','테스트설명174',174,174,'2020-03-25 15:33:40',NULL,NULL,NULL,NULL,NULL,NULL,NULL),(500,270,'테스트이름175','테스트설명175',175,175,'2020-03-25 15:33:40',NULL,NULL,NULL,NULL,NULL,NULL,NULL),(500,271,'테스트이름176','테스트설명176',176,176,'2020-03-25 15:33:40',NULL,NULL,NULL,NULL,NULL,NULL,NULL),(500,272,'테스트이름177','테스트설명177',177,177,'2020-03-25 15:33:40',NULL,NULL,NULL,NULL,NULL,NULL,NULL),(500,273,'테스트이름178','테스트설명178',178,178,'2020-03-25 15:33:40',NULL,NULL,NULL,NULL,NULL,NULL,NULL),(500,274,'테스트이름179','테스트설명179',179,179,'2020-03-25 15:33:40',NULL,NULL,NULL,NULL,NULL,NULL,NULL),(500,275,'테스트이름180','테스트설명180',180,180,'2020-03-25 15:33:40',NULL,NULL,NULL,NULL,NULL,NULL,NULL),(500,276,'테스트이름181','테스트설명181',181,181,'2020-03-25 15:33:40',NULL,NULL,NULL,NULL,NULL,NULL,NULL),(500,277,'테스트이름182','테스트설명182',182,182,'2020-03-25 15:33:40',NULL,NULL,NULL,NULL,NULL,NULL,NULL),(500,278,'테스트이름183','테스트설명183',183,183,'2020-03-25 15:33:40',NULL,NULL,NULL,NULL,NULL,NULL,NULL),(500,279,'테스트이름184','테스트설명184',184,184,'2020-03-25 15:33:40',NULL,NULL,NULL,NULL,NULL,NULL,NULL),(500,280,'테스트이름185','테스트설명185',185,185,'2020-03-25 15:33:40',NULL,NULL,NULL,NULL,NULL,NULL,NULL),(600,281,'테스트이름186','테스트설명186',186,186,'2020-03-25 15:33:40',NULL,NULL,NULL,NULL,NULL,NULL,NULL),(600,282,'테스트이름187','테스트설명187',187,187,'2020-03-25 15:33:40',NULL,NULL,NULL,NULL,NULL,NULL,NULL),(600,283,'테스트이름188','테스트설명188',188,188,'2020-03-25 15:33:40',NULL,NULL,NULL,NULL,NULL,NULL,NULL),(600,284,'테스트이름189','테스트설명189',189,189,'2020-03-25 15:33:40',NULL,NULL,NULL,NULL,NULL,NULL,NULL),(600,285,'테스트이름190','테스트설명190',190,187,'2020-03-25 15:33:40',NULL,NULL,NULL,NULL,NULL,NULL,NULL),(600,286,'테스트이름191','테스트설명191',191,191,'2020-03-25 15:33:40',NULL,NULL,NULL,NULL,NULL,NULL,NULL),(600,287,'테스트이름192','테스트설명192',192,192,'2020-03-25 15:33:40',NULL,NULL,NULL,NULL,NULL,NULL,NULL),(600,288,'테스트이름193','테스트설명193',193,193,'2020-03-25 15:33:40',NULL,NULL,NULL,NULL,NULL,NULL,NULL),(600,289,'테스트이름194','테스트설명194',194,194,'2020-03-25 15:33:40',NULL,NULL,NULL,NULL,NULL,NULL,NULL),(600,290,'테스트이름195','테스트설명195',195,195,'2020-03-25 15:33:40',NULL,NULL,NULL,NULL,NULL,NULL,NULL),(600,291,'테스트이름196','테스트설명196',196,196,'2020-03-25 15:33:40',NULL,NULL,NULL,NULL,NULL,NULL,NULL),(600,292,'테스트이름197','테스트설명197',197,197,'2020-03-25 15:33:40',NULL,NULL,NULL,NULL,NULL,NULL,NULL),(600,293,'테스트이름198','테스트설명198',198,198,'2020-03-25 15:33:40',NULL,NULL,NULL,NULL,NULL,NULL,NULL),(600,294,'테스트이름199','테스트설명199',199,199,'2020-03-25 15:33:40',NULL,NULL,NULL,NULL,NULL,NULL,NULL),(600,295,'테스트이름200','테스트설명200',200,200,'2020-03-25 15:33:41',NULL,NULL,NULL,NULL,NULL,NULL,NULL),(600,296,'테스트이름201','테스트설명201',201,201,'2020-03-25 15:33:41',NULL,NULL,NULL,NULL,NULL,NULL,NULL),(600,297,'테스트이름202','테스트설명202',202,202,'2020-03-25 15:33:41',NULL,NULL,NULL,NULL,NULL,NULL,NULL),(600,298,'테스트이름203','테스트설명203',203,203,'2020-03-25 15:33:41',NULL,NULL,NULL,NULL,NULL,NULL,NULL),(600,299,'테스트이름204','테스트설명204',204,204,'2020-03-25 15:33:41',NULL,NULL,NULL,NULL,NULL,NULL,NULL),(600,300,'테스트이름205','테스트설명205',205,205,'2020-03-25 15:33:41',NULL,NULL,NULL,NULL,NULL,NULL,NULL),(600,301,'테스트이름206','테스트설명206',206,206,'2020-03-25 15:33:41',NULL,NULL,NULL,NULL,NULL,NULL,NULL),(600,302,'테스트이름207','테스트설명207',207,207,'2020-03-25 15:33:41',NULL,NULL,NULL,NULL,NULL,NULL,NULL),(600,303,'테스트이름208','테스트설명208',208,208,'2020-03-25 15:33:41',NULL,NULL,NULL,NULL,NULL,NULL,NULL),(600,304,'테스트이름209','테스트설명209',209,209,'2020-03-25 15:33:41',NULL,NULL,NULL,NULL,NULL,NULL,NULL),(600,305,'테스트이름210','테스트설명210',210,210,'2020-03-25 15:33:41',NULL,NULL,NULL,NULL,NULL,NULL,NULL),(600,306,'테스트이름211','테스트설명211',211,211,'2020-03-25 15:33:41',NULL,NULL,NULL,NULL,NULL,NULL,NULL),(600,307,'테스트이름212','테스트설명212',212,212,'2020-03-25 15:33:41',NULL,NULL,NULL,NULL,NULL,NULL,NULL),(600,308,'테스트이름213','테스트설명213',213,213,'2020-03-25 15:33:41',NULL,NULL,NULL,NULL,NULL,NULL,NULL),(600,309,'테스트이름214','테스트설명214',214,214,'2020-03-25 15:33:41',NULL,NULL,NULL,NULL,NULL,NULL,NULL),(600,310,'테스트이름215','테스트설명215',215,215,'2020-03-25 15:33:41',NULL,NULL,NULL,NULL,NULL,NULL,NULL),(600,311,'테스트이름216','테스트설명216',216,216,'2020-03-25 15:33:41',NULL,NULL,NULL,NULL,NULL,NULL,NULL),(600,312,'테스트이름217','테스트설명217',217,217,'2020-03-25 15:33:41',NULL,NULL,NULL,NULL,NULL,NULL,NULL),(600,313,'테스트이름218','테스트설명218',218,218,'2020-03-25 15:33:41',NULL,NULL,NULL,NULL,NULL,NULL,NULL),(600,314,'테스트이름219','테스트설명219',219,219,'2020-03-25 15:33:41',NULL,NULL,NULL,NULL,NULL,NULL,NULL),(600,315,'테스트이름220','테스트설명220',220,220,'2020-03-25 15:33:41',NULL,NULL,NULL,NULL,NULL,NULL,NULL),(600,316,'테스트이름221','테스트설명221',221,221,'2020-03-25 15:33:41',NULL,NULL,NULL,NULL,NULL,NULL,NULL),(600,317,'테스트이름222','테스트설명222',222,222,'2020-03-25 15:33:41',NULL,NULL,NULL,NULL,NULL,NULL,NULL),(600,318,'테스트이름223','테스트설명223',223,223,'2020-03-25 15:33:41',NULL,NULL,NULL,NULL,NULL,NULL,NULL),(600,319,'테스트이름224','테스트설명224',224,224,'2020-03-25 15:33:41',NULL,NULL,NULL,NULL,NULL,NULL,NULL),(600,320,'테스트이름225','테스트설명225',225,225,'2020-03-25 15:33:41',NULL,NULL,NULL,NULL,NULL,NULL,NULL),(700,321,'테스트이름226','테스트설명226',226,226,'2020-03-25 15:33:41',NULL,NULL,NULL,NULL,NULL,NULL,NULL),(700,322,'테스트이름227','테스트설명227',227,227,'2020-03-25 15:33:42',NULL,NULL,NULL,NULL,NULL,NULL,NULL),(700,323,'테스트이름228','테스트설명228',228,228,'2020-03-25 15:33:42',NULL,NULL,NULL,NULL,NULL,NULL,NULL),(700,324,'테스트이름229','테스트설명229',229,229,'2020-03-25 15:33:42',NULL,NULL,NULL,NULL,NULL,NULL,NULL),(700,325,'테스트이름230','테스트설명230',230,230,'2020-03-25 15:33:42',NULL,NULL,NULL,NULL,NULL,NULL,NULL),(700,326,'테스트이름231','테스트설명231',231,231,'2020-03-25 15:33:42',NULL,NULL,NULL,NULL,NULL,NULL,NULL),(700,327,'테스트이름232','테스트설명232',232,232,'2020-03-25 15:33:42',NULL,NULL,NULL,NULL,NULL,NULL,NULL),(700,328,'테스트이름233','테스트설명233',233,233,'2020-03-25 15:33:42',NULL,NULL,NULL,NULL,NULL,NULL,NULL),(700,329,'테스트이름234','테스트설명234',234,234,'2020-03-25 15:33:42',NULL,NULL,NULL,NULL,NULL,NULL,NULL),(700,330,'테스트이름235','테스트설명235',235,235,'2020-03-25 15:33:42',NULL,NULL,NULL,NULL,NULL,NULL,NULL),(700,331,'테스트이름236','테스트설명236',236,236,'2020-03-25 15:33:42',NULL,NULL,NULL,NULL,NULL,NULL,NULL),(700,332,'테스트이름237','테스트설명237',237,237,'2020-03-25 15:33:42',NULL,NULL,NULL,NULL,NULL,NULL,NULL),(700,333,'테스트이름238','테스트설명238',238,238,'2020-03-25 15:33:42',NULL,NULL,NULL,NULL,NULL,NULL,NULL),(700,334,'테스트이름239','테스트설명239',239,239,'2020-03-25 15:33:42',NULL,NULL,NULL,NULL,NULL,NULL,NULL),(700,335,'테스트이름240','테스트설명240',240,240,'2020-03-25 15:33:42',NULL,NULL,NULL,NULL,NULL,NULL,NULL),(700,336,'테스트이름241','테스트설명241',241,241,'2020-03-25 15:33:42',NULL,NULL,NULL,NULL,NULL,NULL,NULL),(700,337,'테스트이름242','테스트설명242',242,242,'2020-03-25 15:33:42',NULL,NULL,NULL,NULL,NULL,NULL,NULL),(700,338,'테스트이름243','테스트설명243',243,243,'2020-03-25 15:33:42',NULL,NULL,NULL,NULL,NULL,NULL,NULL),(700,339,'테스트이름244','테스트설명244',244,244,'2020-03-25 15:33:42',NULL,NULL,NULL,NULL,NULL,NULL,NULL),(700,340,'테스트이름245','테스트설명245',245,245,'2020-03-25 15:33:42',NULL,NULL,NULL,NULL,NULL,NULL,NULL),(700,341,'테스트이름246','테스트설명246',246,246,'2020-03-25 15:33:42',NULL,NULL,NULL,NULL,NULL,NULL,NULL),(700,342,'테스트이름247','테스트설명247',247,247,'2020-03-25 15:33:42',NULL,NULL,NULL,NULL,NULL,NULL,NULL),(700,343,'테스트이름248','테스트설명248',248,248,'2020-03-25 15:33:42',NULL,NULL,NULL,NULL,NULL,NULL,NULL),(700,344,'테스트이름249','테스트설명249',249,249,'2020-03-25 15:33:42',NULL,NULL,NULL,NULL,NULL,NULL,NULL),(700,345,'테스트이름250','테스트설명250',250,250,'2020-03-25 15:33:42',NULL,NULL,NULL,NULL,NULL,NULL,NULL),(700,346,'테스트이름251','테스트설명251',251,251,'2020-03-25 15:33:42',NULL,NULL,NULL,NULL,NULL,NULL,NULL),(700,347,'테스트이름252','테스트설명252',252,252,'2020-03-25 15:33:42',NULL,NULL,NULL,NULL,NULL,NULL,NULL),(700,348,'테스트이름253','테스트설명253',253,253,'2020-03-25 15:33:42',NULL,NULL,NULL,NULL,NULL,NULL,NULL),(700,349,'테스트이름254','테스트설명254',254,254,'2020-03-25 15:33:42',NULL,NULL,NULL,NULL,NULL,NULL,NULL),(700,350,'테스트이름255','테스트설명255',255,255,'2020-03-25 15:33:42',NULL,NULL,NULL,NULL,NULL,NULL,NULL),(700,351,'테스트이름256','테스트설명256',256,256,'2020-03-25 15:33:42',NULL,NULL,NULL,NULL,NULL,NULL,NULL),(700,352,'테스트이름257','테스트설명257',257,257,'2020-03-25 15:33:42',NULL,NULL,NULL,NULL,NULL,NULL,NULL),(700,353,'테스트이름258','테스트설명258',258,258,'2020-03-25 15:33:43',NULL,NULL,NULL,NULL,NULL,NULL,NULL),(700,354,'테스트이름259','테스트설명259',259,259,'2020-03-25 15:33:43',NULL,NULL,NULL,NULL,NULL,NULL,NULL),(700,355,'테스트이름260','테스트설명260',260,260,'2020-03-25 15:33:43',NULL,NULL,NULL,NULL,NULL,NULL,NULL),(700,356,'테스트이름261','테스트설명261',261,261,'2020-03-25 15:33:43',NULL,NULL,NULL,NULL,NULL,NULL,NULL),(700,357,'테스트이름262','테스트설명262',262,262,'2020-03-25 15:33:43',NULL,NULL,NULL,NULL,NULL,NULL,NULL),(700,358,'테스트이름263','테스트설명263',263,263,'2020-03-25 15:33:43',NULL,NULL,NULL,NULL,NULL,NULL,NULL),(700,359,'테스트이름264','테스트설명264',264,264,'2020-03-25 15:33:43',NULL,NULL,NULL,NULL,NULL,NULL,NULL),(700,360,'테스트이름265','테스트설명265',265,265,'2020-03-25 15:33:43',NULL,NULL,NULL,NULL,NULL,NULL,NULL),(701,361,'테스트이름266','테스트설명266',266,266,'2020-03-25 15:33:43',NULL,NULL,NULL,NULL,NULL,NULL,NULL),(701,362,'테스트이름267','테스트설명267',267,267,'2020-03-25 15:33:43',NULL,NULL,NULL,NULL,NULL,NULL,NULL),(701,363,'테스트이름268','테스트설명268',268,268,'2020-03-25 15:33:43',NULL,NULL,NULL,NULL,NULL,NULL,NULL),(701,364,'테스트이름269','테스트설명269',269,269,'2020-03-25 15:33:43',NULL,NULL,NULL,NULL,NULL,NULL,NULL),(701,365,'테스트이름270','테스트설명270',270,270,'2020-03-25 15:33:43',NULL,NULL,NULL,NULL,NULL,NULL,NULL),(701,366,'테스트이름271','테스트설명271',271,271,'2020-03-25 15:33:43',NULL,NULL,NULL,NULL,NULL,NULL,NULL),(701,367,'테스트이름272','테스트설명272',272,272,'2020-03-25 15:33:43',NULL,NULL,NULL,NULL,NULL,NULL,NULL),(701,368,'테스트이름273','테스트설명273',273,273,'2020-03-25 15:33:43',NULL,NULL,NULL,NULL,NULL,NULL,NULL),(701,369,'테스트이름274','테스트설명274',274,274,'2020-03-25 15:33:43',NULL,NULL,NULL,NULL,NULL,NULL,NULL),(701,370,'테스트이름275','테스트설명275',275,275,'2020-03-25 15:33:43',NULL,NULL,NULL,NULL,NULL,NULL,NULL),(701,371,'테스트이름276','테스트설명276',276,276,'2020-03-25 15:33:43',NULL,NULL,NULL,NULL,NULL,NULL,NULL),(701,372,'테스트이름277','테스트설명277',277,277,'2020-03-25 15:33:43',NULL,NULL,NULL,NULL,NULL,NULL,NULL),(701,373,'테스트이름278','테스트설명278',278,278,'2020-03-25 15:33:43',NULL,NULL,NULL,NULL,NULL,NULL,NULL),(701,374,'테스트이름279','테스트설명279',279,279,'2020-03-25 15:33:43',NULL,NULL,NULL,NULL,NULL,NULL,NULL),(701,375,'테스트이름280','테스트설명280',280,280,'2020-03-25 15:33:43',NULL,NULL,NULL,NULL,NULL,NULL,NULL),(701,376,'테스트이름281','테스트설명281',281,281,'2020-03-25 15:33:43',NULL,NULL,NULL,NULL,NULL,NULL,NULL),(701,377,'테스트이름282','테스트설명282',282,282,'2020-03-25 15:33:43',NULL,NULL,NULL,NULL,NULL,NULL,NULL),(701,378,'테스트이름283','테스트설명283',283,283,'2020-03-25 15:33:43',NULL,NULL,NULL,NULL,NULL,NULL,NULL),(701,379,'테스트이름284','테스트설명284',284,284,'2020-03-25 15:33:43',NULL,NULL,NULL,NULL,NULL,NULL,NULL),(701,380,'테스트이름285','테스트설명285',285,285,'2020-03-25 15:33:43',NULL,NULL,NULL,NULL,NULL,NULL,NULL),(701,381,'테스트이름286','테스트설명286',286,286,'2020-03-25 15:33:43',NULL,NULL,NULL,NULL,NULL,NULL,NULL),(701,382,'테스트이름287','테스트설명287',287,287,'2020-03-25 15:33:43',NULL,NULL,NULL,NULL,NULL,NULL,NULL),(701,383,'테스트이름288','테스트설명288',288,288,'2020-03-25 15:33:43',NULL,NULL,NULL,NULL,NULL,NULL,NULL),(701,384,'테스트이름289','테스트설명289',289,289,'2020-03-25 15:33:43',NULL,NULL,NULL,NULL,NULL,NULL,NULL),(701,385,'테스트이름290','테스트설명290',290,290,'2020-03-25 15:33:43',NULL,NULL,NULL,NULL,NULL,NULL,NULL),(701,386,'테스트이름291','테스트설명291',291,291,'2020-03-25 15:33:43',NULL,NULL,NULL,NULL,NULL,NULL,NULL),(701,387,'테스트이름292','테스트설명292',292,292,'2020-03-25 15:33:43',NULL,NULL,NULL,NULL,NULL,NULL,NULL),(701,388,'테스트이름293','테스트설명293',293,293,'2020-03-25 15:33:44',NULL,NULL,NULL,NULL,NULL,NULL,NULL),(701,389,'테스트이름294','테스트설명294',294,294,'2020-03-25 15:33:44',NULL,NULL,NULL,NULL,NULL,NULL,NULL),(701,390,'테스트이름295','테스트설명295',295,295,'2020-03-25 15:33:44',NULL,NULL,NULL,NULL,NULL,NULL,NULL),(701,391,'테스트이름296','테스트설명296',296,296,'2020-03-25 15:33:44',NULL,NULL,NULL,NULL,NULL,NULL,NULL),(701,392,'테스트이름297','테스트설명297',297,297,'2020-03-25 15:33:44',NULL,NULL,NULL,NULL,NULL,NULL,NULL),(701,393,'테스트이름298','테스트설명298',298,298,'2020-03-25 15:33:44',NULL,NULL,NULL,NULL,NULL,NULL,NULL),(701,394,'테스트이름299','테스트설명299',299,299,'2020-03-25 15:33:44',NULL,NULL,NULL,NULL,NULL,NULL,NULL),(701,395,'테스트이름300','테스트설명300',300,300,'2020-03-25 15:33:44',NULL,NULL,NULL,NULL,NULL,NULL,NULL),(701,396,'테스트이름301','테스트설명301',301,301,'2020-03-25 15:33:44',NULL,NULL,NULL,NULL,NULL,NULL,NULL),(701,397,'테스트이름302','테스트설명302',302,302,'2020-03-25 15:33:44',NULL,NULL,NULL,NULL,NULL,NULL,NULL),(701,398,'테스트이름303','테스트설명303',303,303,'2020-03-25 15:33:44',NULL,NULL,NULL,NULL,NULL,NULL,NULL),(701,399,'테스트이름304','테스트설명304',304,304,'2020-03-25 15:33:44',NULL,NULL,NULL,NULL,NULL,NULL,NULL),(701,400,'테스트이름305','테스트설명305',305,305,'2020-03-25 15:33:44',NULL,NULL,NULL,NULL,NULL,NULL,NULL),(701,401,'테스트이름306','테스트설명306',306,306,'2020-03-25 15:33:44',NULL,NULL,NULL,NULL,NULL,NULL,NULL),(701,402,'테스트이름307','테스트설명307',307,307,'2020-03-25 15:33:44',NULL,NULL,NULL,NULL,NULL,NULL,NULL),(701,403,'테스트이름308','테스트설명308',308,308,'2020-03-25 15:33:44',NULL,NULL,NULL,NULL,NULL,NULL,NULL),(701,404,'테스트이름309','테스트설명309',309,309,'2020-03-25 15:33:44',NULL,NULL,NULL,NULL,NULL,NULL,NULL),(701,405,'테스트이름310','테스트설명310',310,310,'2020-03-25 15:33:44',NULL,NULL,NULL,NULL,NULL,NULL,NULL),(701,406,'테스트이름311','테스트설명311',311,311,'2020-03-25 15:33:44',NULL,NULL,NULL,NULL,NULL,NULL,NULL),(701,407,'테스트이름312','테스트설명312',312,312,'2020-03-25 15:33:44',NULL,NULL,NULL,NULL,NULL,NULL,NULL),(701,408,'테스트이름313','테스트설명313',313,313,'2020-03-25 15:33:44',NULL,NULL,NULL,NULL,NULL,NULL,NULL),(701,409,'테스트이름314','테스트설명314',314,314,'2020-03-25 15:33:44',NULL,NULL,NULL,NULL,NULL,NULL,NULL),(701,410,'테스트이름315','테스트설명315',315,315,'2020-03-25 15:33:44',NULL,NULL,NULL,NULL,NULL,NULL,NULL),(701,411,'테스트이름316','테스트설명316',316,316,'2020-03-25 15:33:44',NULL,NULL,NULL,NULL,NULL,NULL,NULL),(701,412,'테스트이름317','테스트설명317',317,317,'2020-03-25 15:33:44',NULL,NULL,NULL,NULL,NULL,NULL,NULL),(701,413,'테스트이름318','테스트설명318',318,318,'2020-03-25 15:33:44',NULL,NULL,NULL,NULL,NULL,NULL,NULL),(701,414,'테스트이름319','테스트설명319',319,319,'2020-03-25 15:33:44',NULL,NULL,NULL,NULL,NULL,NULL,NULL),(701,415,'테스트이름320','테스트설명320',320,320,'2020-03-25 15:33:44',NULL,NULL,NULL,NULL,NULL,NULL,NULL),(701,416,'테스트이름321','테스트설명321',321,321,'2020-03-25 15:33:44',NULL,NULL,NULL,NULL,NULL,NULL,NULL),(701,417,'테스트이름322','테스트설명322',322,322,'2020-03-25 15:33:44',NULL,NULL,NULL,NULL,NULL,NULL,NULL),(701,418,'테스트이름323','테스트설명323',323,323,'2020-03-25 15:33:44',NULL,NULL,NULL,NULL,NULL,NULL,NULL),(701,419,'테스트이름324','테스트설명324',324,324,'2020-03-25 15:33:44',NULL,NULL,NULL,NULL,NULL,NULL,NULL),(701,420,'테스트이름325','테스트설명325',325,325,'2020-03-25 15:33:44',NULL,NULL,NULL,NULL,NULL,NULL,NULL),(701,421,'테스트이름326','테스트설명326',326,326,'2020-03-25 15:33:44',NULL,NULL,NULL,NULL,NULL,NULL,NULL),(701,422,'테스트이름327','테스트설명327',327,327,'2020-03-25 15:33:44',NULL,NULL,NULL,NULL,NULL,NULL,NULL),(701,423,'테스트이름328','테스트설명328',328,328,'2020-03-25 15:33:44',NULL,NULL,NULL,NULL,NULL,NULL,NULL),(701,424,'테스트이름329','테스트설명329',329,329,'2020-03-25 15:33:45',NULL,NULL,NULL,NULL,NULL,NULL,NULL),(701,425,'테스트이름330','테스트설명330',330,330,'2020-03-25 15:33:45',NULL,NULL,NULL,NULL,NULL,NULL,NULL),(701,426,'테스트이름331','테스트설명331',331,331,'2020-03-25 15:33:45',NULL,NULL,NULL,NULL,NULL,NULL,NULL),(701,427,'테스트이름332','테스트설명332',332,332,'2020-03-25 15:33:45',NULL,NULL,NULL,NULL,NULL,NULL,NULL),(701,428,'테스트이름333','테스트설명333',333,333,'2020-03-25 15:33:45',NULL,NULL,NULL,NULL,NULL,NULL,NULL),(701,429,'테스트이름334','테스트설명334',334,334,'2020-03-25 15:33:45',NULL,NULL,NULL,NULL,NULL,NULL,NULL),(701,430,'테스트이름335','테스트설명335',335,335,'2020-03-25 15:33:45',NULL,NULL,NULL,NULL,NULL,NULL,NULL),(701,431,'테스트이름336','테스트설명336',336,336,'2020-03-25 15:33:45',NULL,NULL,NULL,NULL,NULL,NULL,NULL),(701,432,'테스트이름337','테스트설명337',337,337,'2020-03-25 15:33:45',NULL,NULL,NULL,NULL,NULL,NULL,NULL),(701,433,'테스트이름338','테스트설명338',338,338,'2020-03-25 15:33:45',NULL,NULL,NULL,NULL,NULL,NULL,NULL),(701,434,'테스트이름339','테스트설명339',339,339,'2020-03-25 15:33:45',NULL,NULL,NULL,NULL,NULL,NULL,NULL),(701,435,'테스트이름340','테스트설명340',340,340,'2020-03-25 15:33:45',NULL,NULL,NULL,NULL,NULL,NULL,NULL),(701,436,'테스트이름341','테스트설명341',341,341,'2020-03-25 15:33:45',NULL,NULL,NULL,NULL,NULL,NULL,NULL),(701,437,'테스트이름342','테스트설명342',342,342,'2020-03-25 15:33:45',NULL,NULL,NULL,NULL,NULL,NULL,NULL),(701,438,'테스트이름343','테스트설명343',343,343,'2020-03-25 15:33:45',NULL,NULL,NULL,NULL,NULL,NULL,NULL),(701,439,'테스트이름344','테스트설명344',344,344,'2020-03-25 15:33:45',NULL,NULL,NULL,NULL,NULL,NULL,NULL),(701,440,'테스트이름345','테스트설명345',345,345,'2020-03-25 15:33:45',NULL,NULL,NULL,NULL,NULL,NULL,NULL),(701,441,'테스트이름346','테스트설명346',346,346,'2020-03-25 15:33:45',NULL,NULL,NULL,NULL,NULL,NULL,NULL),(701,442,'테스트이름347','테스트설명347',347,347,'2020-03-25 15:33:45',NULL,NULL,NULL,NULL,NULL,NULL,NULL),(701,443,'테스트이름348','테스트설명348',348,348,'2020-03-25 15:33:45',NULL,NULL,NULL,NULL,NULL,NULL,NULL),(701,444,'테스트이름349','테스트설명349',349,349,'2020-03-25 15:33:45',NULL,NULL,NULL,NULL,NULL,NULL,NULL),(701,445,'테스트이름350','테스트설명350',350,350,'2020-03-25 15:33:45',NULL,NULL,NULL,NULL,NULL,NULL,NULL),(701,446,'테스트이름351','테스트설명351',351,351,'2020-03-25 15:33:45',NULL,NULL,NULL,NULL,NULL,NULL,NULL),(701,447,'테스트이름352','테스트설명352',352,352,'2020-03-25 15:33:45',NULL,NULL,NULL,NULL,NULL,NULL,NULL),(701,448,'테스트이름353','테스트설명353',353,353,'2020-03-25 15:33:45',NULL,NULL,NULL,NULL,NULL,NULL,NULL),(701,449,'테스트이름354','테스트설명354',354,354,'2020-03-25 15:33:45',NULL,NULL,NULL,NULL,NULL,NULL,NULL),(701,450,'테스트이름355','테스트설명355',355,355,'2020-03-25 15:33:45',NULL,NULL,NULL,NULL,NULL,NULL,NULL),(701,451,'테스트이름356','테스트설명356',356,356,'2020-03-25 15:33:45',NULL,NULL,NULL,NULL,NULL,NULL,NULL),(701,452,'테스트이름357','테스트설명357',357,357,'2020-03-25 15:33:45',NULL,NULL,NULL,NULL,NULL,NULL,NULL),(701,453,'테스트이름358','테스트설명358',358,358,'2020-03-25 15:33:45',NULL,NULL,NULL,NULL,NULL,NULL,NULL),(701,454,'테스트이름359','테스트설명359',359,359,'2020-03-25 15:33:45',NULL,NULL,NULL,NULL,NULL,NULL,NULL),(701,455,'테스트이름360','테스트설명360',360,360,'2020-03-25 15:33:45',NULL,NULL,NULL,NULL,NULL,NULL,NULL),(701,456,'테스트이름361','테스트설명361',361,361,'2020-03-25 15:33:45',NULL,NULL,NULL,NULL,NULL,NULL,NULL),(701,457,'테스트이름362','테스트설명362',362,362,'2020-03-25 15:33:45',NULL,NULL,NULL,NULL,NULL,NULL,NULL),(701,458,'테스트이름363','테스트설명363',363,363,'2020-03-25 15:33:45',NULL,NULL,NULL,NULL,NULL,NULL,NULL),(701,459,'테스트이름364','테스트설명364',364,364,'2020-03-25 15:33:46',NULL,NULL,NULL,NULL,NULL,NULL,NULL),(701,460,'테스트이름365','테스트설명365',365,365,'2020-03-25 15:33:46',NULL,NULL,NULL,NULL,NULL,NULL,NULL),(600,461,'테스트이름366','테스트설명366',366,366,'2020-03-25 15:33:46',NULL,NULL,NULL,NULL,NULL,NULL,NULL),(600,462,'테스트이름367','테스트설명367',367,367,'2020-03-25 15:33:46',NULL,NULL,NULL,NULL,NULL,NULL,NULL),(600,463,'테스트이름368','테스트설명368',368,368,'2020-03-25 15:33:46',NULL,NULL,NULL,NULL,NULL,NULL,NULL),(600,464,'테스트이름369','테스트설명369',369,369,'2020-03-25 15:33:46',NULL,NULL,NULL,NULL,NULL,NULL,NULL),(600,465,'테스트이름370','테스트설명370',370,370,'2020-03-25 15:33:46',NULL,NULL,NULL,NULL,NULL,NULL,NULL),(600,466,'테스트이름371','테스트설명371',371,371,'2020-03-25 15:33:46',NULL,NULL,NULL,NULL,NULL,NULL,NULL),(600,467,'테스트이름372','테스트설명372',372,372,'2020-03-25 15:33:46',NULL,NULL,NULL,NULL,NULL,NULL,NULL),(600,468,'테스트이름373','테스트설명373',373,373,'2020-03-25 15:33:46',NULL,NULL,NULL,NULL,NULL,NULL,NULL),(600,469,'테스트이름374','테스트설명374',374,374,'2020-03-25 15:33:46',NULL,NULL,NULL,NULL,NULL,NULL,NULL),(600,470,'테스트이름375','테스트설명375',375,375,'2020-03-25 15:33:46',NULL,NULL,NULL,NULL,NULL,NULL,NULL),(600,471,'테스트이름376','테스트설명376',376,376,'2020-03-25 15:33:46',NULL,NULL,NULL,NULL,NULL,NULL,NULL),(600,472,'테스트이름377','테스트설명377',377,377,'2020-03-25 15:33:46',NULL,NULL,NULL,NULL,NULL,NULL,NULL),(600,473,'테스트이름378','테스트설명378',378,378,'2020-03-25 15:33:46',NULL,NULL,NULL,NULL,NULL,NULL,NULL),(600,474,'테스트이름379','테스트설명379',379,379,'2020-03-25 15:33:46',NULL,NULL,NULL,NULL,NULL,NULL,NULL),(600,475,'테스트이름380','테스트설명380',380,380,'2020-03-25 15:33:46',NULL,NULL,NULL,NULL,NULL,NULL,NULL),(600,476,'테스트이름381','테스트설명381',381,381,'2020-03-25 15:33:46',NULL,NULL,NULL,NULL,NULL,NULL,NULL),(600,477,'테스트이름382','테스트설명382',382,382,'2020-03-25 15:33:46',NULL,NULL,NULL,NULL,NULL,NULL,NULL),(600,478,'테스트이름383','테스트설명383',383,383,'2020-03-25 15:33:46',NULL,NULL,NULL,NULL,NULL,NULL,NULL),(600,479,'테스트이름384','테스트설명384',384,384,'2020-03-25 15:33:46',NULL,NULL,NULL,NULL,NULL,NULL,NULL),(600,480,'테스트이름385','테스트설명385',385,385,'2020-03-25 15:33:46',NULL,NULL,NULL,NULL,NULL,NULL,NULL),(600,481,'테스트이름386','테스트설명386',386,386,'2020-03-25 15:33:46',NULL,NULL,NULL,NULL,NULL,NULL,NULL),(600,482,'테스트이름387','테스트설명387',387,387,'2020-03-25 15:33:46',NULL,NULL,NULL,NULL,NULL,NULL,NULL),(600,483,'테스트이름388','테스트설명388',388,388,'2020-03-25 15:33:46',NULL,NULL,NULL,NULL,NULL,NULL,NULL),(600,484,'테스트이름389','테스트설명389',389,389,'2020-03-25 15:33:46',NULL,NULL,NULL,NULL,NULL,NULL,NULL),(600,485,'테스트이름390','테스트설명390',390,390,'2020-03-25 15:33:46',NULL,NULL,NULL,NULL,NULL,NULL,NULL),(703,486,'테스트이름391','테스트설명391',391,391,'2020-03-25 15:33:46',NULL,NULL,NULL,NULL,NULL,NULL,NULL),(703,487,'테스트이름392','테스트설명392',392,392,'2020-03-25 15:33:46','','','','','','',''),(703,488,'테스트이름393','테스트설명393wee534534345345',393,393,'2020-03-25 15:33:47','','','','','','',''),(703,600,'테스트이름91','테스트설명91',91,91,'2020-04-07 18:34:36',NULL,NULL,NULL,NULL,NULL,NULL,NULL),(703,601,'테스트이름92','테스트설명92',92,92,'2020-04-07 18:34:36',NULL,NULL,NULL,NULL,NULL,NULL,NULL),(703,602,'테스트이름93','테스트설명93',93,93,'2020-04-07 18:34:36',NULL,NULL,NULL,NULL,NULL,NULL,NULL),(703,603,'테스트이름94','테스트설명94',94,94,'2020-04-07 18:34:36',NULL,NULL,NULL,NULL,NULL,NULL,NULL),(703,604,'테스트이름95','테스트설명95',95,95,'2020-04-07 18:34:36',NULL,NULL,NULL,NULL,NULL,NULL,NULL),(703,605,'테스트이름96','테스트설명96',96,96,'2020-04-07 18:34:36',NULL,NULL,NULL,NULL,NULL,NULL,NULL),(703,606,'테스트이름97','테스트설명97',97,97,'2020-04-07 18:34:36',NULL,NULL,NULL,NULL,NULL,NULL,NULL),(703,607,'테스트이름98','테스트설명98',98,98,'2020-04-07 18:34:36',NULL,NULL,NULL,NULL,NULL,NULL,NULL),(703,608,'테스트이름99','테스트설명99',99,99,'2020-04-07 18:34:36',NULL,NULL,NULL,NULL,NULL,NULL,NULL),(703,609,'테스트이름100','테스트설명100',100,100,'2020-04-07 18:34:36',NULL,NULL,NULL,NULL,NULL,NULL,NULL),(703,610,'테스트이름101','테스트설명101',101,101,'2020-04-07 18:34:36',NULL,NULL,NULL,NULL,NULL,NULL,NULL),(703,611,'테스트이름102','테스트설명102',102,102,'2020-04-07 18:34:36',NULL,NULL,NULL,NULL,NULL,NULL,NULL),(703,612,'테스트이름103','테스트설명103',103,103,'2020-04-07 18:34:36',NULL,NULL,NULL,NULL,NULL,NULL,NULL),(703,613,'테스트이름104','테스트설명104',104,104,'2020-04-07 18:34:36',NULL,NULL,NULL,NULL,NULL,NULL,NULL),(703,614,'테스트이름105','테스트설명105',105,105,'2020-04-07 18:34:36',NULL,NULL,NULL,NULL,NULL,NULL,NULL),(703,615,'테스트이름106','테스트설명106',106,106,'2020-04-07 18:34:36',NULL,NULL,NULL,NULL,NULL,NULL,NULL),(703,616,'테스트이름107','테스트설명107',107,107,'2020-04-07 18:34:37',NULL,NULL,NULL,NULL,NULL,NULL,NULL),(703,617,'테스트이름108','테스트설명108',108,108,'2020-04-07 18:34:37',NULL,NULL,NULL,NULL,NULL,NULL,NULL),(703,618,'테스트이름109','테스트설명109',109,109,'2020-04-07 18:34:37',NULL,NULL,NULL,NULL,NULL,NULL,NULL),(703,619,'테스트이름110','테스트설명110',110,110,'2020-04-07 18:34:37',NULL,NULL,NULL,NULL,NULL,NULL,NULL),(703,620,'테스트이름111','테스트설명111',111,111,'2020-04-07 18:34:37',NULL,NULL,NULL,NULL,NULL,NULL,NULL),(703,621,'테스트이름112','테스트설명112',112,112,'2020-04-07 18:34:37',NULL,NULL,NULL,NULL,NULL,NULL,NULL),(703,622,'테스트이름113','테스트설명113',113,113,'2020-04-07 18:34:37',NULL,NULL,NULL,NULL,NULL,NULL,NULL),(703,623,'테스트이름114','테스트설명114',114,114,'2020-04-07 18:34:37',NULL,NULL,NULL,NULL,NULL,NULL,NULL),(703,624,'테스트이름115','테스트설명115',115,115,'2020-04-07 18:34:37',NULL,NULL,NULL,NULL,NULL,NULL,NULL),(703,625,'테스트이름116','테스트설명116',116,116,'2020-04-07 18:34:37',NULL,NULL,NULL,NULL,NULL,NULL,NULL),(703,626,'테스트이름117','테스트설명117',117,117,'2020-04-07 18:34:37',NULL,NULL,NULL,NULL,NULL,NULL,NULL),(703,627,'테스트이름118','테스트설명118',118,118,'2020-04-07 18:34:37',NULL,NULL,NULL,NULL,NULL,NULL,NULL),(703,628,'테스트이름119','테스트설명119',119,119,'2020-04-07 18:34:37',NULL,NULL,NULL,NULL,NULL,NULL,NULL),(703,629,'테스트이름120','테스트설명120',120,120,'2020-04-07 18:34:37',NULL,NULL,NULL,NULL,NULL,NULL,NULL),(703,630,'테스트이름121','테스트설명121',121,121,'2020-04-07 18:34:37',NULL,NULL,NULL,NULL,NULL,NULL,NULL),(703,631,'테스트이름122','테스트설명122',122,122,'2020-04-07 18:34:37',NULL,NULL,NULL,NULL,NULL,NULL,NULL),(703,632,'테스트이름123','테스트설명123',123,123,'2020-04-07 18:34:37',NULL,NULL,NULL,NULL,NULL,NULL,NULL),(703,633,'테스트이름124','테스트설명124',124,124,'2020-04-07 18:34:37',NULL,NULL,NULL,NULL,NULL,NULL,NULL),(703,634,'테스트이름125','테스트설명125',125,125,'2020-04-07 18:34:37',NULL,NULL,NULL,NULL,NULL,NULL,NULL),(703,635,'테스트이름126','테스트설명126',126,126,'2020-04-07 18:34:37',NULL,NULL,NULL,NULL,NULL,NULL,NULL),(703,636,'테스트이름127','테스트설명127',127,127,'2020-04-07 18:34:37',NULL,NULL,NULL,NULL,NULL,NULL,NULL),(703,637,'테스트이름128','테스트설명128',128,128,'2020-04-07 18:34:37',NULL,NULL,NULL,NULL,NULL,NULL,NULL),(703,638,'테스트이름129','테스트설명129',129,129,'2020-04-07 18:34:37',NULL,NULL,NULL,NULL,NULL,NULL,NULL),(703,639,'테스트이름130','테스트설명130',130,130,'2020-04-07 18:34:37',NULL,NULL,NULL,NULL,NULL,NULL,NULL),(703,640,'테스트이름131','테스트설명131',131,131,'2020-04-07 18:34:37',NULL,NULL,NULL,NULL,NULL,NULL,NULL),(703,641,'테스트이름132','테스트설명132',132,132,'2020-04-07 18:34:37',NULL,NULL,NULL,NULL,NULL,NULL,NULL),(703,642,'테스트이름133','테스트설명133',133,133,'2020-04-07 18:34:37',NULL,NULL,NULL,NULL,NULL,NULL,NULL),(703,643,'테스트이름134','테스트설명134',134,134,'2020-04-07 18:34:37',NULL,NULL,NULL,NULL,NULL,NULL,NULL),(703,644,'테스트이름135','테스트설명135',135,135,'2020-04-07 18:34:37',NULL,NULL,NULL,NULL,NULL,NULL,NULL),(703,645,'테스트이름136','테스트설명136',136,136,'2020-04-07 18:34:37',NULL,NULL,NULL,NULL,NULL,NULL,NULL),(703,646,'테스트이름137','테스트설명137',137,137,'2020-04-07 18:34:37',NULL,NULL,NULL,NULL,NULL,NULL,NULL),(703,647,'테스트이름138','테스트설명138',138,138,'2020-04-07 18:34:37',NULL,NULL,NULL,NULL,NULL,NULL,NULL),(703,648,'테스트이름139','테스트설명139',139,139,'2020-04-07 18:34:37',NULL,NULL,NULL,NULL,NULL,NULL,NULL),(703,649,'테스트이름140','테스트설명140',140,140,'2020-04-07 18:34:37',NULL,NULL,NULL,NULL,NULL,NULL,NULL),(703,650,'테스트이름141','테스트설명141',141,141,'2020-04-07 18:34:37',NULL,NULL,NULL,NULL,NULL,NULL,NULL),(703,651,'테스트이름142','테스트설명142',142,142,'2020-04-07 18:34:37',NULL,NULL,NULL,NULL,NULL,NULL,NULL),(703,652,'테스트이름143','테스트설명143',143,143,'2020-04-07 18:34:38',NULL,NULL,NULL,NULL,NULL,NULL,NULL),(703,653,'테스트이름144','테스트설명144',144,144,'2020-04-07 18:34:38',NULL,NULL,NULL,NULL,NULL,NULL,NULL),(703,654,'테스트이름145','테스트설명145',145,145,'2020-04-07 18:34:38',NULL,NULL,NULL,NULL,NULL,NULL,NULL),(703,655,'테스트이름146','테스트설명146',146,146,'2020-04-07 18:34:38',NULL,NULL,NULL,NULL,NULL,NULL,NULL),(703,656,'테스트이름147','테스트설명147',147,147,'2020-04-07 18:34:38',NULL,NULL,NULL,NULL,NULL,NULL,NULL),(703,657,'테스트이름148','테스트설명148',148,148,'2020-04-07 18:34:38',NULL,NULL,NULL,NULL,NULL,NULL,NULL),(703,658,'테스트이름149','테스트설명149',149,149,'2020-04-07 18:34:38',NULL,NULL,NULL,NULL,NULL,NULL,NULL),(703,659,'테스트이름150','테스트설명150',150,150,'2020-04-07 18:34:38',NULL,NULL,NULL,NULL,NULL,NULL,NULL),(703,660,'테스트이름151','테스트설명151',151,151,'2020-04-07 18:34:38',NULL,NULL,NULL,NULL,NULL,NULL,NULL),(703,661,'테스트이름152','테스트설명152',152,152,'2020-04-07 18:34:38',NULL,NULL,NULL,NULL,NULL,NULL,NULL),(703,662,'테스트이름153','테스트설명153',153,153,'2020-04-07 18:34:38',NULL,NULL,NULL,NULL,NULL,NULL,NULL),(703,663,'테스트이름154','테스트설명154',154,154,'2020-04-07 18:34:38',NULL,NULL,NULL,NULL,NULL,NULL,NULL),(703,664,'테스트이름155','테스트설명155',155,155,'2020-04-07 18:34:38',NULL,NULL,NULL,NULL,NULL,NULL,NULL),(703,665,'테스트이름156','테스트설명156',156,156,'2020-04-07 18:34:38',NULL,NULL,NULL,NULL,NULL,NULL,NULL),(703,666,'테스트이름157','테스트설명157',157,157,'2020-04-07 18:34:38',NULL,NULL,NULL,NULL,NULL,NULL,NULL),(703,667,'테스트이름158','테스트설명158',158,158,'2020-04-07 18:34:38',NULL,NULL,NULL,NULL,NULL,NULL,NULL),(703,668,'테스트이름159','테스트설명159',159,159,'2020-04-07 18:34:38',NULL,NULL,NULL,NULL,NULL,NULL,NULL),(703,669,'테스트이름160','테스트설명160',160,160,'2020-04-07 18:34:38',NULL,NULL,NULL,NULL,NULL,NULL,NULL),(703,670,'테스트이름161','테스트설명161',161,161,'2020-04-07 18:34:38',NULL,NULL,NULL,NULL,NULL,NULL,NULL),(703,671,'테스트이름162','테스트설명162',162,162,'2020-04-07 18:34:38',NULL,NULL,NULL,NULL,NULL,NULL,NULL),(703,672,'테스트이름163','테스트설명163',163,163,'2020-04-07 18:34:38',NULL,NULL,NULL,NULL,NULL,NULL,NULL),(703,673,'테스트이름164','테스트설명164',164,164,'2020-04-07 18:34:38',NULL,NULL,NULL,NULL,NULL,NULL,NULL),(703,674,'테스트이름165','테스트설명165',165,165,'2020-04-07 18:34:38',NULL,NULL,NULL,NULL,NULL,NULL,NULL),(703,675,'테스트이름166','테스트설명166',166,166,'2020-04-07 18:34:38',NULL,NULL,NULL,NULL,NULL,NULL,NULL),(703,676,'테스트이름167','테스트설명167',167,167,'2020-04-07 18:34:38',NULL,NULL,NULL,NULL,NULL,NULL,NULL),(703,677,'테스트이름168','테스트설명168',168,168,'2020-04-07 18:34:38',NULL,NULL,NULL,NULL,NULL,NULL,NULL),(703,678,'테스트이름169','테스트설명169',169,169,'2020-04-07 18:34:38',NULL,NULL,NULL,NULL,NULL,NULL,NULL),(703,679,'테스트이름170','테스트설명170',170,170,'2020-04-07 18:34:38',NULL,NULL,NULL,NULL,NULL,NULL,NULL),(703,680,'테스트이름171','테스트설명171',171,171,'2020-04-07 18:34:38',NULL,NULL,NULL,NULL,NULL,NULL,NULL),(703,681,'테스트이름172','테스트설명172',172,172,'2020-04-07 18:34:38',NULL,NULL,NULL,NULL,NULL,NULL,NULL),(703,682,'테스트이름173','테스트설명173',173,173,'2020-04-07 18:34:38',NULL,NULL,NULL,NULL,NULL,NULL,NULL),(703,683,'테스트이름174','테스트설명174',174,174,'2020-04-07 18:34:38',NULL,NULL,NULL,NULL,NULL,NULL,NULL),(703,684,'테스트이름175','테스트설명175',175,175,'2020-04-07 18:34:38',NULL,NULL,NULL,NULL,NULL,NULL,NULL),(703,685,'테스트이름176','테스트설명176',176,176,'2020-04-07 18:34:38',NULL,NULL,NULL,NULL,NULL,NULL,NULL),(703,686,'테스트이름177','테스트설명177',177,177,'2020-04-07 18:34:39',NULL,NULL,NULL,NULL,NULL,NULL,NULL),(703,687,'테스트이름178','테스트설명178',178,178,'2020-04-07 18:34:39',NULL,NULL,NULL,NULL,NULL,NULL,NULL),(703,688,'테스트이름179','테스트설명179',179,179,'2020-04-07 18:34:39',NULL,NULL,NULL,NULL,NULL,NULL,NULL),(703,689,'테스트이름180','테스트설명180',180,180,'2020-04-07 18:34:39',NULL,NULL,NULL,NULL,NULL,NULL,NULL),(703,690,'테스트이름181','테스트설명181',181,181,'2020-04-07 18:34:39',NULL,NULL,NULL,NULL,NULL,NULL,NULL),(703,691,'테스트이름182','테스트설명182',182,182,'2020-04-07 18:34:39',NULL,NULL,NULL,NULL,NULL,NULL,NULL),(703,692,'테스트이름183','테스트설명183',183,183,'2020-04-07 18:34:39',NULL,NULL,NULL,NULL,NULL,NULL,NULL),(703,693,'테스트이름184','테스트설명184',184,184,'2020-04-07 18:34:39',NULL,NULL,NULL,NULL,NULL,NULL,NULL),(703,694,'테스트이름185','테스트설명185',185,185,'2020-04-07 18:34:39',NULL,NULL,NULL,NULL,NULL,NULL,NULL),(703,695,'테스트이름186','테스트설명186',186,186,'2020-04-07 18:34:39',NULL,NULL,NULL,NULL,NULL,NULL,NULL),(703,696,'테스트이름187','테스트설명187',187,187,'2020-04-07 18:34:39',NULL,NULL,NULL,NULL,NULL,NULL,NULL),(703,697,'테스트이름188','테스트설명188',188,188,'2020-04-07 18:34:39',NULL,NULL,NULL,NULL,NULL,NULL,NULL),(703,698,'테스트이름189','테스트설명189',189,189,'2020-04-07 18:34:39',NULL,NULL,NULL,NULL,NULL,NULL,NULL),(703,699,'테스트이름190','테스트설명190',190,190,'2020-04-07 18:34:39',NULL,NULL,NULL,NULL,NULL,NULL,NULL),(703,700,'테스트이름191','테스트설명191',191,191,'2020-04-07 18:34:39',NULL,NULL,NULL,NULL,NULL,NULL,NULL),(703,800,'테스트이름291','테스트설명291',291,291,'2020-04-07 18:34:42',NULL,NULL,NULL,NULL,NULL,NULL,NULL),(703,900,'테스트이름391','테스트설명391',391,391,'2020-04-07 18:34:45',NULL,NULL,NULL,NULL,NULL,NULL,NULL),(703,901,'테스트이름392','테스트설명392',392,392,'2020-04-07 18:34:45',NULL,NULL,NULL,NULL,NULL,NULL,NULL),(703,902,'테스트이름393','테스트설명393',393,393,'2020-04-07 18:34:45',NULL,NULL,NULL,NULL,NULL,NULL,NULL),(703,903,'테스트이름394','테스트설명394',394,394,'2020-04-07 18:34:45',NULL,NULL,NULL,NULL,NULL,NULL,NULL),(703,904,'테스트이름395','테스트설명395',395,395,'2020-04-07 18:34:45',NULL,NULL,NULL,NULL,NULL,NULL,NULL),(703,905,'테스트이름396','테스트설명396',396,396,'2020-04-07 18:34:45',NULL,NULL,NULL,NULL,NULL,NULL,NULL),(703,906,'테스트이름397','테스트설명397',397,397,'2020-04-07 18:34:45',NULL,NULL,NULL,NULL,NULL,NULL,NULL),(703,907,'테스트이름398','테스트설명398',398,398,'2020-04-07 18:34:45',NULL,NULL,NULL,NULL,NULL,NULL,NULL),(703,908,'테스트이름399','<p>테스트설명399</p>\r\n',399,399,'2020-04-07 18:34:45','','','','','','',''),(703,909,'테스트이름400','<p>테스트설명400</p>\r\n',400,400,'2020-04-07 18:34:45','','','','','','',''),(703,910,'최재만','<p>최재만 짱</p>\r\n',20000,1,'2020-04-07 18:57:05','\\imgUpload\\2020\\04\\07\\b328d25a-a3fc-47f5-8072-0e2cf0f38400_123.png','\\imgUpload\\2020\\04\\07\\s\\s_b328d25a-a3fc-47f5-8072-0e2cf0f38400_123.png','가죽자켓입은재만','청바지입은재만','안경쓴재만','부자재만',''),(703,911,'이제 그림 안 넣으면','<p>얍ㄴㅇㄹ</p>\r\n',99999,9,'2020-04-08 12:51:03','/images/none.png','/images/none.png','들어갈거야','','','',''),(703,912,'파스텔 캔디 로프토이','<p><img src=\"http://www.dogskingdom.co.kr/shop/data/editor/37d77e1e0638bec1\" /></p>\r\n\r\n<p><img src=\"http://www.dogskingdom.co.kr/shop/data/editor/f1f4fbfac9c4a603\" /></p>\r\n',5000,30,'2020-04-10 15:39:14','\\imgUpload\\2020\\04\\10\\f81f432c-06ea-46a4-9714-41f1ae9f2439_파스텔_캔디로프_강아지용_장난감.jpg','\\imgUpload\\2020\\04\\10\\s\\s_f81f432c-06ea-46a4-9714-41f1ae9f2439_파스텔_캔디로프_강아지용_장난감.jpg','','','','',''),(703,1000,'상품이름1000','상품설명1000',78901000,1000,'2020-04-10 17:07:59','상품이미지1000',NULL,'상품옵션11000','상품옵션21000','상품옵션31000','상품옵션41000','상품옵션51000'),(703,1001,'상품이름1001','상품설명1001',78901001,1001,'2020-04-10 17:07:59','상품이미지1001',NULL,'상품옵션11001','상품옵션21001','상품옵션31001','상품옵션41001','상품옵션51001'),(703,1002,'상품이름1002','상품설명1002',78901002,1002,'2020-04-10 17:07:59','상품이미지1002',NULL,'상품옵션11002','상품옵션21002','상품옵션31002','상품옵션41002','상품옵션51002'),(703,1003,'상품이름1003','상품설명1003',78901003,1003,'2020-04-10 17:07:59','상품이미지1003',NULL,'상품옵션11003','상품옵션21003','상품옵션31003','상품옵션41003','상품옵션51003'),(703,1004,'상품이름1004','상품설명1004',78901004,1004,'2020-04-10 17:08:00','상품이미지1004',NULL,'상품옵션11004','상품옵션21004','상품옵션31004','상품옵션41004','상품옵션51004'),(703,1005,'상품이름1005','상품설명1005',78901005,1005,'2020-04-10 17:08:00','상품이미지1005',NULL,'상품옵션11005','상품옵션21005','상품옵션31005','상품옵션41005','상품옵션51005'),(703,1006,'상품이름1006','상품설명1006',78901006,1006,'2020-04-10 17:08:00','상품이미지1006',NULL,'상품옵션11006','상품옵션21006','상품옵션31006','상품옵션41006','상품옵션51006'),(703,1007,'상품이름1007','상품설명1007',78901007,1007,'2020-04-10 17:08:00','상품이미지1007',NULL,'상품옵션11007','상품옵션21007','상품옵션31007','상품옵션41007','상품옵션51007'),(703,1008,'상품이름1008','상품설명1008',78901008,1008,'2020-04-10 17:08:00','상품이미지1008',NULL,'상품옵션11008','상품옵션21008','상품옵션31008','상품옵션41008','상품옵션51008'),(703,1009,'상품이름1009','상품설명1009',78901009,1009,'2020-04-10 17:08:00','상품이미지1009',NULL,'상품옵션11009','상품옵션21009','상품옵션31009','상품옵션41009','상품옵션51009'),(703,1010,'상품이름1010','상품설명1010',78901010,1010,'2020-04-10 17:08:00','상품이미지1010',NULL,'상품옵션11010','상품옵션21010','상품옵션31010','상품옵션41010','상품옵션51010'),(703,1011,'상품이름1011','상품설명1011',78901011,1011,'2020-04-10 17:08:00','상품이미지1011',NULL,'상품옵션11011','상품옵션21011','상품옵션31011','상품옵션41011','상품옵션51011'),(703,1012,'상품이름1012','상품설명1012',78901012,1012,'2020-04-10 17:08:00','상품이미지1012',NULL,'상품옵션11012','상품옵션21012','상품옵션31012','상품옵션41012','상품옵션51012'),(703,1013,'상품이름1013','상품설명1013',78901013,1013,'2020-04-10 17:08:00','상품이미지1013',NULL,'상품옵션11013','상품옵션21013','상품옵션31013','상품옵션41013','상품옵션51013'),(703,1014,'상품이름1014','상품설명1014',78901014,1014,'2020-04-10 17:08:00','상품이미지1014',NULL,'상품옵션11014','상품옵션21014','상품옵션31014','상품옵션41014','상품옵션51014'),(703,1015,'상품이름1015','상품설명1015',78901015,1015,'2020-04-10 17:08:00','상품이미지1015',NULL,'상품옵션11015','상품옵션21015','상품옵션31015','상품옵션41015','상품옵션51015'),(703,1016,'상품이름1016','상품설명1016',78901016,1016,'2020-04-10 17:08:00','상품이미지1016',NULL,'상품옵션11016','상품옵션21016','상품옵션31016','상품옵션41016','상품옵션51016'),(703,1017,'상품이름1017','상품설명1017',78901017,1017,'2020-04-10 17:08:00','상품이미지1017',NULL,'상품옵션11017','상품옵션21017','상품옵션31017','상품옵션41017','상품옵션51017'),(703,1018,'상품이름1018','상품설명1018',78901018,1018,'2020-04-10 17:08:00','상품이미지1018',NULL,'상품옵션11018','상품옵션21018','상품옵션31018','상품옵션41018','상품옵션51018'),(703,1019,'상품이름1019','상품설명1019',78901019,1019,'2020-04-10 17:08:00','상품이미지1019',NULL,'상품옵션11019','상품옵션21019','상품옵션31019','상품옵션41019','상품옵션51019'),(703,1020,'상품이름1020','상품설명1020',78901020,1020,'2020-04-10 17:08:00','상품이미지1020',NULL,'상품옵션11020','상품옵션21020','상품옵션31020','상품옵션41020','상품옵션51020'),(703,1021,'상품이름1021','상품설명1021',78901021,1021,'2020-04-10 17:08:00','상품이미지1021',NULL,'상품옵션11021','상품옵션21021','상품옵션31021','상품옵션41021','상품옵션51021'),(703,1022,'상품이름1022','상품설명1022',78901022,1022,'2020-04-10 17:08:00','상품이미지1022',NULL,'상품옵션11022','상품옵션21022','상품옵션31022','상품옵션41022','상품옵션51022'),(703,1023,'상품이름1023','상품설명1023',78901023,1023,'2020-04-10 17:08:00','상품이미지1023',NULL,'상품옵션11023','상품옵션21023','상품옵션31023','상품옵션41023','상품옵션51023'),(703,1024,'상품이름1024','상품설명1024',78901024,1024,'2020-04-10 17:08:00','상품이미지1024',NULL,'상품옵션11024','상품옵션21024','상품옵션31024','상품옵션41024','상품옵션51024'),(703,1025,'상품이름1025','상품설명1025',78901025,1025,'2020-04-10 17:08:00','상품이미지1025',NULL,'상품옵션11025','상품옵션21025','상품옵션31025','상품옵션41025','상품옵션51025'),(703,1026,'상품이름1026','상품설명1026',78901026,1026,'2020-04-10 17:08:00','상품이미지1026',NULL,'상품옵션11026','상품옵션21026','상품옵션31026','상품옵션41026','상품옵션51026'),(703,1027,'상품이름1027','상품설명1027',78901027,1027,'2020-04-10 17:08:00','상품이미지1027',NULL,'상품옵션11027','상품옵션21027','상품옵션31027','상품옵션41027','상품옵션51027'),(703,1028,'상품이름1028','상품설명1028',78901028,1028,'2020-04-10 17:08:00','상품이미지1028',NULL,'상품옵션11028','상품옵션21028','상품옵션31028','상품옵션41028','상품옵션51028'),(703,1029,'상품이름1029','상품설명1029',78901029,1029,'2020-04-10 17:08:00','상품이미지1029',NULL,'상품옵션11029','상품옵션21029','상품옵션31029','상품옵션41029','상품옵션51029'),(703,1030,'상품이름1030','상품설명1030',78901030,1030,'2020-04-10 17:08:00','상품이미지1030',NULL,'상품옵션11030','상품옵션21030','상품옵션31030','상품옵션41030','상품옵션51030'),(703,1031,'상품이름1031','상품설명1031',78901031,1031,'2020-04-10 17:08:00','상품이미지1031',NULL,'상품옵션11031','상품옵션21031','상품옵션31031','상품옵션41031','상품옵션51031'),(703,1032,'상품이름1032','상품설명1032',78901032,1032,'2020-04-10 17:08:00','상품이미지1032',NULL,'상품옵션11032','상품옵션21032','상품옵션31032','상품옵션41032','상품옵션51032'),(703,1033,'상품이름1033','상품설명1033',78901033,1033,'2020-04-10 17:08:00','상품이미지1033',NULL,'상품옵션11033','상품옵션21033','상품옵션31033','상품옵션41033','상품옵션51033'),(703,1034,'상품이름1034','상품설명1034',78901034,1034,'2020-04-10 17:08:00','상품이미지1034',NULL,'상품옵션11034','상품옵션21034','상품옵션31034','상품옵션41034','상품옵션51034'),(703,1035,'상품이름1035','상품설명1035',78901035,1035,'2020-04-10 17:08:00','상품이미지1035',NULL,'상품옵션11035','상품옵션21035','상품옵션31035','상품옵션41035','상품옵션51035'),(703,1036,'상품이름1036','상품설명1036',78901036,1036,'2020-04-10 17:08:00','상품이미지1036',NULL,'상품옵션11036','상품옵션21036','상품옵션31036','상품옵션41036','상품옵션51036'),(703,1037,'상품이름1037','상품설명1037',78901037,1037,'2020-04-10 17:08:00','상품이미지1037',NULL,'상품옵션11037','상품옵션21037','상품옵션31037','상품옵션41037','상품옵션51037'),(703,1038,'상품이름1038','상품설명1038',78901038,1038,'2020-04-10 17:08:00','상품이미지1038',NULL,'상품옵션11038','상품옵션21038','상품옵션31038','상품옵션41038','상품옵션51038'),(703,1039,'상품이름1039','상품설명1039',78901039,1039,'2020-04-10 17:08:00','상품이미지1039',NULL,'상품옵션11039','상품옵션21039','상품옵션31039','상품옵션41039','상품옵션51039'),(703,1040,'상품이름1040','상품설명1040',78901040,1040,'2020-04-10 17:08:00','상품이미지1040',NULL,'상품옵션11040','상품옵션21040','상품옵션31040','상품옵션41040','상품옵션51040'),(703,1041,'상품이름1041','상품설명1041',78901041,1041,'2020-04-10 17:08:01','상품이미지1041',NULL,'상품옵션11041','상품옵션21041','상품옵션31041','상품옵션41041','상품옵션51041'),(703,1042,'상품이름1042','상품설명1042',78901042,1042,'2020-04-10 17:08:01','상품이미지1042',NULL,'상품옵션11042','상품옵션21042','상품옵션31042','상품옵션41042','상품옵션51042'),(703,1043,'상품이름1043','상품설명1043',78901043,1043,'2020-04-10 17:08:01','상품이미지1043',NULL,'상품옵션11043','상품옵션21043','상품옵션31043','상품옵션41043','상품옵션51043'),(703,1044,'상품이름1044','상품설명1044',78901044,1044,'2020-04-10 17:08:01','상품이미지1044',NULL,'상품옵션11044','상품옵션21044','상품옵션31044','상품옵션41044','상품옵션51044'),(703,1045,'상품이름1045','상품설명1045',78901045,1045,'2020-04-10 17:08:01','상품이미지1045',NULL,'상품옵션11045','상품옵션21045','상품옵션31045','상품옵션41045','상품옵션51045'),(703,1046,'상품이름1046','상품설명1046',78901046,1046,'2020-04-10 17:08:01','상품이미지1046',NULL,'상품옵션11046','상품옵션21046','상품옵션31046','상품옵션41046','상품옵션51046'),(703,1047,'상품이름1047','상품설명1047',78901047,1047,'2020-04-10 17:08:01','상품이미지1047',NULL,'상품옵션11047','상품옵션21047','상품옵션31047','상품옵션41047','상품옵션51047'),(703,1048,'상품이름1048','상품설명1048',78901048,1048,'2020-04-10 17:08:01','상품이미지1048',NULL,'상품옵션11048','상품옵션21048','상품옵션31048','상품옵션41048','상품옵션51048'),(703,1049,'상품이름1049','상품설명1049',78901049,1049,'2020-04-10 17:08:01','상품이미지1049',NULL,'상품옵션11049','상품옵션21049','상품옵션31049','상품옵션41049','상품옵션51049'),(703,1050,'상품이름1050','상품설명1050',78901050,1050,'2020-04-10 17:08:01','상품이미지1050',NULL,'상품옵션11050','상품옵션21050','상품옵션31050','상품옵션41050','상품옵션51050'),(703,1051,'상품이름1051','상품설명1051',78901051,1051,'2020-04-10 17:08:01','상품이미지1051',NULL,'상품옵션11051','상품옵션21051','상품옵션31051','상품옵션41051','상품옵션51051'),(703,1052,'상품이름1052','상품설명1052',78901052,1052,'2020-04-10 17:08:01','상품이미지1052',NULL,'상품옵션11052','상품옵션21052','상품옵션31052','상품옵션41052','상품옵션51052'),(703,1053,'상품이름1053','상품설명1053',78901053,1053,'2020-04-10 17:08:01','상품이미지1053',NULL,'상품옵션11053','상품옵션21053','상품옵션31053','상품옵션41053','상품옵션51053'),(703,1054,'상품이름1054','상품설명1054',78901054,1054,'2020-04-10 17:08:01','상품이미지1054',NULL,'상품옵션11054','상품옵션21054','상품옵션31054','상품옵션41054','상품옵션51054'),(703,1055,'상품이름1055','상품설명1055',78901055,1055,'2020-04-10 17:08:01','상품이미지1055',NULL,'상품옵션11055','상품옵션21055','상품옵션31055','상품옵션41055','상품옵션51055'),(703,1056,'상품이름1056','상품설명1056',78901056,1056,'2020-04-10 17:08:01','상품이미지1056',NULL,'상품옵션11056','상품옵션21056','상품옵션31056','상품옵션41056','상품옵션51056'),(703,1057,'상품이름1057','상품설명1057',78901057,1057,'2020-04-10 17:08:01','상품이미지1057',NULL,'상품옵션11057','상품옵션21057','상품옵션31057','상품옵션41057','상품옵션51057'),(703,1058,'상품이름1058','상품설명1058',78901058,1058,'2020-04-10 17:08:01','상품이미지1058',NULL,'상품옵션11058','상품옵션21058','상품옵션31058','상품옵션41058','상품옵션51058'),(703,1059,'상품이름1059','상품설명1059',78901059,1059,'2020-04-10 17:08:01','상품이미지1059',NULL,'상품옵션11059','상품옵션21059','상품옵션31059','상품옵션41059','상품옵션51059'),(703,1060,'상품이름1060','상품설명1060',78901060,1060,'2020-04-10 17:08:01','상품이미지1060',NULL,'상품옵션11060','상품옵션21060','상품옵션31060','상품옵션41060','상품옵션51060'),(703,1061,'상품이름1061','상품설명1061',78901061,1061,'2020-04-10 17:08:01','상품이미지1061',NULL,'상품옵션11061','상품옵션21061','상품옵션31061','상품옵션41061','상품옵션51061'),(703,1062,'상품이름1062','상품설명1062',78901062,1062,'2020-04-10 17:08:01','상품이미지1062',NULL,'상품옵션11062','상품옵션21062','상품옵션31062','상품옵션41062','상품옵션51062'),(703,1063,'상품이름1063','상품설명1063',78901063,1063,'2020-04-10 17:08:01','상품이미지1063',NULL,'상품옵션11063','상품옵션21063','상품옵션31063','상품옵션41063','상품옵션51063'),(703,1064,'상품이름1064','상품설명1064',78901064,1064,'2020-04-10 17:08:01','상품이미지1064',NULL,'상품옵션11064','상품옵션21064','상품옵션31064','상품옵션41064','상품옵션51064'),(703,1065,'상품이름1065','상품설명1065',78901065,1065,'2020-04-10 17:08:01','상품이미지1065',NULL,'상품옵션11065','상품옵션21065','상품옵션31065','상품옵션41065','상품옵션51065'),(703,1066,'상품이름1066','상품설명1066',78901066,1066,'2020-04-10 17:08:01','상품이미지1066',NULL,'상품옵션11066','상품옵션21066','상품옵션31066','상품옵션41066','상품옵션51066'),(703,1067,'상품이름1067','상품설명1067',78901067,1067,'2020-04-10 17:08:01','상품이미지1067',NULL,'상품옵션11067','상품옵션21067','상품옵션31067','상품옵션41067','상품옵션51067'),(703,1068,'상품이름1068','상품설명1068',78901068,1068,'2020-04-10 17:08:01','상품이미지1068',NULL,'상품옵션11068','상품옵션21068','상품옵션31068','상품옵션41068','상품옵션51068'),(703,1069,'상품이름1069','상품설명1069',78901069,1069,'2020-04-10 17:08:01','상품이미지1069',NULL,'상품옵션11069','상품옵션21069','상품옵션31069','상품옵션41069','상품옵션51069'),(703,1070,'상품이름1070','상품설명1070',78901070,1070,'2020-04-10 17:08:01','상품이미지1070',NULL,'상품옵션11070','상품옵션21070','상품옵션31070','상품옵션41070','상품옵션51070'),(703,1071,'상품이름1071','상품설명1071',78901071,1071,'2020-04-10 17:08:01','상품이미지1071',NULL,'상품옵션11071','상품옵션21071','상품옵션31071','상품옵션41071','상품옵션51071'),(703,1072,'상품이름1072','상품설명1072',78901072,1072,'2020-04-10 17:08:01','상품이미지1072',NULL,'상품옵션11072','상품옵션21072','상품옵션31072','상품옵션41072','상품옵션51072'),(703,1073,'상품이름1073','상품설명1073',78901073,1073,'2020-04-10 17:08:01','상품이미지1073',NULL,'상품옵션11073','상품옵션21073','상품옵션31073','상품옵션41073','상품옵션51073'),(703,1074,'상품이름1074','상품설명1074',78901074,1074,'2020-04-10 17:08:01','상품이미지1074',NULL,'상품옵션11074','상품옵션21074','상품옵션31074','상품옵션41074','상품옵션51074'),(703,1075,'상품이름1075','상품설명1075',78901075,1075,'2020-04-10 17:08:01','상품이미지1075',NULL,'상품옵션11075','상품옵션21075','상품옵션31075','상품옵션41075','상품옵션51075'),(703,1076,'상품이름1076','상품설명1076',78901076,1076,'2020-04-10 17:08:01','상품이미지1076',NULL,'상품옵션11076','상품옵션21076','상품옵션31076','상품옵션41076','상품옵션51076'),(703,1077,'상품이름1077','상품설명1077',78901077,1077,'2020-04-10 17:08:01','상품이미지1077',NULL,'상품옵션11077','상품옵션21077','상품옵션31077','상품옵션41077','상품옵션51077'),(703,1078,'상품이름1078','상품설명1078',78901078,1078,'2020-04-10 17:08:02','상품이미지1078',NULL,'상품옵션11078','상품옵션21078','상품옵션31078','상품옵션41078','상품옵션51078'),(703,1079,'상품이름1079','상품설명1079',78901079,1079,'2020-04-10 17:08:02','상품이미지1079',NULL,'상품옵션11079','상품옵션21079','상품옵션31079','상품옵션41079','상품옵션51079'),(703,1080,'상품이름1080','상품설명1080',78901080,1080,'2020-04-10 17:08:02','상품이미지1080',NULL,'상품옵션11080','상품옵션21080','상품옵션31080','상품옵션41080','상품옵션51080'),(703,1081,'상품이름1081','상품설명1081',78901081,1081,'2020-04-10 17:08:02','상품이미지1081',NULL,'상품옵션11081','상품옵션21081','상품옵션31081','상품옵션41081','상품옵션51081'),(703,1082,'상품이름1082','상품설명1082',78901082,1082,'2020-04-10 17:08:02','상품이미지1082',NULL,'상품옵션11082','상품옵션21082','상품옵션31082','상품옵션41082','상품옵션51082'),(703,1083,'상품이름1083','상품설명1083',78901083,1083,'2020-04-10 17:08:02','상품이미지1083',NULL,'상품옵션11083','상품옵션21083','상품옵션31083','상품옵션41083','상품옵션51083'),(703,1084,'상품이름1084','상품설명1084',78901084,1084,'2020-04-10 17:08:02','상품이미지1084',NULL,'상품옵션11084','상품옵션21084','상품옵션31084','상품옵션41084','상품옵션51084'),(703,1085,'상품이름1085','상품설명1085',78901085,1085,'2020-04-10 17:08:02','상품이미지1085',NULL,'상품옵션11085','상품옵션21085','상품옵션31085','상품옵션41085','상품옵션51085'),(703,1086,'상품이름1086','상품설명1086',78901086,1086,'2020-04-10 17:08:02','상품이미지1086',NULL,'상품옵션11086','상품옵션21086','상품옵션31086','상품옵션41086','상품옵션51086'),(703,1087,'상품이름1087','상품설명1087',78901087,1087,'2020-04-10 17:08:02','상품이미지1087',NULL,'상품옵션11087','상품옵션21087','상품옵션31087','상품옵션41087','상품옵션51087'),(703,1088,'상품이름1088','상품설명1088',78901088,1088,'2020-04-10 17:08:02','상품이미지1088',NULL,'상품옵션11088','상품옵션21088','상품옵션31088','상품옵션41088','상품옵션51088'),(703,1089,'상품이름1089','상품설명1089',78901089,1089,'2020-04-10 17:08:02','상품이미지1089',NULL,'상품옵션11089','상품옵션21089','상품옵션31089','상품옵션41089','상품옵션51089'),(703,1090,'상품이름1090','상품설명1090',78901090,1090,'2020-04-10 17:08:02','상품이미지1090',NULL,'상품옵션11090','상품옵션21090','상품옵션31090','상품옵션41090','상품옵션51090'),(703,1091,'상품이름1091','상품설명1091',78901091,1091,'2020-04-10 17:08:02','상품이미지1091',NULL,'상품옵션11091','상품옵션21091','상품옵션31091','상품옵션41091','상품옵션51091'),(703,1092,'상품이름1092','상품설명1092',78901092,1092,'2020-04-10 17:08:02','상품이미지1092',NULL,'상품옵션11092','상품옵션21092','상품옵션31092','상품옵션41092','상품옵션51092'),(703,1093,'상품이름1093','상품설명1093',78901093,1093,'2020-04-10 17:08:02','상품이미지1093',NULL,'상품옵션11093','상품옵션21093','상품옵션31093','상품옵션41093','상품옵션51093'),(703,1094,'상품이름1094','상품설명1094',78901094,1094,'2020-04-10 17:08:02','상품이미지1094',NULL,'상품옵션11094','상품옵션21094','상품옵션31094','상품옵션41094','상품옵션51094'),(703,1095,'상품이름1095','상품설명1095',78901095,1095,'2020-04-10 17:08:02','상품이미지1095',NULL,'상품옵션11095','상품옵션21095','상품옵션31095','상품옵션41095','상품옵션51095'),(703,1096,'상품이름1096','상품설명1096',78901096,1096,'2020-04-10 17:08:02','상품이미지1096',NULL,'상품옵션11096','상품옵션21096','상품옵션31096','상품옵션41096','상품옵션51096'),(703,1097,'상품이름1097','상품설명1097',78901097,1097,'2020-04-10 17:08:02','상품이미지1097',NULL,'상품옵션11097','상품옵션21097','상품옵션31097','상품옵션41097','상품옵션51097'),(703,1098,'상품이름1098','상품설명1098',78901098,1098,'2020-04-10 17:08:02','상품이미지1098',NULL,'상품옵션11098','상품옵션21098','상품옵션31098','상품옵션41098','상품옵션51098'),(703,1099,'상품이름1099','<p>상품설명1099ㄴㅇㄹ</p>\r\n',78901099,1099,'2020-04-10 17:08:02','상품이미지1099',NULL,'상품옵션11099','상품옵션21099','상품옵션31099','상품옵션41099','상품옵션51099'),(703,1102,'ㄴㅇㄹ','<p>ㄴㅇㄹ</p>\r\n',55,55,'2020-04-13 10:21:12','/images/none.png',NULL,'234','','','234',''),(703,1103,'sdf','<p>345345</p>\r\n',345345,34534,'2020-04-13 11:02:45','/images/none.png','/images/none.png','','','','',''),(703,1104,'1323523','<p>sdfsdf</p>\r\n',23445234,234235,'2020-04-13 11:04:13','/images/none.png','/images/none.png','2','2','2','2','2'),(703,1105,'테스트','',100,232,'2020-04-13 11:52:10','\\imgUpload\\2020\\04\\13\\732d13b2-762b-4d74-b898-84ac15fc27ea_4.jpg','\\imgUpload\\2020\\04\\13\\s\\s_732d13b2-762b-4d74-b898-84ac15fc27ea_4.jpg','1','2','3','44','55'),(703,1106,'설명 테스트','<p><img src=\"http://www.dogskingdom.co.kr/shop/data/editor/0724b3e11f3d5dea\" /></p>\r\n',12123,21,'2020-04-13 12:02:20','/images/none.png','/images/none.png','1','23','23','23','23'),(703,1107,'시저 심플리 크래프티드 37g','<p><img src=\"http://www.dogskingdom.co.kr/shop/data/editor/d51c54a5f79102ad\" /></p>\r\n',2200,50,'2020-04-13 12:10:13','\\imgUpload\\2020\\04\\13\\9c116c68-9914-4248-8e1c-66cffa443d50_시저 시뮤플리 크래프티드 37g.jpg','\\imgUpload\\2020\\04\\13\\s\\s_9c116c68-9914-4248-8e1c-66cffa443d50_시저 시뮤플리 크래프티드 37g.jpg','닭고기','고구마','사과','보리','시금치'),(703,1108,'개상품상품 이미지  테스트','<p><img src=\"http://www.dogskingdom.co.kr/shop/data/editor/8419053194441541\" /></p>\r\n',111,789789,'2020-04-13 12:22:55','\\imgUpload\\2020\\04\\13\\2921a689-63c9-4ca2-80f9-d4d85fafa09a_개사료.jpg','\\imgUpload\\2020\\04\\13\\s\\s_2921a689-63c9-4ca2-80f9-d4d85fafa09a_개사료.jpg','123','12','54','568','568'),(703,1109,'간식테스트','<p><img src=\"http://www.dogskingdom.co.kr/shop/data/editor/d51c54a5f79102ad\" /></p>\r\n',1234,11,'2020-04-13 12:44:06','\\imgUpload\\2020\\04\\13\\7285801e-12c2-4da3-901f-ebf063d15344_시저 시뮤플리 크래프티드 37g.jpg','\\imgUpload\\2020\\04\\13\\s\\s_7285801e-12c2-4da3-901f-ebf063d15344_시저 시뮤플리 크래프티드 37g.jpg','옵1','옴2','옴3','옵4',''),(703,1110,'로얄캐닌 엑스스몰 퍼피사료','<p><img src=\"http://www.dogskingdom.co.kr/shop/data/editor/463b436bc036917e\" /></p>\r\n',19900,20,'2020-04-13 13:07:21','\\imgUpload\\2020\\04\\13\\1be71db3-8b74-4531-bb88-fea9b9329ae9_로얄캐닌 퍼피사료1.5kg.jpg','\\imgUpload\\2020\\04\\13\\s\\s_1be71db3-8b74-4531-bb88-fea9b9329ae9_로얄캐닌 퍼피사료1.5kg.jpg','엑스스몰','1.5kg','','',''),(703,1111,'sdfsdf','<p>sdfsdfs</p>\r\n',345,345,'2020-04-16 14:02:48','\\imgUpload\\2020\\04\\16\\e2911ea8-de2d-4f7a-87db-f92f5a59a47d_logo.jpg','\\imgUpload\\2020\\04\\16\\s\\s_e2911ea8-de2d-4f7a-87db-f92f5a59a47d_logo.jpg','','','','',''),(703,1114,'그린트리 샴푸 강아지용 500ml','<p><img src=\"http://www.dogskingdom.co.kr/shop/data/editor/2565616d36524e54\" /></p>\r\n',34850,60,'2020-04-17 14:41:07','\\imgUpload\\2020\\04\\17\\87c9d36f-9b80-40db-a427-a5aae9cb6f2a_그린트리 샴푸.jpg','\\imgUpload\\2020\\04\\17\\s\\s_87c9d36f-9b80-40db-a427-a5aae9cb6f2a_그린트리 샴푸.jpg','호호바오일/그린','동백오일/핑크','아르간오일/옐로우','',''),(703,1115,'테스트이름1','테스트설명1',1,1,'2020-04-17 19:20:25',NULL,NULL,NULL,NULL,NULL,NULL,NULL),(703,1116,'테스트이름2','테스트설명2',2,2,'2020-04-17 19:20:25',NULL,NULL,NULL,NULL,NULL,NULL,NULL),(703,1117,'테스트이름3','테스트설명3',3,3,'2020-04-17 19:20:25',NULL,NULL,NULL,NULL,NULL,NULL,NULL),(703,1118,'테스트이름4','테스트설명4',4,4,'2020-04-17 19:20:25',NULL,NULL,NULL,NULL,NULL,NULL,NULL),(703,1119,'테스트이름5','테스트설명5',5,5,'2020-04-17 19:20:25',NULL,NULL,NULL,NULL,NULL,NULL,NULL),(703,1120,'테스트이름6','테스트설명6',6,6,'2020-04-17 19:20:25',NULL,NULL,NULL,NULL,NULL,NULL,NULL),(703,1121,'테스트이름7','테스트설명7',7,7,'2020-04-17 19:20:25',NULL,NULL,NULL,NULL,NULL,NULL,NULL),(703,1122,'테스트이름8','테스트설명8',8,8,'2020-04-17 19:20:25',NULL,NULL,NULL,NULL,NULL,NULL,NULL),(703,1123,'테스트이름9','테스트설명9',9,9,'2020-04-17 19:20:25',NULL,NULL,NULL,NULL,NULL,NULL,NULL),(703,1124,'테스트이름10','테스트설명10',10,10,'2020-04-17 19:20:25',NULL,NULL,NULL,NULL,NULL,NULL,NULL),(703,1125,'테스트이름11','테스트설명11',11,11,'2020-04-17 19:20:25',NULL,NULL,NULL,NULL,NULL,NULL,NULL),(703,1126,'테스트이름12','테스트설명12',12,12,'2020-04-17 19:20:25',NULL,NULL,NULL,NULL,NULL,NULL,NULL),(703,1127,'테스트이름13','테스트설명13',13,13,'2020-04-17 19:20:25',NULL,NULL,NULL,NULL,NULL,NULL,NULL),(703,1128,'테스트이름14','테스트설명14',14,14,'2020-04-17 19:20:25',NULL,NULL,NULL,NULL,NULL,NULL,NULL),(703,1129,'테스트이름15','테스트설명15',15,15,'2020-04-17 19:20:25',NULL,NULL,NULL,NULL,NULL,NULL,NULL),(703,1130,'테스트이름16','테스트설명16',16,16,'2020-04-17 19:20:25',NULL,NULL,NULL,NULL,NULL,NULL,NULL),(703,1131,'테스트이름17','테스트설명17',17,17,'2020-04-17 19:20:25',NULL,NULL,NULL,NULL,NULL,NULL,NULL),(703,1132,'테스트이름18','테스트설명18',18,18,'2020-04-17 19:20:25',NULL,NULL,NULL,NULL,NULL,NULL,NULL),(703,1133,'테스트이름19','테스트설명19',19,19,'2020-04-17 19:20:25',NULL,NULL,NULL,NULL,NULL,NULL,NULL),(703,1134,'테스트이름20','테스트설명20',20,20,'2020-04-17 19:20:25',NULL,NULL,NULL,NULL,NULL,NULL,NULL),(703,1135,'테스트이름21','테스트설명21',21,21,'2020-04-17 19:20:25',NULL,NULL,NULL,NULL,NULL,NULL,NULL),(703,1136,'테스트이름22','테스트설명22',22,22,'2020-04-17 19:20:25',NULL,NULL,NULL,NULL,NULL,NULL,NULL),(703,1137,'테스트이름23','테스트설명23',23,23,'2020-04-17 19:20:25',NULL,NULL,NULL,NULL,NULL,NULL,NULL),(703,1138,'테스트이름24','테스트설명24',24,24,'2020-04-17 19:20:25',NULL,NULL,NULL,NULL,NULL,NULL,NULL),(703,1139,'테스트이름25','테스트설명25',25,25,'2020-04-17 19:20:25',NULL,NULL,NULL,NULL,NULL,NULL,NULL),(703,1140,'테스트이름26','테스트설명26',26,26,'2020-04-17 19:20:25',NULL,NULL,NULL,NULL,NULL,NULL,NULL),(703,1141,'테스트이름27','테스트설명27',27,27,'2020-04-17 19:20:25',NULL,NULL,NULL,NULL,NULL,NULL,NULL),(703,1142,'테스트이름28','테스트설명28',28,28,'2020-04-17 19:20:26',NULL,NULL,NULL,NULL,NULL,NULL,NULL),(703,1143,'테스트이름29','테스트설명29',29,29,'2020-04-17 19:20:26',NULL,NULL,NULL,NULL,NULL,NULL,NULL),(703,1144,'테스트이름30','테스트설명30',30,30,'2020-04-17 19:20:26',NULL,NULL,NULL,NULL,NULL,NULL,NULL),(703,1145,'테스트이름31','테스트설명31',31,31,'2020-04-17 19:20:26',NULL,NULL,NULL,NULL,NULL,NULL,NULL),(703,1146,'테스트이름32','테스트설명32',32,32,'2020-04-17 19:20:26',NULL,NULL,NULL,NULL,NULL,NULL,NULL),(703,1147,'테스트이름33','테스트설명33',33,33,'2020-04-17 19:20:26',NULL,NULL,NULL,NULL,NULL,NULL,NULL),(703,1148,'테스트이름34','테스트설명34',34,34,'2020-04-17 19:20:26',NULL,NULL,NULL,NULL,NULL,NULL,NULL),(703,1149,'테스트이름35','테스트설명35',35,35,'2020-04-17 19:20:26',NULL,NULL,NULL,NULL,NULL,NULL,NULL),(703,1150,'테스트이름36','테스트설명36',36,36,'2020-04-17 19:20:26',NULL,NULL,NULL,NULL,NULL,NULL,NULL),(703,1151,'테스트이름37','테스트설명37',37,37,'2020-04-17 19:20:26',NULL,NULL,NULL,NULL,NULL,NULL,NULL),(703,1152,'테스트이름38','테스트설명38',38,38,'2020-04-17 19:20:26',NULL,NULL,NULL,NULL,NULL,NULL,NULL),(703,1153,'테스트이름39','테스트설명39',39,39,'2020-04-17 19:20:26',NULL,NULL,NULL,NULL,NULL,NULL,NULL),(703,1154,'테스트이름40','테스트설명40',40,40,'2020-04-17 19:20:26',NULL,NULL,NULL,NULL,NULL,NULL,NULL),(703,1155,'테스트이름41','테스트설명41',41,41,'2020-04-17 19:20:26',NULL,NULL,NULL,NULL,NULL,NULL,NULL),(703,1156,'테스트이름42','테스트설명42',42,42,'2020-04-17 19:20:26',NULL,NULL,NULL,NULL,NULL,NULL,NULL),(703,1157,'테스트이름43','테스트설명43',43,43,'2020-04-17 19:20:26',NULL,NULL,NULL,NULL,NULL,NULL,NULL),(703,1158,'테스트이름44','테스트설명44',44,44,'2020-04-17 19:20:26',NULL,NULL,NULL,NULL,NULL,NULL,NULL),(703,1159,'테스트이름45','테스트설명45',45,45,'2020-04-17 19:20:26',NULL,NULL,NULL,NULL,NULL,NULL,NULL),(703,1160,'테스트이름46','테스트설명46',46,46,'2020-04-17 19:20:26',NULL,NULL,NULL,NULL,NULL,NULL,NULL),(703,1161,'테스트이름47','테스트설명47',47,47,'2020-04-17 19:20:26',NULL,NULL,NULL,NULL,NULL,NULL,NULL),(703,1162,'테스트이름48','테스트설명48',48,48,'2020-04-17 19:20:26',NULL,NULL,NULL,NULL,NULL,NULL,NULL),(703,1163,'테스트이름49','테스트설명49',49,49,'2020-04-17 19:20:26',NULL,NULL,NULL,NULL,NULL,NULL,NULL),(703,1164,'테스트이름50','테스트설명50',50,50,'2020-04-17 19:20:26',NULL,NULL,NULL,NULL,NULL,NULL,NULL),(703,1165,'테스트이름51','테스트설명51',51,51,'2020-04-17 19:20:26',NULL,NULL,NULL,NULL,NULL,NULL,NULL),(703,1166,'테스트이름52','테스트설명52',52,52,'2020-04-17 19:20:26',NULL,NULL,NULL,NULL,NULL,NULL,NULL),(703,1167,'테스트이름53','테스트설명53',53,53,'2020-04-17 19:20:26',NULL,NULL,NULL,NULL,NULL,NULL,NULL),(703,1168,'테스트이름54','테스트설명54',54,54,'2020-04-17 19:20:26',NULL,NULL,NULL,NULL,NULL,NULL,NULL),(703,1169,'테스트이름55','테스트설명55',55,55,'2020-04-17 19:20:26',NULL,NULL,NULL,NULL,NULL,NULL,NULL),(703,1170,'테스트이름56','테스트설명56',56,56,'2020-04-17 19:20:26',NULL,NULL,NULL,NULL,NULL,NULL,NULL),(703,1171,'테스트이름57','테스트설명57',57,57,'2020-04-17 19:20:26',NULL,NULL,NULL,NULL,NULL,NULL,NULL),(703,1172,'테스트이름58','테스트설명58',58,58,'2020-04-17 19:20:26',NULL,NULL,NULL,NULL,NULL,NULL,NULL),(703,1173,'테스트이름59','테스트설명59',59,59,'2020-04-17 19:20:26',NULL,NULL,NULL,NULL,NULL,NULL,NULL),(703,1174,'테스트이름60','테스트설명60',60,60,'2020-04-17 19:20:26',NULL,NULL,NULL,NULL,NULL,NULL,NULL),(703,1175,'테스트이름61','테스트설명61',61,61,'2020-04-17 19:20:26',NULL,NULL,NULL,NULL,NULL,NULL,NULL),(703,1176,'테스트이름62','테스트설명62',62,62,'2020-04-17 19:20:26',NULL,NULL,NULL,NULL,NULL,NULL,NULL),(703,1177,'테스트이름63','테스트설명63',63,63,'2020-04-17 19:20:26',NULL,NULL,NULL,NULL,NULL,NULL,NULL),(703,1178,'테스트이름64','테스트설명64',64,64,'2020-04-17 19:20:27',NULL,NULL,NULL,NULL,NULL,NULL,NULL),(703,1179,'테스트이름65','테스트설명65',65,65,'2020-04-17 19:20:27',NULL,NULL,NULL,NULL,NULL,NULL,NULL),(703,1180,'테스트이름66','테스트설명66',66,66,'2020-04-17 19:20:27',NULL,NULL,NULL,NULL,NULL,NULL,NULL),(703,1181,'테스트이름67','테스트설명67',67,67,'2020-04-17 19:20:27',NULL,NULL,NULL,NULL,NULL,NULL,NULL),(703,1182,'테스트이름68','테스트설명68',68,68,'2020-04-17 19:20:27',NULL,NULL,NULL,NULL,NULL,NULL,NULL),(703,1183,'테스트이름69','테스트설명69',69,69,'2020-04-17 19:20:27',NULL,NULL,NULL,NULL,NULL,NULL,NULL),(703,1184,'테스트이름70','테스트설명70',70,70,'2020-04-17 19:20:27',NULL,NULL,NULL,NULL,NULL,NULL,NULL),(703,1185,'테스트이름71','테스트설명71',71,71,'2020-04-17 19:20:27',NULL,NULL,NULL,NULL,NULL,NULL,NULL),(703,1186,'테스트이름72','테스트설명72',72,72,'2020-04-17 19:20:27',NULL,NULL,NULL,NULL,NULL,NULL,NULL),(703,1187,'테스트이름73','테스트설명73',73,73,'2020-04-17 19:20:27',NULL,NULL,NULL,NULL,NULL,NULL,NULL),(703,1188,'테스트이름74','테스트설명74',74,74,'2020-04-17 19:20:27',NULL,NULL,NULL,NULL,NULL,NULL,NULL),(703,1189,'테스트이름75','테스트설명75',75,75,'2020-04-17 19:20:27',NULL,NULL,NULL,NULL,NULL,NULL,NULL),(703,1190,'테스트이름76','테스트설명76',76,76,'2020-04-17 19:20:27',NULL,NULL,NULL,NULL,NULL,NULL,NULL),(703,1191,'테스트이름77','테스트설명77',77,77,'2020-04-17 19:20:27',NULL,NULL,NULL,NULL,NULL,NULL,NULL),(703,1192,'테스트이름78','테스트설명78',78,78,'2020-04-17 19:20:27',NULL,NULL,NULL,NULL,NULL,NULL,NULL),(703,1193,'테스트이름79','테스트설명79',79,79,'2020-04-17 19:20:27',NULL,NULL,NULL,NULL,NULL,NULL,NULL),(703,1194,'테스트이름80','테스트설명80',80,80,'2020-04-17 19:20:27',NULL,NULL,NULL,NULL,NULL,NULL,NULL),(703,1195,'테스트이름81','테스트설명81',81,81,'2020-04-17 19:20:27',NULL,NULL,NULL,NULL,NULL,NULL,NULL),(703,1196,'테스트이름82','테스트설명82',82,82,'2020-04-17 19:20:27',NULL,NULL,NULL,NULL,NULL,NULL,NULL),(703,1197,'테스트이름83','테스트설명83',83,83,'2020-04-17 19:20:27',NULL,NULL,NULL,NULL,NULL,NULL,NULL),(703,1198,'테스트이름84','테스트설명84',84,84,'2020-04-17 19:20:27',NULL,NULL,NULL,NULL,NULL,NULL,NULL),(703,1199,'테스트이름85','테스트설명85',85,85,'2020-04-17 19:20:27',NULL,NULL,NULL,NULL,NULL,NULL,NULL),(703,1200,'테스트이름86','테스트설명86',86,86,'2020-04-17 19:20:27',NULL,NULL,NULL,NULL,NULL,NULL,NULL),(703,1201,'테스트이름87','테스트설명87',87,87,'2020-04-17 19:20:27',NULL,NULL,NULL,NULL,NULL,NULL,NULL),(703,1202,'테스트이름88','테스트설명88',88,88,'2020-04-17 19:20:27',NULL,NULL,NULL,NULL,NULL,NULL,NULL),(703,1203,'테스트이름89','테스트설명89',89,89,'2020-04-17 19:20:27',NULL,NULL,NULL,NULL,NULL,NULL,NULL),(703,1204,'테스트이름90','테스트설명90',90,90,'2020-04-17 19:20:27',NULL,NULL,NULL,NULL,NULL,NULL,NULL),(703,1205,'테스트이름91','테스트설명91',91,91,'2020-04-17 19:20:27',NULL,NULL,NULL,NULL,NULL,NULL,NULL),(703,1206,'테스트이름92','테스트설명92',92,92,'2020-04-17 19:20:27',NULL,NULL,NULL,NULL,NULL,NULL,NULL),(703,1207,'테스트이름93','테스트설명93',93,93,'2020-04-17 19:20:27',NULL,NULL,NULL,NULL,NULL,NULL,NULL),(703,1208,'테스트이름94','테스트설명94',94,94,'2020-04-17 19:20:27',NULL,NULL,NULL,NULL,NULL,NULL,NULL),(703,1209,'테스트이름95','테스트설명95',95,95,'2020-04-17 19:20:28',NULL,NULL,NULL,NULL,NULL,NULL,NULL),(703,1210,'테스트이름96','테스트설명96',96,96,'2020-04-17 19:20:28',NULL,NULL,NULL,NULL,NULL,NULL,NULL),(703,1211,'테스트이름97','테스트설명97',97,97,'2020-04-17 19:20:28',NULL,NULL,NULL,NULL,NULL,NULL,NULL),(703,1212,'테스트이름98','테스트설명98',98,98,'2020-04-17 19:20:28',NULL,NULL,NULL,NULL,NULL,NULL,NULL),(703,1213,'테스트이름99','테스트설명99',99,99,'2020-04-17 19:20:28',NULL,NULL,NULL,NULL,NULL,NULL,NULL),(703,1214,'테스트이름100','테스트설명100',100,100,'2020-04-17 19:20:28',NULL,NULL,NULL,NULL,NULL,NULL,NULL),(703,1215,'테스트이름101','테스트설명101',101,101,'2020-04-17 19:20:28',NULL,NULL,NULL,NULL,NULL,NULL,NULL),(703,1216,'테스트이름102','테스트설명102',102,102,'2020-04-17 19:20:28',NULL,NULL,NULL,NULL,NULL,NULL,NULL),(703,1217,'테스트이름103','테스트설명103',103,103,'2020-04-17 19:20:28',NULL,NULL,NULL,NULL,NULL,NULL,NULL),(703,1218,'테스트이름104','테스트설명104',104,104,'2020-04-17 19:20:28',NULL,NULL,NULL,NULL,NULL,NULL,NULL),(703,1219,'테스트이름105','테스트설명105',105,105,'2020-04-17 19:20:28',NULL,NULL,NULL,NULL,NULL,NULL,NULL),(703,1220,'테스트이름106','테스트설명106',106,106,'2020-04-17 19:20:28',NULL,NULL,NULL,NULL,NULL,NULL,NULL),(703,1221,'테스트이름107','테스트설명107',107,107,'2020-04-17 19:20:28',NULL,NULL,NULL,NULL,NULL,NULL,NULL),(703,1222,'테스트이름108','테스트설명108',108,108,'2020-04-17 19:20:28',NULL,NULL,NULL,NULL,NULL,NULL,NULL),(703,1223,'테스트이름109','테스트설명109',109,109,'2020-04-17 19:20:28',NULL,NULL,NULL,NULL,NULL,NULL,NULL),(703,1224,'테스트이름110','테스트설명110',110,110,'2020-04-17 19:20:28',NULL,NULL,NULL,NULL,NULL,NULL,NULL),(703,1225,'테스트이름111','테스트설명111',111,111,'2020-04-17 19:20:28',NULL,NULL,NULL,NULL,NULL,NULL,NULL),(703,1226,'테스트이름112','테스트설명112',112,112,'2020-04-17 19:20:28',NULL,NULL,NULL,NULL,NULL,NULL,NULL),(703,1227,'테스트이름113','테스트설명113',113,113,'2020-04-17 19:20:28',NULL,NULL,NULL,NULL,NULL,NULL,NULL),(703,1228,'테스트이름114','테스트설명114',114,114,'2020-04-17 19:20:28',NULL,NULL,NULL,NULL,NULL,NULL,NULL),(703,1229,'테스트이름115','테스트설명115',115,115,'2020-04-17 19:20:28',NULL,NULL,NULL,NULL,NULL,NULL,NULL),(703,1230,'테스트이름116','테스트설명116',116,116,'2020-04-17 19:20:28',NULL,NULL,NULL,NULL,NULL,NULL,NULL),(703,1231,'테스트이름117','테스트설명117',117,117,'2020-04-17 19:20:28',NULL,NULL,NULL,NULL,NULL,NULL,NULL),(703,1232,'테스트이름118','테스트설명118',118,118,'2020-04-17 19:20:28',NULL,NULL,NULL,NULL,NULL,NULL,NULL),(703,1233,'테스트이름119','테스트설명119',119,119,'2020-04-17 19:20:28',NULL,NULL,NULL,NULL,NULL,NULL,NULL),(703,1234,'테스트이름120','테스트설명120',120,120,'2020-04-17 19:20:28',NULL,NULL,NULL,NULL,NULL,NULL,NULL),(703,1235,'테스트이름121','테스트설명121',121,121,'2020-04-17 19:20:28',NULL,NULL,NULL,NULL,NULL,NULL,NULL),(703,1236,'테스트이름122','테스트설명122',122,122,'2020-04-17 19:20:28',NULL,NULL,NULL,NULL,NULL,NULL,NULL),(703,1237,'테스트이름123','테스트설명123',123,123,'2020-04-17 19:20:28',NULL,NULL,NULL,NULL,NULL,NULL,NULL),(703,1238,'테스트이름124','테스트설명124',124,124,'2020-04-17 19:20:28',NULL,NULL,NULL,NULL,NULL,NULL,NULL),(703,1239,'테스트이름125','테스트설명125',125,125,'2020-04-17 19:20:28',NULL,NULL,NULL,NULL,NULL,NULL,NULL),(703,1240,'테스트이름126','테스트설명126',126,126,'2020-04-17 19:20:28',NULL,NULL,NULL,NULL,NULL,NULL,NULL),(703,1241,'테스트이름127','테스트설명127',127,127,'2020-04-17 19:20:29',NULL,NULL,NULL,NULL,NULL,NULL,NULL),(703,1242,'테스트이름128','테스트설명128',128,128,'2020-04-17 19:20:29',NULL,NULL,NULL,NULL,NULL,NULL,NULL),(703,1243,'테스트이름129','테스트설명129',129,129,'2020-04-17 19:20:29',NULL,NULL,NULL,NULL,NULL,NULL,NULL),(703,1244,'테스트이름130','테스트설명130',130,130,'2020-04-17 19:20:29',NULL,NULL,NULL,NULL,NULL,NULL,NULL),(703,1245,'테스트이름131','테스트설명131',131,131,'2020-04-17 19:20:29',NULL,NULL,NULL,NULL,NULL,NULL,NULL),(703,1246,'테스트이름132','테스트설명132',132,132,'2020-04-17 19:20:29',NULL,NULL,NULL,NULL,NULL,NULL,NULL),(703,1247,'테스트이름133','테스트설명133',133,133,'2020-04-17 19:20:29',NULL,NULL,NULL,NULL,NULL,NULL,NULL),(703,1248,'테스트이름134','테스트설명134',134,134,'2020-04-17 19:20:29',NULL,NULL,NULL,NULL,NULL,NULL,NULL),(703,1249,'테스트이름135','테스트설명135',135,135,'2020-04-17 19:20:29',NULL,NULL,NULL,NULL,NULL,NULL,NULL),(703,1250,'테스트이름136','테스트설명136',136,136,'2020-04-17 19:20:29',NULL,NULL,NULL,NULL,NULL,NULL,NULL),(703,1251,'테스트이름137','테스트설명137',137,137,'2020-04-17 19:20:29',NULL,NULL,NULL,NULL,NULL,NULL,NULL),(703,1252,'테스트이름138','테스트설명138',138,138,'2020-04-17 19:20:29',NULL,NULL,NULL,NULL,NULL,NULL,NULL),(703,1253,'테스트이름139','테스트설명139',139,139,'2020-04-17 19:20:29',NULL,NULL,NULL,NULL,NULL,NULL,NULL),(703,1254,'테스트이름140','테스트설명140',140,140,'2020-04-17 19:20:29',NULL,NULL,NULL,NULL,NULL,NULL,NULL),(703,1255,'테스트이름141','테스트설명141',141,141,'2020-04-17 19:20:29',NULL,NULL,NULL,NULL,NULL,NULL,NULL),(703,1256,'테스트이름142','테스트설명142',142,142,'2020-04-17 19:20:29',NULL,NULL,NULL,NULL,NULL,NULL,NULL),(703,1257,'테스트이름143','테스트설명143',143,143,'2020-04-17 19:20:29',NULL,NULL,NULL,NULL,NULL,NULL,NULL),(703,1258,'테스트이름144','테스트설명144',144,144,'2020-04-17 19:20:29',NULL,NULL,NULL,NULL,NULL,NULL,NULL),(703,1259,'테스트이름145','테스트설명145',145,145,'2020-04-17 19:20:29',NULL,NULL,NULL,NULL,NULL,NULL,NULL),(703,1260,'테스트이름146','테스트설명146',146,146,'2020-04-17 19:20:29',NULL,NULL,NULL,NULL,NULL,NULL,NULL),(703,1261,'테스트이름147','테스트설명147',147,147,'2020-04-17 19:20:29',NULL,NULL,NULL,NULL,NULL,NULL,NULL),(703,1262,'테스트이름148','테스트설명148',148,148,'2020-04-17 19:20:29',NULL,NULL,NULL,NULL,NULL,NULL,NULL),(703,1263,'테스트이름149','테스트설명149',149,149,'2020-04-17 19:20:29',NULL,NULL,NULL,NULL,NULL,NULL,NULL),(703,1264,'테스트이름150','테스트설명150',150,150,'2020-04-17 19:20:29',NULL,NULL,NULL,NULL,NULL,NULL,NULL),(703,1265,'테스트이름151','테스트설명151',151,151,'2020-04-17 19:20:29',NULL,NULL,NULL,NULL,NULL,NULL,NULL),(703,1266,'테스트이름152','테스트설명152',152,152,'2020-04-17 19:20:29',NULL,NULL,NULL,NULL,NULL,NULL,NULL),(703,1267,'테스트이름153','테스트설명153',153,153,'2020-04-17 19:20:29',NULL,NULL,NULL,NULL,NULL,NULL,NULL),(703,1268,'테스트이름154','테스트설명154',154,154,'2020-04-17 19:20:29',NULL,NULL,NULL,NULL,NULL,NULL,NULL),(703,1269,'테스트이름155','테스트설명155',155,155,'2020-04-17 19:20:29',NULL,NULL,NULL,NULL,NULL,NULL,NULL),(703,1270,'테스트이름156','테스트설명156',156,156,'2020-04-17 19:20:29',NULL,NULL,NULL,NULL,NULL,NULL,NULL),(703,1271,'테스트이름157','테스트설명157',157,157,'2020-04-17 19:20:29',NULL,NULL,NULL,NULL,NULL,NULL,NULL),(703,1272,'테스트이름158','테스트설명158',158,158,'2020-04-17 19:20:29',NULL,NULL,NULL,NULL,NULL,NULL,NULL),(703,1273,'테스트이름159','테스트설명159',159,159,'2020-04-17 19:20:29',NULL,NULL,NULL,NULL,NULL,NULL,NULL),(703,1274,'테스트이름160','테스트설명160',160,160,'2020-04-17 19:20:29',NULL,NULL,NULL,NULL,NULL,NULL,NULL),(703,1275,'테스트이름161','테스트설명161',161,161,'2020-04-17 19:20:29',NULL,NULL,NULL,NULL,NULL,NULL,NULL),(703,1276,'테스트이름162','테스트설명162',162,162,'2020-04-17 19:20:29',NULL,NULL,NULL,NULL,NULL,NULL,NULL),(703,1277,'테스트이름163','테스트설명163',163,163,'2020-04-17 19:20:29',NULL,NULL,NULL,NULL,NULL,NULL,NULL),(703,1278,'테스트이름164','테스트설명164',164,164,'2020-04-17 19:20:29',NULL,NULL,NULL,NULL,NULL,NULL,NULL),(703,1279,'테스트이름165','테스트설명165',165,165,'2020-04-17 19:20:30',NULL,NULL,NULL,NULL,NULL,NULL,NULL),(703,1280,'테스트이름166','테스트설명166',166,166,'2020-04-17 19:20:30',NULL,NULL,NULL,NULL,NULL,NULL,NULL),(703,1281,'테스트이름167','테스트설명167',167,167,'2020-04-17 19:20:30',NULL,NULL,NULL,NULL,NULL,NULL,NULL),(703,1282,'테스트이름168','테스트설명168',168,168,'2020-04-17 19:20:30',NULL,NULL,NULL,NULL,NULL,NULL,NULL),(703,1283,'테스트이름169','테스트설명169',169,169,'2020-04-17 19:20:30',NULL,NULL,NULL,NULL,NULL,NULL,NULL),(703,1284,'테스트이름170','테스트설명170',170,170,'2020-04-17 19:20:30',NULL,NULL,NULL,NULL,NULL,NULL,NULL),(703,1285,'테스트이름171','테스트설명171',171,171,'2020-04-17 19:20:30',NULL,NULL,NULL,NULL,NULL,NULL,NULL),(703,1286,'테스트이름172','테스트설명172',172,172,'2020-04-17 19:20:30',NULL,NULL,NULL,NULL,NULL,NULL,NULL),(703,1287,'테스트이름173','테스트설명173',173,173,'2020-04-17 19:20:30',NULL,NULL,NULL,NULL,NULL,NULL,NULL),(703,1288,'테스트이름174','테스트설명174',174,174,'2020-04-17 19:20:30',NULL,NULL,NULL,NULL,NULL,NULL,NULL),(703,1289,'테스트이름175','테스트설명175',175,175,'2020-04-17 19:20:30',NULL,NULL,NULL,NULL,NULL,NULL,NULL),(703,1290,'테스트이름176','테스트설명176',176,176,'2020-04-17 19:20:30',NULL,NULL,NULL,NULL,NULL,NULL,NULL),(703,1291,'테스트이름177','테스트설명177',177,177,'2020-04-17 19:20:30',NULL,NULL,NULL,NULL,NULL,NULL,NULL),(703,1292,'테스트이름178','테스트설명178',178,178,'2020-04-17 19:20:30',NULL,NULL,NULL,NULL,NULL,NULL,NULL),(703,1293,'테스트이름179','테스트설명179',179,179,'2020-04-17 19:20:30',NULL,NULL,NULL,NULL,NULL,NULL,NULL),(703,1294,'테스트이름180','테스트설명180',180,180,'2020-04-17 19:20:30',NULL,NULL,NULL,NULL,NULL,NULL,NULL),(703,1295,'테스트이름181','테스트설명181',181,181,'2020-04-17 19:20:30',NULL,NULL,NULL,NULL,NULL,NULL,NULL),(703,1296,'테스트이름182','테스트설명182',182,182,'2020-04-17 19:20:30',NULL,NULL,NULL,NULL,NULL,NULL,NULL),(703,1297,'테스트이름183','테스트설명183',183,183,'2020-04-17 19:20:30',NULL,NULL,NULL,NULL,NULL,NULL,NULL),(703,1298,'테스트이름184','테스트설명184',184,184,'2020-04-17 19:20:30',NULL,NULL,NULL,NULL,NULL,NULL,NULL),(703,1299,'테스트이름185','테스트설명185',185,185,'2020-04-17 19:20:30',NULL,NULL,NULL,NULL,NULL,NULL,NULL),(703,1300,'테스트이름186','테스트설명186',186,186,'2020-04-17 19:20:30',NULL,NULL,NULL,NULL,NULL,NULL,NULL),(703,1301,'테스트이름187','테스트설명187',187,187,'2020-04-17 19:20:30',NULL,NULL,NULL,NULL,NULL,NULL,NULL),(703,1302,'테스트이름188','테스트설명188',188,188,'2020-04-17 19:20:30',NULL,NULL,NULL,NULL,NULL,NULL,NULL),(703,1303,'테스트이름189','테스트설명189',189,189,'2020-04-17 19:20:30',NULL,NULL,NULL,NULL,NULL,NULL,NULL),(703,1304,'테스트이름190','테스트설명190',190,190,'2020-04-17 19:20:30',NULL,NULL,NULL,NULL,NULL,NULL,NULL),(703,1305,'테스트이름191','테스트설명191',191,191,'2020-04-17 19:20:30',NULL,NULL,NULL,NULL,NULL,NULL,NULL),(703,1306,'테스트이름192','테스트설명192',192,192,'2020-04-17 19:20:30',NULL,NULL,NULL,NULL,NULL,NULL,NULL),(703,1307,'테스트이름193','테스트설명193',193,193,'2020-04-17 19:20:30',NULL,NULL,NULL,NULL,NULL,NULL,NULL),(703,1308,'테스트이름194','테스트설명194',194,194,'2020-04-17 19:20:30',NULL,NULL,NULL,NULL,NULL,NULL,NULL),(703,1309,'테스트이름195','테스트설명195',195,195,'2020-04-17 19:20:30',NULL,NULL,NULL,NULL,NULL,NULL,NULL),(703,1310,'테스트이름196','테스트설명196',196,196,'2020-04-17 19:20:30',NULL,NULL,NULL,NULL,NULL,NULL,NULL),(703,1311,'테스트이름197','테스트설명197',197,197,'2020-04-17 19:20:30',NULL,NULL,NULL,NULL,NULL,NULL,NULL),(703,1312,'테스트이름198','테스트설명198',198,198,'2020-04-17 19:20:30',NULL,NULL,NULL,NULL,NULL,NULL,NULL),(703,1313,'테스트이름199','테스트설명199',199,199,'2020-04-17 19:20:31',NULL,NULL,NULL,NULL,NULL,NULL,NULL),(703,1314,'테스트이름200','테스트설명200',200,200,'2020-04-17 19:20:31',NULL,NULL,NULL,NULL,NULL,NULL,NULL),(703,1315,'테스트이름201','테스트설명201',201,201,'2020-04-17 19:20:31',NULL,NULL,NULL,NULL,NULL,NULL,NULL),(703,1316,'테스트이름202','테스트설명202',202,202,'2020-04-17 19:20:31',NULL,NULL,NULL,NULL,NULL,NULL,NULL),(703,1317,'테스트이름203','테스트설명203',203,203,'2020-04-17 19:20:31',NULL,NULL,NULL,NULL,NULL,NULL,NULL),(703,1318,'테스트이름204','테스트설명204',204,204,'2020-04-17 19:20:31',NULL,NULL,NULL,NULL,NULL,NULL,NULL),(703,1319,'테스트이름205','테스트설명205',205,205,'2020-04-17 19:20:31',NULL,NULL,NULL,NULL,NULL,NULL,NULL),(703,1320,'테스트이름206','테스트설명206',206,206,'2020-04-17 19:20:31',NULL,NULL,NULL,NULL,NULL,NULL,NULL),(703,1321,'테스트이름207','테스트설명207',207,207,'2020-04-17 19:20:31',NULL,NULL,NULL,NULL,NULL,NULL,NULL),(703,1322,'테스트이름208','테스트설명208',208,208,'2020-04-17 19:20:31',NULL,NULL,NULL,NULL,NULL,NULL,NULL),(703,1323,'테스트이름209','테스트설명209',209,209,'2020-04-17 19:20:31',NULL,NULL,NULL,NULL,NULL,NULL,NULL),(703,1324,'테스트이름210','테스트설명210',210,210,'2020-04-17 19:20:31',NULL,NULL,NULL,NULL,NULL,NULL,NULL),(703,1325,'테스트이름211','테스트설명211',211,211,'2020-04-17 19:20:31',NULL,NULL,NULL,NULL,NULL,NULL,NULL),(703,1326,'테스트이름212','테스트설명212',212,212,'2020-04-17 19:20:31',NULL,NULL,NULL,NULL,NULL,NULL,NULL),(703,1327,'테스트이름213','테스트설명213',213,213,'2020-04-17 19:20:31',NULL,NULL,NULL,NULL,NULL,NULL,NULL),(703,1328,'테스트이름214','테스트설명214',214,214,'2020-04-17 19:20:31',NULL,NULL,NULL,NULL,NULL,NULL,NULL),(703,1329,'테스트이름215','테스트설명215',215,215,'2020-04-17 19:20:31',NULL,NULL,NULL,NULL,NULL,NULL,NULL),(703,1330,'테스트이름216','테스트설명216',216,216,'2020-04-17 19:20:31',NULL,NULL,NULL,NULL,NULL,NULL,NULL),(703,1331,'테스트이름217','테스트설명217',217,217,'2020-04-17 19:20:31',NULL,NULL,NULL,NULL,NULL,NULL,NULL),(703,1332,'테스트이름218','테스트설명218',218,218,'2020-04-17 19:20:31',NULL,NULL,NULL,NULL,NULL,NULL,NULL),(703,1333,'테스트이름219','테스트설명219',219,219,'2020-04-17 19:20:31',NULL,NULL,NULL,NULL,NULL,NULL,NULL),(703,1334,'테스트이름220','테스트설명220',220,220,'2020-04-17 19:20:31',NULL,NULL,NULL,NULL,NULL,NULL,NULL),(703,1335,'테스트이름221','테스트설명221',221,221,'2020-04-17 19:20:31',NULL,NULL,NULL,NULL,NULL,NULL,NULL),(703,1336,'테스트이름222','테스트설명222',222,222,'2020-04-17 19:20:31',NULL,NULL,NULL,NULL,NULL,NULL,NULL),(703,1337,'테스트이름223','테스트설명223',223,223,'2020-04-17 19:20:31',NULL,NULL,NULL,NULL,NULL,NULL,NULL),(703,1338,'테스트이름224','테스트설명224',224,224,'2020-04-17 19:20:31',NULL,NULL,NULL,NULL,NULL,NULL,NULL),(703,1339,'테스트이름225','테스트설명225',225,225,'2020-04-17 19:20:31',NULL,NULL,NULL,NULL,NULL,NULL,NULL),(703,1340,'테스트이름226','테스트설명226',226,226,'2020-04-17 19:20:31',NULL,NULL,NULL,NULL,NULL,NULL,NULL),(703,1341,'테스트이름227','테스트설명227',227,227,'2020-04-17 19:20:31',NULL,NULL,NULL,NULL,NULL,NULL,NULL),(703,1342,'테스트이름228','테스트설명228',228,228,'2020-04-17 19:20:31',NULL,NULL,NULL,NULL,NULL,NULL,NULL),(703,1343,'테스트이름229','테스트설명229',229,229,'2020-04-17 19:20:31',NULL,NULL,NULL,NULL,NULL,NULL,NULL),(703,1344,'테스트이름230','테스트설명230',230,230,'2020-04-17 19:20:31',NULL,NULL,NULL,NULL,NULL,NULL,NULL),(703,1345,'테스트이름231','테스트설명231',231,231,'2020-04-17 19:20:31',NULL,NULL,NULL,NULL,NULL,NULL,NULL),(703,1346,'테스트이름232','테스트설명232',232,232,'2020-04-17 19:20:32',NULL,NULL,NULL,NULL,NULL,NULL,NULL),(703,1347,'테스트이름233','테스트설명233',233,233,'2020-04-17 19:20:32',NULL,NULL,NULL,NULL,NULL,NULL,NULL),(703,1348,'테스트이름234','테스트설명234',234,234,'2020-04-17 19:20:32',NULL,NULL,NULL,NULL,NULL,NULL,NULL),(703,1349,'테스트이름235','테스트설명235',235,235,'2020-04-17 19:20:32',NULL,NULL,NULL,NULL,NULL,NULL,NULL),(703,1350,'테스트이름236','테스트설명236',236,236,'2020-04-17 19:20:32',NULL,NULL,NULL,NULL,NULL,NULL,NULL),(703,1351,'테스트이름237','테스트설명237',237,237,'2020-04-17 19:20:32',NULL,NULL,NULL,NULL,NULL,NULL,NULL),(703,1352,'테스트이름238','테스트설명238',238,238,'2020-04-17 19:20:32',NULL,NULL,NULL,NULL,NULL,NULL,NULL),(703,1353,'테스트이름239','테스트설명239',239,239,'2020-04-17 19:20:32',NULL,NULL,NULL,NULL,NULL,NULL,NULL),(703,1354,'테스트이름240','테스트설명240',240,240,'2020-04-17 19:20:32',NULL,NULL,NULL,NULL,NULL,NULL,NULL),(703,1355,'테스트이름241','테스트설명241',241,241,'2020-04-17 19:20:32',NULL,NULL,NULL,NULL,NULL,NULL,NULL),(703,1356,'테스트이름242','테스트설명242',242,242,'2020-04-17 19:20:32',NULL,NULL,NULL,NULL,NULL,NULL,NULL),(703,1357,'테스트이름243','테스트설명243',243,243,'2020-04-17 19:20:32',NULL,NULL,NULL,NULL,NULL,NULL,NULL),(703,1358,'테스트이름244','테스트설명244',244,244,'2020-04-17 19:20:32',NULL,NULL,NULL,NULL,NULL,NULL,NULL),(703,1359,'테스트이름245','테스트설명245',245,245,'2020-04-17 19:20:32',NULL,NULL,NULL,NULL,NULL,NULL,NULL),(703,1360,'테스트이름246','테스트설명246',246,246,'2020-04-17 19:20:32',NULL,NULL,NULL,NULL,NULL,NULL,NULL),(703,1361,'테스트이름247','테스트설명247',247,247,'2020-04-17 19:20:32',NULL,NULL,NULL,NULL,NULL,NULL,NULL),(703,1362,'테스트이름248','테스트설명248',248,248,'2020-04-17 19:20:32',NULL,NULL,NULL,NULL,NULL,NULL,NULL),(703,1363,'테스트이름249','테스트설명249',249,249,'2020-04-17 19:20:32',NULL,NULL,NULL,NULL,NULL,NULL,NULL),(703,1364,'테스트이름250','테스트설명250',250,250,'2020-04-17 19:20:32',NULL,NULL,NULL,NULL,NULL,NULL,NULL),(703,1365,'테스트이름251','테스트설명251',251,251,'2020-04-17 19:20:32',NULL,NULL,NULL,NULL,NULL,NULL,NULL),(703,1366,'테스트이름252','테스트설명252',252,252,'2020-04-17 19:20:32',NULL,NULL,NULL,NULL,NULL,NULL,NULL),(703,1367,'테스트이름253','테스트설명253',253,253,'2020-04-17 19:20:32',NULL,NULL,NULL,NULL,NULL,NULL,NULL),(703,1368,'테스트이름254','테스트설명254',254,254,'2020-04-17 19:20:32',NULL,NULL,NULL,NULL,NULL,NULL,NULL),(703,1369,'테스트이름255','테스트설명255',255,255,'2020-04-17 19:20:32',NULL,NULL,NULL,NULL,NULL,NULL,NULL),(703,1370,'테스트이름256','테스트설명256',256,256,'2020-04-17 19:20:32',NULL,NULL,NULL,NULL,NULL,NULL,NULL),(703,1371,'테스트이름257','테스트설명257',257,257,'2020-04-17 19:20:32',NULL,NULL,NULL,NULL,NULL,NULL,NULL),(703,1372,'테스트이름258','테스트설명258',258,258,'2020-04-17 19:20:32',NULL,NULL,NULL,NULL,NULL,NULL,NULL),(703,1373,'테스트이름259','테스트설명259',259,259,'2020-04-17 19:20:32',NULL,NULL,NULL,NULL,NULL,NULL,NULL),(703,1374,'테스트이름260','테스트설명260',260,260,'2020-04-17 19:20:32',NULL,NULL,NULL,NULL,NULL,NULL,NULL),(703,1375,'테스트이름261','테스트설명261',261,261,'2020-04-17 19:20:32',NULL,NULL,NULL,NULL,NULL,NULL,NULL),(703,1376,'테스트이름262','테스트설명262',262,262,'2020-04-17 19:20:32',NULL,NULL,NULL,NULL,NULL,NULL,NULL),(703,1377,'테스트이름263','테스트설명263',263,263,'2020-04-17 19:20:33',NULL,NULL,NULL,NULL,NULL,NULL,NULL),(703,1378,'테스트이름264','테스트설명264',264,264,'2020-04-17 19:20:33',NULL,NULL,NULL,NULL,NULL,NULL,NULL),(703,1379,'테스트이름265','테스트설명265',265,265,'2020-04-17 19:20:33',NULL,NULL,NULL,NULL,NULL,NULL,NULL),(703,1380,'테스트이름266','테스트설명266',266,266,'2020-04-17 19:20:33',NULL,NULL,NULL,NULL,NULL,NULL,NULL),(703,1381,'테스트이름267','테스트설명267',267,267,'2020-04-17 19:20:33',NULL,NULL,NULL,NULL,NULL,NULL,NULL),(703,1382,'테스트이름268','테스트설명268',268,268,'2020-04-17 19:20:33',NULL,NULL,NULL,NULL,NULL,NULL,NULL),(703,1383,'테스트이름269','테스트설명269',269,269,'2020-04-17 19:20:33',NULL,NULL,NULL,NULL,NULL,NULL,NULL),(703,1384,'테스트이름270','테스트설명270',270,270,'2020-04-17 19:20:33',NULL,NULL,NULL,NULL,NULL,NULL,NULL),(703,1385,'테스트이름271','테스트설명271',271,271,'2020-04-17 19:20:33',NULL,NULL,NULL,NULL,NULL,NULL,NULL),(703,1386,'테스트이름272','테스트설명272',272,272,'2020-04-17 19:20:33',NULL,NULL,NULL,NULL,NULL,NULL,NULL),(703,1387,'테스트이름273','테스트설명273',273,273,'2020-04-17 19:20:33',NULL,NULL,NULL,NULL,NULL,NULL,NULL),(703,1388,'테스트이름274','테스트설명274',274,274,'2020-04-17 19:20:33',NULL,NULL,NULL,NULL,NULL,NULL,NULL),(703,1389,'테스트이름275','테스트설명275',275,275,'2020-04-17 19:20:33',NULL,NULL,NULL,NULL,NULL,NULL,NULL),(703,1390,'테스트이름276','테스트설명276',276,276,'2020-04-17 19:20:33',NULL,NULL,NULL,NULL,NULL,NULL,NULL),(703,1391,'테스트이름277','테스트설명277',277,277,'2020-04-17 19:20:33',NULL,NULL,NULL,NULL,NULL,NULL,NULL),(703,1392,'테스트이름278','테스트설명278',278,278,'2020-04-17 19:20:33',NULL,NULL,NULL,NULL,NULL,NULL,NULL),(703,1393,'테스트이름279','테스트설명279',279,279,'2020-04-17 19:20:33',NULL,NULL,NULL,NULL,NULL,NULL,NULL),(703,1394,'테스트이름280','테스트설명280',280,280,'2020-04-17 19:20:33',NULL,NULL,NULL,NULL,NULL,NULL,NULL),(703,1395,'테스트이름281','테스트설명281',281,281,'2020-04-17 19:20:33',NULL,NULL,NULL,NULL,NULL,NULL,NULL),(703,1396,'테스트이름282','테스트설명282',282,282,'2020-04-17 19:20:33',NULL,NULL,NULL,NULL,NULL,NULL,NULL),(703,1397,'테스트이름283','테스트설명283',283,283,'2020-04-17 19:20:33',NULL,NULL,NULL,NULL,NULL,NULL,NULL),(703,1398,'테스트이름284','테스트설명284',284,284,'2020-04-17 19:20:33',NULL,NULL,NULL,NULL,NULL,NULL,NULL),(703,1399,'테스트이름285','테스트설명285',285,285,'2020-04-17 19:20:33',NULL,NULL,NULL,NULL,NULL,NULL,NULL),(703,1400,'테스트이름286','테스트설명286',286,286,'2020-04-17 19:20:33',NULL,NULL,NULL,NULL,NULL,NULL,NULL),(703,1401,'테스트이름287','테스트설명287',287,287,'2020-04-17 19:20:33',NULL,NULL,NULL,NULL,NULL,NULL,NULL),(703,1402,'테스트이름288','테스트설명288',288,288,'2020-04-17 19:20:33',NULL,NULL,NULL,NULL,NULL,NULL,NULL),(703,1403,'테스트이름289','테스트설명289',289,289,'2020-04-17 19:20:33',NULL,NULL,NULL,NULL,NULL,NULL,NULL),(703,1404,'테스트이름290','테스트설명290',290,290,'2020-04-17 19:20:33',NULL,NULL,NULL,NULL,NULL,NULL,NULL),(703,1405,'테스트이름291','테스트설명291',291,291,'2020-04-17 19:20:33',NULL,NULL,NULL,NULL,NULL,NULL,NULL),(703,1406,'테스트이름292','테스트설명292',292,292,'2020-04-17 19:20:33',NULL,NULL,NULL,NULL,NULL,NULL,NULL),(703,1407,'테스트이름293','테스트설명293',293,293,'2020-04-17 19:20:33',NULL,NULL,NULL,NULL,NULL,NULL,NULL),(703,1408,'테스트이름294','테스트설명294',294,294,'2020-04-17 19:20:34',NULL,NULL,NULL,NULL,NULL,NULL,NULL),(703,1409,'테스트이름295','테스트설명295',295,295,'2020-04-17 19:20:34',NULL,NULL,NULL,NULL,NULL,NULL,NULL),(703,1410,'테스트이름296','테스트설명296',296,296,'2020-04-17 19:20:34',NULL,NULL,NULL,NULL,NULL,NULL,NULL),(703,1411,'테스트이름297','테스트설명297',297,297,'2020-04-17 19:20:34',NULL,NULL,NULL,NULL,NULL,NULL,NULL),(703,1412,'테스트이름298','테스트설명298',298,298,'2020-04-17 19:20:34',NULL,NULL,NULL,NULL,NULL,NULL,NULL),(703,1413,'테스트이름299','테스트설명299',299,299,'2020-04-17 19:20:34',NULL,NULL,NULL,NULL,NULL,NULL,NULL),(703,1414,'테스트이름300','테스트설명300',300,300,'2020-04-17 19:20:34',NULL,NULL,NULL,NULL,NULL,NULL,NULL),(703,1415,'테스트이름301','테스트설명301',301,301,'2020-04-17 19:20:34',NULL,NULL,NULL,NULL,NULL,NULL,NULL),(703,1416,'테스트이름302','테스트설명302',302,302,'2020-04-17 19:20:34',NULL,NULL,NULL,NULL,NULL,NULL,NULL),(703,1417,'테스트이름303','테스트설명303',303,303,'2020-04-17 19:20:34',NULL,NULL,NULL,NULL,NULL,NULL,NULL),(703,1418,'테스트이름304','테스트설명304',304,304,'2020-04-17 19:20:34',NULL,NULL,NULL,NULL,NULL,NULL,NULL),(703,1419,'테스트이름305','테스트설명305',305,305,'2020-04-17 19:20:34',NULL,NULL,NULL,NULL,NULL,NULL,NULL),(703,1420,'테스트이름306','테스트설명306',306,306,'2020-04-17 19:20:34',NULL,NULL,NULL,NULL,NULL,NULL,NULL),(703,1421,'테스트이름307','테스트설명307',307,307,'2020-04-17 19:20:34',NULL,NULL,NULL,NULL,NULL,NULL,NULL),(703,1422,'테스트이름308','테스트설명308',308,308,'2020-04-17 19:20:34',NULL,NULL,NULL,NULL,NULL,NULL,NULL),(703,1423,'테스트이름309','테스트설명309',309,309,'2020-04-17 19:20:34',NULL,NULL,NULL,NULL,NULL,NULL,NULL),(703,1424,'테스트이름310','테스트설명310',310,310,'2020-04-17 19:20:34',NULL,NULL,NULL,NULL,NULL,NULL,NULL),(703,1425,'테스트이름311','테스트설명311',311,311,'2020-04-17 19:20:34',NULL,NULL,NULL,NULL,NULL,NULL,NULL),(703,1426,'테스트이름312','테스트설명312',312,312,'2020-04-17 19:20:34',NULL,NULL,NULL,NULL,NULL,NULL,NULL),(703,1427,'테스트이름313','테스트설명313',313,313,'2020-04-17 19:20:34',NULL,NULL,NULL,NULL,NULL,NULL,NULL),(703,1428,'테스트이름314','테스트설명314',314,314,'2020-04-17 19:20:34',NULL,NULL,NULL,NULL,NULL,NULL,NULL),(703,1429,'테스트이름315','테스트설명315',315,315,'2020-04-17 19:20:34',NULL,NULL,NULL,NULL,NULL,NULL,NULL),(703,1430,'테스트이름316','테스트설명316',316,316,'2020-04-17 19:20:34',NULL,NULL,NULL,NULL,NULL,NULL,NULL),(703,1431,'테스트이름317','테스트설명317',317,317,'2020-04-17 19:20:34',NULL,NULL,NULL,NULL,NULL,NULL,NULL),(703,1432,'테스트이름318','테스트설명318',318,318,'2020-04-17 19:20:34',NULL,NULL,NULL,NULL,NULL,NULL,NULL),(703,1433,'테스트이름319','테스트설명319',319,319,'2020-04-17 19:20:34',NULL,NULL,NULL,NULL,NULL,NULL,NULL),(703,1434,'테스트이름320','테스트설명320',320,320,'2020-04-17 19:20:34',NULL,NULL,NULL,NULL,NULL,NULL,NULL),(703,1435,'테스트이름321','테스트설명321',321,321,'2020-04-17 19:20:34',NULL,NULL,NULL,NULL,NULL,NULL,NULL),(703,1436,'테스트이름322','테스트설명322',322,322,'2020-04-17 19:20:34',NULL,NULL,NULL,NULL,NULL,NULL,NULL),(703,1437,'테스트이름323','테스트설명323',323,323,'2020-04-17 19:20:34',NULL,NULL,NULL,NULL,NULL,NULL,NULL),(703,1438,'테스트이름324','테스트설명324',324,324,'2020-04-17 19:20:34',NULL,NULL,NULL,NULL,NULL,NULL,NULL),(703,1439,'테스트이름325','테스트설명325',325,325,'2020-04-17 19:20:34',NULL,NULL,NULL,NULL,NULL,NULL,NULL),(703,1440,'테스트이름326','테스트설명326',326,326,'2020-04-17 19:20:34',NULL,NULL,NULL,NULL,NULL,NULL,NULL),(703,1441,'테스트이름327','테스트설명327',327,327,'2020-04-17 19:20:35',NULL,NULL,NULL,NULL,NULL,NULL,NULL),(703,1442,'테스트이름328','테스트설명328',328,328,'2020-04-17 19:20:35',NULL,NULL,NULL,NULL,NULL,NULL,NULL),(703,1443,'테스트이름329','테스트설명329',329,329,'2020-04-17 19:20:35',NULL,NULL,NULL,NULL,NULL,NULL,NULL),(703,1444,'테스트이름330','테스트설명330',330,330,'2020-04-17 19:20:35',NULL,NULL,NULL,NULL,NULL,NULL,NULL),(703,1445,'테스트이름331','테스트설명331',331,331,'2020-04-17 19:20:35',NULL,NULL,NULL,NULL,NULL,NULL,NULL),(703,1446,'테스트이름332','테스트설명332',332,332,'2020-04-17 19:20:35',NULL,NULL,NULL,NULL,NULL,NULL,NULL),(703,1447,'테스트이름333','테스트설명333',333,333,'2020-04-17 19:20:35',NULL,NULL,NULL,NULL,NULL,NULL,NULL),(703,1448,'테스트이름334','테스트설명334',334,334,'2020-04-17 19:20:35',NULL,NULL,NULL,NULL,NULL,NULL,NULL),(703,1449,'테스트이름335','테스트설명335',335,335,'2020-04-17 19:20:35',NULL,NULL,NULL,NULL,NULL,NULL,NULL),(703,1450,'테스트이름336','테스트설명336',336,336,'2020-04-17 19:20:35',NULL,NULL,NULL,NULL,NULL,NULL,NULL),(703,1451,'테스트이름337','테스트설명337',337,337,'2020-04-17 19:20:35',NULL,NULL,NULL,NULL,NULL,NULL,NULL),(703,1452,'테스트이름338','테스트설명338',338,338,'2020-04-17 19:20:35',NULL,NULL,NULL,NULL,NULL,NULL,NULL),(703,1453,'테스트이름339','테스트설명339',339,339,'2020-04-17 19:20:35',NULL,NULL,NULL,NULL,NULL,NULL,NULL),(703,1454,'테스트이름340','테스트설명340',340,340,'2020-04-17 19:20:35',NULL,NULL,NULL,NULL,NULL,NULL,NULL),(703,1455,'테스트이름341','테스트설명341',341,341,'2020-04-17 19:20:35',NULL,NULL,NULL,NULL,NULL,NULL,NULL),(703,1456,'테스트이름342','테스트설명342',342,342,'2020-04-17 19:20:35',NULL,NULL,NULL,NULL,NULL,NULL,NULL),(703,1457,'테스트이름343','테스트설명343',343,343,'2020-04-17 19:20:35',NULL,NULL,NULL,NULL,NULL,NULL,NULL),(703,1458,'테스트이름344','테스트설명344',344,344,'2020-04-17 19:20:35',NULL,NULL,NULL,NULL,NULL,NULL,NULL),(703,1459,'테스트이름345','테스트설명345',345,345,'2020-04-17 19:20:35',NULL,NULL,NULL,NULL,NULL,NULL,NULL),(703,1460,'테스트이름346','테스트설명346',346,346,'2020-04-17 19:20:35',NULL,NULL,NULL,NULL,NULL,NULL,NULL),(703,1461,'테스트이름347','테스트설명347',347,347,'2020-04-17 19:20:35',NULL,NULL,NULL,NULL,NULL,NULL,NULL),(703,1462,'테스트이름348','테스트설명348',348,348,'2020-04-17 19:20:35',NULL,NULL,NULL,NULL,NULL,NULL,NULL),(703,1463,'테스트이름349','테스트설명349',349,349,'2020-04-17 19:20:35',NULL,NULL,NULL,NULL,NULL,NULL,NULL),(703,1464,'테스트이름350','테스트설명350',350,350,'2020-04-17 19:20:35',NULL,NULL,NULL,NULL,NULL,NULL,NULL),(703,1465,'테스트이름351','테스트설명351',351,351,'2020-04-17 19:20:35',NULL,NULL,NULL,NULL,NULL,NULL,NULL),(703,1466,'테스트이름352','테스트설명352',352,352,'2020-04-17 19:20:35',NULL,NULL,NULL,NULL,NULL,NULL,NULL),(703,1467,'테스트이름353','테스트설명353',353,353,'2020-04-17 19:20:35',NULL,NULL,NULL,NULL,NULL,NULL,NULL),(703,1468,'테스트이름354','테스트설명354',354,354,'2020-04-17 19:20:35',NULL,NULL,NULL,NULL,NULL,NULL,NULL),(703,1469,'테스트이름355','테스트설명355',355,355,'2020-04-17 19:20:35',NULL,NULL,NULL,NULL,NULL,NULL,NULL),(703,1470,'테스트이름356','테스트설명356',356,356,'2020-04-17 19:20:35',NULL,NULL,NULL,NULL,NULL,NULL,NULL),(703,1471,'테스트이름357','테스트설명357',357,357,'2020-04-17 19:20:35',NULL,NULL,NULL,NULL,NULL,NULL,NULL),(703,1472,'테스트이름358','테스트설명358',358,358,'2020-04-17 19:20:35',NULL,NULL,NULL,NULL,NULL,NULL,NULL),(703,1473,'테스트이름359','테스트설명359',359,359,'2020-04-17 19:20:35',NULL,NULL,NULL,NULL,NULL,NULL,NULL),(703,1474,'테스트이름360','테스트설명360',360,360,'2020-04-17 19:20:36',NULL,NULL,NULL,NULL,NULL,NULL,NULL),(703,1475,'테스트이름361','테스트설명361',361,361,'2020-04-17 19:20:36',NULL,NULL,NULL,NULL,NULL,NULL,NULL),(703,1476,'테스트이름362','테스트설명362',362,362,'2020-04-17 19:20:36',NULL,NULL,NULL,NULL,NULL,NULL,NULL),(703,1477,'테스트이름363','테스트설명363',363,363,'2020-04-17 19:20:36',NULL,NULL,NULL,NULL,NULL,NULL,NULL),(703,1478,'테스트이름364','테스트설명364',364,364,'2020-04-17 19:20:36',NULL,NULL,NULL,NULL,NULL,NULL,NULL),(703,1479,'테스트이름365','테스트설명365',365,365,'2020-04-17 19:20:36',NULL,NULL,NULL,NULL,NULL,NULL,NULL),(703,1480,'테스트이름366','테스트설명366',366,366,'2020-04-17 19:20:36',NULL,NULL,NULL,NULL,NULL,NULL,NULL),(703,1481,'테스트이름367','테스트설명367',367,367,'2020-04-17 19:20:36',NULL,NULL,NULL,NULL,NULL,NULL,NULL),(703,1482,'테스트이름368','테스트설명368',368,368,'2020-04-17 19:20:36',NULL,NULL,NULL,NULL,NULL,NULL,NULL),(703,1483,'테스트이름369','테스트설명369',369,369,'2020-04-17 19:20:36',NULL,NULL,NULL,NULL,NULL,NULL,NULL),(703,1484,'테스트이름370','테스트설명370',370,370,'2020-04-17 19:20:36',NULL,NULL,NULL,NULL,NULL,NULL,NULL),(703,1485,'테스트이름371','테스트설명371',371,371,'2020-04-17 19:20:36',NULL,NULL,NULL,NULL,NULL,NULL,NULL),(703,1486,'테스트이름372','테스트설명372',372,372,'2020-04-17 19:20:36',NULL,NULL,NULL,NULL,NULL,NULL,NULL),(703,1487,'테스트이름373','테스트설명373',373,373,'2020-04-17 19:20:36',NULL,NULL,NULL,NULL,NULL,NULL,NULL),(703,1488,'테스트이름374','테스트설명374',374,374,'2020-04-17 19:20:36',NULL,NULL,NULL,NULL,NULL,NULL,NULL),(703,1489,'테스트이름375','테스트설명375',375,375,'2020-04-17 19:20:36',NULL,NULL,NULL,NULL,NULL,NULL,NULL),(703,1490,'테스트이름376','테스트설명376',376,376,'2020-04-17 19:20:36',NULL,NULL,NULL,NULL,NULL,NULL,NULL),(703,1491,'테스트이름377','테스트설명377',377,377,'2020-04-17 19:20:36',NULL,NULL,NULL,NULL,NULL,NULL,NULL),(703,1492,'테스트이름378','테스트설명378',378,378,'2020-04-17 19:20:36',NULL,NULL,NULL,NULL,NULL,NULL,NULL),(703,1493,'테스트이름379','테스트설명379',379,379,'2020-04-17 19:20:36',NULL,NULL,NULL,NULL,NULL,NULL,NULL),(703,1494,'테스트이름380','테스트설명380',380,380,'2020-04-17 19:20:36',NULL,NULL,NULL,NULL,NULL,NULL,NULL),(703,1495,'테스트이름381','테스트설명381',381,381,'2020-04-17 19:20:36',NULL,NULL,NULL,NULL,NULL,NULL,NULL),(703,1496,'테스트이름382','테스트설명382',382,382,'2020-04-17 19:20:36',NULL,NULL,NULL,NULL,NULL,NULL,NULL),(703,1497,'테스트이름383','테스트설명383',383,383,'2020-04-17 19:20:36',NULL,NULL,NULL,NULL,NULL,NULL,NULL),(703,1498,'테스트이름384','테스트설명384',384,384,'2020-04-17 19:20:36',NULL,NULL,NULL,NULL,NULL,NULL,NULL),(703,1499,'테스트이름385','테스트설명385',385,385,'2020-04-17 19:20:36',NULL,NULL,NULL,NULL,NULL,NULL,NULL),(703,1500,'테스트이름386','테스트설명386',386,386,'2020-04-17 19:20:36',NULL,NULL,NULL,NULL,NULL,NULL,NULL),(703,1501,'테스트이름387','테스트설명387',387,387,'2020-04-17 19:20:36',NULL,NULL,NULL,NULL,NULL,NULL,NULL),(703,1502,'테스트이름388','테스트설명388',388,388,'2020-04-17 19:20:36',NULL,NULL,NULL,NULL,NULL,NULL,NULL),(703,1503,'테스트이름389','테스트설명389',389,389,'2020-04-17 19:20:36',NULL,NULL,NULL,NULL,NULL,NULL,NULL),(703,1504,'테스트이름390','테스트설명390',390,390,'2020-04-17 19:20:36',NULL,NULL,NULL,NULL,NULL,NULL,NULL),(703,1505,'테스트이름391','테스트설명391',391,391,'2020-04-17 19:20:36',NULL,NULL,NULL,NULL,NULL,NULL,NULL),(703,1506,'테스트이름392','테스트설명392',392,392,'2020-04-17 19:20:37',NULL,NULL,NULL,NULL,NULL,NULL,NULL),(703,1507,'테스트이름393','테스트설명393',393,393,'2020-04-17 19:20:37',NULL,NULL,NULL,NULL,NULL,NULL,NULL),(703,1508,'테스트이름394','테스트설명394',394,394,'2020-04-17 19:20:37',NULL,NULL,NULL,NULL,NULL,NULL,NULL),(703,1509,'테스트이름395','테스트설명395',395,395,'2020-04-17 19:20:37',NULL,NULL,NULL,NULL,NULL,NULL,NULL),(703,1510,'테스트이름396','테스트설명396',396,396,'2020-04-17 19:20:37',NULL,NULL,NULL,NULL,NULL,NULL,NULL),(703,1511,'테스트이름397','테스트설명397',397,397,'2020-04-17 19:20:37',NULL,NULL,NULL,NULL,NULL,NULL,NULL),(703,1512,'테스트이름398','테스트설명398',398,398,'2020-04-17 19:20:37',NULL,NULL,NULL,NULL,NULL,NULL,NULL),(703,1513,'테스트이름399','테스트설명399',399,399,'2020-04-17 19:20:37',NULL,NULL,NULL,NULL,NULL,NULL,NULL),(703,1514,'테스트이름400','테스트설명400',400,400,'2020-04-17 19:20:37',NULL,NULL,NULL,NULL,NULL,NULL,NULL);
/*!40000 ALTER TABLE `product` ENABLE KEYS */;
UNLOCK TABLES;

--
-- Table structure for table `question`
--

DROP TABLE IF EXISTS `question`;
/*!40101 SET @saved_cs_client     = @@character_set_client */;
/*!50503 SET character_set_client = utf8mb4 */;
CREATE TABLE `question` (
  `question_id` int(11) NOT NULL AUTO_INCREMENT COMMENT '문의ID',
  `question_type_id` int(11) NOT NULL COMMENT '문의유형ID',
  `order_id` int(11) DEFAULT NULL COMMENT '주문ID',
  `product_id` int(11) DEFAULT NULL COMMENT '상품ID',
  `member_id` varchar(20) NOT NULL COMMENT '회원ID',
  `question_date` datetime NOT NULL COMMENT '문의신청일',
  `question_answerdate` datetime DEFAULT NULL COMMENT '문의답변일',
  `question_title` varchar(50) NOT NULL COMMENT '문의제목',
  `question_content` text NOT NULL COMMENT '문의내용',
  `question_image` varchar(200) DEFAULT NULL COMMENT '문의이미지',
  `question_answer` text COMMENT '문의답변내용',
  `question_secret_id` int(11) NOT NULL DEFAULT '0' COMMENT '문의비밀글id',
  `question_state_id` int(11) NOT NULL DEFAULT '0' COMMENT '문의상태ID',
  PRIMARY KEY (`question_id`,`member_id`,`question_state_id`,`question_type_id`,`question_secret_id`),
  KEY `FK_member_question_1` (`member_id`),
  KEY `FK_question_state_question_2` (`question_state_id`),
  KEY `FK_question_type_question_3` (`question_type_id`),
  KEY `FK_order_question_4` (`order_id`),
  KEY `FK_question_secret_question_5` (`question_secret_id`),
  KEY `FK_product_question_6` (`product_id`),
  CONSTRAINT `FK_member_question_1` FOREIGN KEY (`member_id`) REFERENCES `member` (`member_id`),
  CONSTRAINT `FK_order_question_4` FOREIGN KEY (`order_id`) REFERENCES `order` (`order_id`),
  CONSTRAINT `FK_product_question_6` FOREIGN KEY (`product_id`) REFERENCES `product` (`product_id`),
  CONSTRAINT `FK_question_secret_question_5` FOREIGN KEY (`question_secret_id`) REFERENCES `question_secret` (`question_secret_id`),
  CONSTRAINT `FK_question_state_question_2` FOREIGN KEY (`question_state_id`) REFERENCES `question_state` (`question_state_id`),
  CONSTRAINT `FK_question_type_question_3` FOREIGN KEY (`question_type_id`) REFERENCES `question_type` (`question_type_id`)
) ENGINE=InnoDB AUTO_INCREMENT=525 DEFAULT CHARSET=utf8;
/*!40101 SET character_set_client = @saved_cs_client */;

--
-- Dumping data for table `question`
--

LOCK TABLES `question` WRITE;
/*!40000 ALTER TABLE `question` DISABLE KEYS */;
INSERT INTO `question` VALUES (2,3,2,2,'회원2','2020-03-17 15:12:38','2020-04-06 17:25:27','문의제목2567567234','문의내용2',NULL,NULL,0,1),(3,0,3,3,'회원3','2020-03-17 15:12:38','2020-04-06 17:22:45','문의제목334636','문의내용3346346',NULL,NULL,0,1),(4,7,4,4,'회원4','2020-03-17 15:12:38','2020-04-06 17:22:52','문의제목4','문의내용4346346346',NULL,NULL,0,1),(5,0,5,5,'회원5','2020-03-17 15:12:38',NULL,'문의제목5','문의내용5',NULL,'문의답변내용5',0,0),(6,0,6,6,'회원6','2020-03-17 15:12:38',NULL,'문의제목6','문의내용6',NULL,'문의답변내용6',0,0),(7,0,7,7,'회원7','2020-03-17 15:12:38',NULL,'문의제목7','문의내용7',NULL,'문의답변내용7',0,0),(8,0,8,8,'회원8','2020-03-17 15:12:38',NULL,'문의제목8','문의내용8',NULL,'문의답변내용8',0,0),(9,0,9,9,'회원9','2020-03-17 15:12:38',NULL,'문의제목9','문의내용9',NULL,'문의답변내용9',0,0),(10,0,10,10,'회원10','2020-03-17 15:12:38',NULL,'문의제목10','문의내용10',NULL,'문의답변내용10',0,0),(11,5,11,11,'회원11','2020-03-17 15:12:44',NULL,'문의제목11','문의내용11',NULL,'문의답변내용11',0,0),(12,5,12,12,'회원12','2020-03-17 15:12:44',NULL,'문의제목12','문의내용12',NULL,'문의답변내용12',0,0),(13,5,13,13,'회원13','2020-03-17 15:12:44',NULL,'문의제목13','문의내용13',NULL,'문의답변내용13',0,0),(14,5,14,14,'회원14','2020-03-17 15:12:44',NULL,'문의제목14','문의내용14',NULL,'문의답변내용14',0,0),(15,5,15,15,'회원15','2020-03-17 15:12:44',NULL,'문의제목15','문의내용15',NULL,'문의답변내용15',0,0),(16,5,16,16,'회원16','2020-03-17 15:12:44',NULL,'문의제목16','문의내용16',NULL,'문의답변내용16',0,0),(17,5,17,17,'회원17','2020-03-17 15:12:44',NULL,'문의제목17','문의내용17',NULL,'문의답변내용17',0,0),(18,5,18,18,'회원18','2020-03-17 15:12:44',NULL,'문의제목18','문의내용18',NULL,'문의답변내용18',0,0),(19,5,19,19,'회원19','2020-03-17 15:12:44',NULL,'문의제목19','문의내용19',NULL,'문의답변내용19',0,0),(20,5,20,20,'회원20','2020-03-17 15:12:44',NULL,'문의제목20','문의내용20',NULL,'문의답변내용20',0,0),(21,5,21,21,'회원21','2020-03-17 15:12:44',NULL,'문의제목21','문의내용21',NULL,'문의답변내용21',0,0),(22,5,22,22,'회원22','2020-03-17 15:12:44',NULL,'문의제목22','문의내용22',NULL,'문의답변내용22',0,0),(23,5,23,23,'회원23','2020-03-17 15:12:44',NULL,'문의제목23','문의내용23',NULL,'문의답변내용23',0,0),(24,5,24,24,'회원24','2020-03-17 15:12:44',NULL,'문의제목24','문의내용24',NULL,'문의답변내용24',0,0),(25,5,25,25,'회원25','2020-03-17 15:12:44',NULL,'문의제목25','문의내용25',NULL,'문의답변내용25',0,0),(26,5,26,26,'회원26','2020-03-17 15:12:44',NULL,'문의제목26','문의내용26',NULL,'문의답변내용26',0,0),(27,5,27,27,'회원27','2020-03-17 15:12:44',NULL,'문의제목27','문의내용27',NULL,'문의답변내용27',0,0),(28,5,28,28,'회원28','2020-03-17 15:12:44',NULL,'문의제목28','문의내용28',NULL,'문의답변내용28',0,0),(29,5,29,29,'회원29','2020-03-17 15:12:44',NULL,'문의제목29','문의내용29',NULL,'문의답변내용29',0,0),(30,5,30,30,'회원30','2020-03-17 15:12:45',NULL,'문의제목30','문의내용30',NULL,'문의답변내용30',0,0),(31,100,31,31,'회원31','2020-03-17 15:12:51',NULL,'문의제목31','문의내용31',NULL,'문의답변내용31',0,0),(32,100,32,32,'회원32','2020-03-17 15:12:51',NULL,'문의제목32','문의내용32',NULL,'문의답변내용32',0,0),(33,100,33,33,'회원33','2020-03-17 15:12:51',NULL,'문의제목33','문의내용33',NULL,'문의답변내용33',0,0),(34,100,34,34,'회원34','2020-03-17 15:12:51',NULL,'문의제목34','문의내용34',NULL,'문의답변내용34',0,0),(35,100,35,35,'회원35','2020-03-17 15:12:51',NULL,'문의제목35','문의내용35',NULL,'문의답변내용35',0,0),(36,100,36,36,'회원36','2020-03-17 15:12:51',NULL,'문의제목36','문의내용36',NULL,'문의답변내용36',0,0),(37,100,37,37,'회원37','2020-03-17 15:12:51',NULL,'문의제목37','문의내용37',NULL,'문의답변내용37',0,0),(38,100,38,38,'회원38','2020-03-17 15:12:51',NULL,'문의제목38','문의내용38',NULL,'문의답변내용38',0,0),(39,100,39,39,'회원39','2020-03-17 15:12:52',NULL,'문의제목39','문의내용39',NULL,'문의답변내용39',0,0),(40,100,40,40,'회원40','2020-03-17 15:12:52',NULL,'문의제목40','문의내용40',NULL,'문의답변내용40',0,0),(41,100,41,41,'회원41','2020-03-17 15:12:52',NULL,'문의제목41','문의내용41',NULL,'문의답변내용41',0,0),(42,100,42,42,'회원42','2020-03-17 15:12:52',NULL,'문의제목42','문의내용42',NULL,'문의답변내용42',0,0),(43,100,43,43,'회원43','2020-03-17 15:12:52',NULL,'문의제목43','문의내용43',NULL,'문의답변내용43',0,0),(44,100,44,44,'회원44','2020-03-17 15:12:52',NULL,'문의제목44','문의내용44',NULL,'문의답변내용44',0,0),(45,100,45,45,'회원45','2020-03-17 15:12:52',NULL,'문의제목45','문의내용45',NULL,'문의답변내용45',0,0),(46,100,46,46,'회원46','2020-03-17 15:12:52',NULL,'문의제목46','문의내용46',NULL,'문의답변내용46',0,0),(47,100,47,47,'회원47','2020-03-17 15:12:52',NULL,'문의제목47','문의내용47',NULL,'문의답변내용47',0,0),(48,100,48,48,'회원48','2020-03-17 15:12:52',NULL,'문의제목48','문의내용48',NULL,'문의답변내용48',0,0),(49,100,49,49,'회원49','2020-03-17 15:12:52',NULL,'문의제목49','문의내용49',NULL,'문의답변내용49',0,0),(50,100,50,50,'회원50','2020-03-17 15:12:52',NULL,'문의제목50','문의내용50',NULL,'문의답변내용50',0,0),(51,100,51,51,'회원51','2020-03-17 15:12:52',NULL,'문의제목51','문의내용51',NULL,'문의답변내용51',0,0),(52,100,52,52,'회원52','2020-03-17 15:12:52',NULL,'문의제목52','문의내용52',NULL,'문의답변내용52',0,0),(53,100,53,53,'회원53','2020-03-17 15:12:52',NULL,'문의제목53','문의내용53',NULL,'문의답변내용53',0,0),(54,100,54,54,'회원54','2020-03-17 15:12:52',NULL,'문의제목54','문의내용54',NULL,'문의답변내용54',0,0),(55,100,55,55,'회원55','2020-03-17 15:12:52',NULL,'문의제목55','문의내용55',NULL,'문의답변내용55',0,0),(56,100,56,56,'회원56','2020-03-17 15:12:52',NULL,'문의제목56','문의내용56',NULL,'문의답변내용56',0,0),(57,100,57,57,'회원57','2020-03-17 15:12:52',NULL,'문의제목57','문의내용57',NULL,'문의답변내용57',0,0),(58,100,58,58,'회원58','2020-03-17 15:12:52',NULL,'문의제목58','문의내용58',NULL,'문의답변내용58',0,0),(59,100,59,59,'회원59','2020-03-17 15:12:52',NULL,'문의제목59','문의내용59',NULL,'문의답변내용59',0,0),(60,100,60,60,'회원60','2020-03-17 15:12:52',NULL,'문의제목60','문의내용60',NULL,'문의답변내용60',0,0),(61,5,1,5,'회원1','2020-03-01 00:00:00',NULL,'문의제목123','문의내용46',NULL,'문의답변내용126',0,0),(62,6,8,7,'회원1','2020-02-01 00:00:00',NULL,'문의제목123','문의내용46',NULL,'문의답변내용126',0,0),(63,8,21,4,'회원1','2020-01-01 00:00:00',NULL,'문의제목123','문의내용46',NULL,'문의답변내용126',0,0),(76,100,NULL,1,'1111','2020-03-24 10:17:39',NULL,'에러나면??','그대로 들어가네?',NULL,NULL,0,0),(77,100,NULL,1,'1111','2020-03-24 10:18:36',NULL,'아니 404인데 ','왜 들어가냐고',NULL,NULL,0,0),(78,100,NULL,2,'1111','2020-03-24 10:43:27',NULL,'여기?','여기다!',NULL,NULL,0,0),(79,100,NULL,2,'1111','2020-03-24 11:42:23',NULL,'문의 제목','컨텐츠',NULL,NULL,0,0),(80,100,NULL,10,'1111','2020-03-24 11:58:09',NULL,'문의 제목','컨텐츠',NULL,NULL,0,0),(81,100,NULL,10,'1111','2020-03-24 11:59:57',NULL,'문의 제목','컨텐츠',NULL,NULL,0,0),(82,100,NULL,10,'1111','2020-03-24 12:00:07',NULL,'213','23',NULL,NULL,0,0),(83,100,NULL,1,'1111','2020-03-24 12:00:14',NULL,'sfdg','jn',NULL,NULL,0,0),(84,100,NULL,2,'1111','2020-03-24 12:01:40',NULL,'bv','bv',NULL,NULL,0,0),(85,100,NULL,3,'1111','2020-03-24 14:33:00',NULL,'제발','제발쫌새꺄',NULL,NULL,0,0),(86,100,NULL,61,'1111','2020-03-24 14:34:41',NULL,'요기','요기컨텐츠',NULL,NULL,0,0),(87,100,NULL,11,'1111','2020-03-24 14:47:54',NULL,'sss','컨텐츠ssss',NULL,NULL,0,0),(88,100,NULL,11,'1111','2020-03-24 14:48:18',NULL,'sddf','컨텐츠df',NULL,NULL,0,0),(89,100,NULL,3,'1111','2020-03-24 15:51:41',NULL,'캭','캭',NULL,NULL,0,0),(90,100,NULL,3,'1111','2020-03-24 16:48:56',NULL,'문의 제목','컨텐츠',NULL,NULL,0,0),(91,100,NULL,3,'1111','2020-03-24 16:49:05',NULL,'문의 제목','컨텐츠',NULL,NULL,0,0),(92,100,NULL,3,'1111','2020-03-24 16:49:05',NULL,'문의 제목','컨텐츠',NULL,NULL,0,0),(93,100,NULL,3,'1111','2020-03-24 16:49:06','2020-04-14 18:21:45','문의 제목','컨텐츠',NULL,'sdfsdf',0,1),(94,100,NULL,16,'1111','2020-03-24 16:49:13','2020-04-14 18:20:57','문의 제목','컨텐츠',NULL,'sdfsdf',0,1),(99,100,NULL,6,'1111','2020-03-24 17:03:24','2020-04-07 15:44:56','미친다','개야야',NULL,'ㅋㅋㅋㅋ힘내요',0,1),(100,100,NULL,7,'1111','2020-03-24 17:28:49','2020-04-07 18:43:38','제발 도아주세요','진짜 못보던 오류 너무ㅠ 많아서 정신 나갈것같아요.',NULL,'힘내요 형',0,1),(102,100,NULL,12,'1111','2020-03-24 18:55:56','2020-04-14 17:01:25','ajax 확인용 1','확인 2',NULL,'sdfsdfsdf',0,1),(103,0,NULL,12,'1111','2020-03-24 18:58:19','2020-04-14 16:53:21','문의 ㅍ이지 넘어가는지 확ㅇ니용 확인ㄴ용','제발',NULL,'sdfsdfsdf',0,1),(104,100,NULL,12,'1111','2020-03-24 18:58:26','2020-04-14 16:43:44','문의 ㅍ이지 넘어가는지 확ㅇ니용 확인ㄴ용','제발',NULL,'sfgdf',0,1),(105,100,NULL,12,'1111','2020-03-24 18:58:26','2020-04-14 16:36:46','문의 ㅍ이지 넘어가는지 확ㅇ니용 확인ㄴ용','제발',NULL,'sdf',0,1),(106,100,NULL,12,'1111','2020-03-24 18:58:27','2020-04-14 16:36:39','문의 ㅍ이지 넘어가는지 확ㅇ니용 확인ㄴ용','제발',NULL,'sdf',0,1),(107,100,NULL,12,'1111','2020-03-24 19:01:49','2020-04-14 16:35:47','alert and val clean test','alert and val clean test',NULL,'',0,1),(108,100,NULL,3,'1111','2020-03-24 19:04:18','2020-04-14 16:35:15','테스트용','테스트용 테스트용@@!!@#!@#',NULL,'',0,1),(145,0,8,15,'admin','2020-04-02 18:18:41','2020-04-06 17:15:19','제목','내용45655454545',NULL,NULL,0,1),(146,0,8,15,'admin','2020-04-02 18:18:41','2020-04-06 17:12:53','제목','내용45456',NULL,NULL,0,1),(147,0,8,15,'admin','2020-04-02 18:18:42','2020-04-06 17:12:27','제목','내용ㅈㅂㅂ1123',NULL,NULL,0,1),(148,0,8,15,'admin','2020-04-02 18:18:43','2020-04-06 17:10:20','제목','내용123',NULL,NULL,0,1),(149,0,8,15,'admin','2020-04-02 18:18:43','2020-04-06 17:08:51','제목','내용ㅇ',NULL,NULL,0,1),(169,100,NULL,58,'1212','2020-04-13 17:07:25','2020-04-14 16:35:08','야야','야야야컨텐츠',NULL,'fgh',0,1),(170,100,NULL,18,'2222','2020-04-13 17:09:41','2020-04-14 16:35:01','asdf','asdf',NULL,'',0,1),(171,100,NULL,46,'1212','2020-04-13 17:10:59','2020-04-14 16:33:37','sdf','zxcv',NULL,'',0,1),(172,100,NULL,65,'2222','2020-04-13 17:11:22','2020-04-14 16:32:46','asd','컨텐츠asd',NULL,'',0,1),(173,100,NULL,15,'1212','2020-04-13 17:13:53','2020-04-14 16:32:39','zxc','b',NULL,'',0,1),(174,100,NULL,1,'2222','2020-04-13 17:16:02','2020-04-14 16:23:29','sdf','sdfs',NULL,'345',0,1),(175,100,NULL,1,'1212','2020-04-13 17:20:16','2020-04-14 16:20:24','aaaa','aaaa',NULL,'',0,1),(176,100,NULL,1,'1212','2020-04-13 17:20:53','2020-04-14 16:19:44','ssss','ssss',NULL,'',0,1),(177,100,NULL,1,'1212','2020-04-13 17:21:29','2020-04-14 16:19:03','ss','sss',NULL,'',0,1),(178,100,NULL,1,'1212','2020-04-13 17:21:42',NULL,'','',NULL,NULL,0,0),(179,100,NULL,1,'1212','2020-04-13 17:22:48','2020-04-14 16:18:29','s','s',NULL,'',0,1),(180,100,NULL,11,'1212','2020-04-13 17:28:27','2020-04-14 16:17:52','sdf','sdf',NULL,'',0,1),(181,100,NULL,281,'1111','2020-04-13 17:35:44','2020-04-14 16:17:47','asd','sd',NULL,'',0,1),(182,100,NULL,282,'1111','2020-04-13 17:38:31','2020-04-14 16:16:11','asdf','asdf',NULL,'ㄴㅇㅀ',0,1),(183,100,NULL,282,'1111','2020-04-13 17:38:39','2020-04-14 16:14:13','한글','한글',NULL,'567',0,1),(184,100,NULL,161,'1111','2020-04-13 17:48:59','2020-04-14 16:23:04','s','d',NULL,'546',0,1),(185,100,NULL,161,'1111','2020-04-13 17:49:05','2020-04-14 16:12:07','zxcv','zxcv',NULL,'ㅌㅇㅊㅀㅇㅀ',0,1),(186,100,NULL,322,'1111','2020-04-13 17:50:02','2020-04-14 16:11:12','d','o',NULL,'ㅇㅀㅇㅀ',0,1),(187,100,NULL,202,'1111','2020-04-13 17:51:05','2020-04-14 16:08:34','d','fg',NULL,'ㄹ호',0,1),(188,100,NULL,18,'1111','2020-04-13 18:03:31','2020-04-14 16:08:25','asd','zxc',NULL,'',0,1),(189,100,NULL,18,'1111','2020-04-13 18:03:42','2020-04-14 16:06:21','asd','asd',NULL,'ㄴㅇㄹ',0,1),(190,100,NULL,1,'admin','2020-04-13 18:18:13','2020-04-13 19:35:27','설마 이거때문에 오류는 아니겠찌?',' 에이 설마요~',NULL,'네 그거때문에 오류는 아닙니다:)',0,1),(191,100,NULL,1,'1111','2020-04-14 09:48:32','2020-04-14 15:57:03','문의제목입니다','문의내용입니다.',NULL,'',0,1),(192,100,NULL,97,'1111','2020-04-14 18:34:06',NULL,'123','awe',NULL,NULL,0,0),(193,100,NULL,97,'1111','2020-04-14 18:34:26',NULL,'제발','또 시작이네 문의하기 진짜 미치게ㅆ다\n',NULL,NULL,0,0),(194,100,NULL,161,'1111','2020-04-14 18:43:56',NULL,'qwe','qweqweqweqwe',NULL,NULL,0,0),(195,100,NULL,2,'1111','2020-04-14 18:44:17',NULL,'상품 번호 2번 ','상품 번호 2번\\\n',NULL,NULL,0,0),(196,100,NULL,28,'1111','2020-04-14 18:45:01',NULL,'상품 번호 28번','상품 번호 28번에다가넣었따고',NULL,NULL,0,0),(197,100,NULL,2,'1111','2020-04-14 18:45:25',NULL,'너는 왜 안되냐 다른 상품 친구들은 다 되는데??','너는 왜 안되냐 다른 상품 친구들은 다 되는데??',NULL,NULL,0,0),(198,100,NULL,57,'1111','2020-04-14 18:59:14',NULL,'가자','집에 가자\n',NULL,NULL,0,0),(199,100,NULL,57,'1111','2020-04-14 18:59:22',NULL,'','',NULL,NULL,0,0),(200,100,NULL,57,'1111','2020-04-14 18:59:54',NULL,'123','ㅂㅈㄷ',NULL,NULL,0,0),(201,100,NULL,57,'1111','2020-04-14 19:00:06',NULL,'','',NULL,NULL,0,0),(202,100,NULL,57,'1111','2020-04-14 19:00:16',NULL,'','',NULL,NULL,0,0),(203,100,NULL,57,'1111','2020-04-14 19:01:00',NULL,'','',NULL,NULL,0,0),(204,100,NULL,281,'1111','2020-04-14 19:06:00','2020-04-14 19:36:04','123','ㅂ2ㄷㅂㅈㄷ',NULL,'<p>567567</p>\r\n',0,1),(205,100,NULL,38,'1111','2020-04-14 19:38:59',NULL,'qwe','123123',NULL,NULL,0,0),(206,100,NULL,38,'1111','2020-04-14 19:39:14',NULL,'qwe','azsdfzxc',NULL,NULL,0,0),(213,100,NULL,11,'2222','2020-04-16 10:00:28',NULL,'qwe','asd',NULL,NULL,0,0),(214,100,NULL,11,'2222','2020-04-16 10:01:53',NULL,'23','se',NULL,NULL,0,0),(215,100,NULL,281,'2222','2020-04-16 10:06:59',NULL,'123','ㅂㅈㄷ',NULL,NULL,0,0),(216,100,NULL,281,'2222','2020-04-16 10:07:05',NULL,'ㅋㅌㅊ','ㅋㅌㅊ',NULL,NULL,0,0),(217,100,NULL,281,'2222','2020-04-16 10:07:16',NULL,'왜 회색','안없어져??\n',NULL,NULL,0,0),(218,100,NULL,281,'2222','2020-04-16 10:12:57',NULL,'ㅂㅈㄷ','ㅓㅏㅣ',NULL,NULL,0,0),(219,100,NULL,281,'2222','2020-04-16 10:14:15',NULL,'ㅓ하','ㅇ호',NULL,NULL,0,0),(224,100,171,204,'회원1','2020-04-16 10:24:29',NULL,'sdfsdf','sdfsdfsdf',NULL,NULL,0,0),(227,100,NULL,20,'2222','2020-04-16 10:30:02',NULL,'b','b',NULL,NULL,0,0),(228,100,NULL,20,'2222','2020-04-16 10:30:15',NULL,'v','v',NULL,NULL,0,0),(229,100,NULL,20,'2222','2020-04-16 10:31:14',NULL,'a','s',NULL,NULL,0,0),(230,100,NULL,20,'2222','2020-04-16 10:32:12',NULL,'BD','BD',NULL,NULL,0,0),(231,100,NULL,20,'2222','2020-04-16 10:34:08',NULL,'a','v',NULL,NULL,0,0),(232,100,NULL,202,'2222','2020-04-16 10:38:08',NULL,'x','c',NULL,NULL,0,0),(233,100,NULL,202,'2222','2020-04-16 10:43:28',NULL,'ㅋ','ㅍ',NULL,NULL,0,0),(234,100,NULL,202,'2222','2020-04-16 10:43:36',NULL,'ㅋㅌㅊㅍㅋㅌㅊㅍ','ㅋㅌㅊㅍㅋㅌㅊㅍㅋㅌㅊㅍㅋㅌㅊㅍ',NULL,NULL,0,0),(235,100,NULL,202,'2222','2020-04-16 10:43:43',NULL,'ㅓㅓ','ㅓㅓ',NULL,NULL,0,0),(236,100,NULL,202,'2222','2020-04-16 10:45:22',NULL,'ㅏㅣ','ㅏㅣㅏ',NULL,NULL,0,0),(237,100,NULL,202,'2222','2020-04-16 10:45:31',NULL,'ㄿㅎ','ㄹ호',NULL,NULL,0,0),(238,100,NULL,48,'2222','2020-04-16 10:46:47',NULL,'asd','axczx',NULL,NULL,0,0),(239,100,NULL,48,'2222','2020-04-16 10:46:49',NULL,'asd','axczx',NULL,NULL,0,0),(240,100,NULL,48,'2222','2020-04-16 10:46:49',NULL,'asd','axczx',NULL,NULL,0,0),(241,100,NULL,48,'2222','2020-04-16 10:46:49',NULL,'asd','axczx',NULL,NULL,0,0),(242,100,NULL,48,'2222','2020-04-16 10:46:50',NULL,'asd','axczx',NULL,NULL,0,0),(243,100,NULL,48,'2222','2020-04-16 10:46:50',NULL,'asd','axczx',NULL,NULL,0,0),(244,100,NULL,48,'2222','2020-04-16 10:46:50',NULL,'asd','axczx',NULL,NULL,0,0),(245,100,NULL,48,'2222','2020-04-16 10:46:50',NULL,'asd','axczx',NULL,NULL,0,0),(246,100,NULL,48,'2222','2020-04-16 10:46:50',NULL,'asd','axczx',NULL,NULL,0,0),(247,100,NULL,48,'2222','2020-04-16 10:46:50',NULL,'asd','axczx',NULL,NULL,0,0),(248,100,NULL,283,'2222','2020-04-16 10:47:34',NULL,'와우','제발',NULL,NULL,0,0),(249,100,NULL,283,'2222','2020-04-16 10:48:00',NULL,'ㅇ','ㅇ',NULL,NULL,0,0),(250,100,NULL,283,'2222','2020-04-16 10:58:45',NULL,'','',NULL,NULL,0,0),(251,100,NULL,283,'2222','2020-04-16 10:59:44',NULL,'','',NULL,NULL,0,0),(252,100,NULL,283,'2222','2020-04-16 11:01:21',NULL,'가즈아아아!!!!!','stackoverflow 존나 고맙다 새끼들아 형이 술한잔 살께',NULL,NULL,0,0),(253,100,NULL,283,'2222','2020-04-16 11:02:05',NULL,'아니 스택오버플로우 이새끼들 사기꾼이네','이러지말자 제발',NULL,NULL,0,0),(254,100,NULL,285,'2222','2020-04-16 11:03:41',NULL,'1','s',NULL,NULL,0,0),(255,100,NULL,285,'2222','2020-04-16 11:04:03',NULL,'수정 완료!!','수정 했습니다아아아아아!!!!!',NULL,NULL,0,0),(256,100,NULL,285,'2222','2020-04-16 11:05:04',NULL,'아이프레임 리로드 가자','제발 가자아아아ㅏ!!!!',NULL,NULL,0,0),(257,100,NULL,285,'2222','2020-04-16 11:05:56',NULL,'ㅋ','ㄴ',NULL,NULL,0,0),(258,100,NULL,285,'2222','2020-04-16 11:07:59',NULL,'막판가자','막판이야',NULL,NULL,0,0),(259,100,NULL,285,'2222','2020-04-16 11:09:22',NULL,'거ㅗ맙다 스택오버플로우 ','너무 고맙다 친구들아 ',NULL,NULL,0,0),(260,100,NULL,285,'2222','2020-04-16 11:09:22',NULL,'거ㅗ맙다 스택오버플로우 ','너무 고맙다 친구들아 ',NULL,NULL,0,0),(261,100,NULL,285,'2222','2020-04-16 11:09:30',NULL,'12','12',NULL,NULL,0,0),(262,100,NULL,40,'2222','2020-04-16 11:09:41',NULL,'1','2',NULL,NULL,0,0),(263,100,NULL,1,'1111','2020-04-16 13:00:32',NULL,'사월십육일문의글제목이고','사월십육일문의글내용입니다.',NULL,NULL,0,0),(264,100,NULL,1110,'admin','2020-04-16 13:08:08',NULL,'어드민 문의 테스트입니다','문의하실 내용은 무엇인가요 답변달아주세요',NULL,NULL,0,0),(265,100,NULL,28,'1111','2020-04-16 13:13:24',NULL,'qwe','zdf',NULL,NULL,0,0),(266,100,NULL,201,'2222','2020-04-16 14:06:44',NULL,'123','asd',NULL,NULL,0,0),(267,100,NULL,201,'2222','2020-04-16 14:06:53',NULL,'zczdfvsdgazsdg','김진우 바보',NULL,NULL,0,0),(268,100,NULL,201,'2222','2020-04-16 14:06:53',NULL,'zczdfvsdgazsdg','김진우 바보',NULL,NULL,0,0),(269,100,NULL,201,'2222','2020-04-16 14:07:00',NULL,'ㅁㅈㄷ','123',NULL,NULL,0,0),(270,100,NULL,201,'2222','2020-04-16 14:07:00',NULL,'ㅁㅈㄷ','123',NULL,NULL,0,0),(271,100,NULL,201,'2222','2020-04-16 14:07:00',NULL,'ㅁㅈㄷ','123',NULL,NULL,0,0),(272,100,NULL,201,'2222','2020-04-16 14:07:09',NULL,'12','1',NULL,NULL,0,0),(273,100,NULL,201,'2222','2020-04-16 14:07:25',NULL,'ㅁㄴㅇㄹ','ㅌㅋㅊㅍ',NULL,NULL,0,0),(274,100,NULL,201,'2222','2020-04-16 14:07:25',NULL,'ㅁㄴㅇㄹ','ㅌㅋㅊㅍ',NULL,NULL,0,0),(275,100,NULL,43,'2222','2020-04-16 14:07:39',NULL,'ㄴㅇㄹ','ㅊ퓨',NULL,NULL,0,0),(276,100,NULL,43,'2222','2020-04-16 14:07:45',NULL,'ㅊ퓨','ㅊㄹ',NULL,NULL,0,0),(277,100,NULL,43,'2222','2020-04-16 14:07:45',NULL,'ㅊ퓨','ㅊㄹ',NULL,NULL,0,0),(278,100,NULL,43,'2222','2020-04-16 14:08:04',NULL,'ㄹ호','ㄱ소',NULL,NULL,0,0),(279,100,NULL,43,'2222','2020-04-16 14:08:04',NULL,'ㄹ호','ㄱ소',NULL,NULL,0,0),(280,100,NULL,43,'2222','2020-04-16 14:08:04',NULL,'ㄹ호','ㄱ소',NULL,NULL,0,0),(281,100,NULL,50,'2222','2020-04-16 14:08:40',NULL,'1','2',NULL,NULL,0,0),(282,100,NULL,50,'2222','2020-04-16 14:08:43',NULL,'2','3',NULL,NULL,0,0),(283,100,NULL,50,'2222','2020-04-16 14:08:43',NULL,'2','3',NULL,NULL,0,0),(284,100,NULL,50,'2222','2020-04-16 14:08:49',NULL,'3','4',NULL,NULL,0,0),(285,100,NULL,50,'2222','2020-04-16 14:08:49',NULL,'3','4',NULL,NULL,0,0),(286,100,NULL,50,'2222','2020-04-16 14:08:49',NULL,'3','4',NULL,NULL,0,0),(287,100,NULL,50,'2222','2020-04-16 14:08:56',NULL,'5','6',NULL,NULL,0,0),(288,100,NULL,50,'2222','2020-04-16 14:08:56',NULL,'5','6',NULL,NULL,0,0),(289,100,NULL,50,'2222','2020-04-16 14:08:56',NULL,'5','6',NULL,NULL,0,0),(290,100,NULL,50,'2222','2020-04-16 14:08:56',NULL,'5','6',NULL,NULL,0,0),(291,100,NULL,54,'2222','2020-04-16 14:11:07',NULL,'1','2',NULL,NULL,0,0),(292,100,NULL,54,'2222','2020-04-16 14:11:30',NULL,'1','23',NULL,NULL,0,0),(293,100,NULL,54,'2222','2020-04-16 14:11:34',NULL,'2','44',NULL,NULL,0,0),(294,100,NULL,54,'2222','2020-04-16 14:11:34',NULL,'2','44',NULL,NULL,0,0),(295,100,NULL,54,'2222','2020-04-16 14:11:42',NULL,'54','545',NULL,NULL,0,0),(296,100,NULL,54,'2222','2020-04-16 14:11:42',NULL,'54','545',NULL,NULL,0,0),(297,100,NULL,54,'2222','2020-04-16 14:11:42',NULL,'54','545',NULL,NULL,0,0),(298,100,NULL,40,'2222','2020-04-16 14:13:36',NULL,'1','1',NULL,NULL,0,0),(299,100,NULL,40,'2222','2020-04-16 14:13:40',NULL,'2','2',NULL,NULL,0,0),(300,100,NULL,40,'2222','2020-04-16 14:13:40',NULL,'2','2',NULL,NULL,0,0),(301,100,NULL,40,'2222','2020-04-16 14:18:31',NULL,'async 가즈아','가자',NULL,NULL,0,0),(302,100,NULL,40,'2222','2020-04-16 14:18:49',NULL,'1','23',NULL,NULL,0,0),(303,100,NULL,47,'2222','2020-04-16 14:19:08',NULL,'1','1',NULL,NULL,0,0),(304,100,NULL,47,'2222','2020-04-16 14:19:12',NULL,'2','2',NULL,NULL,0,0),(305,100,NULL,47,'2222','2020-04-16 14:19:13',NULL,'','',NULL,NULL,0,0),(306,100,NULL,47,'2222','2020-04-16 14:19:27',NULL,'3','54',NULL,NULL,0,0),(307,100,NULL,47,'2222','2020-04-16 14:19:45',NULL,'1','2',NULL,NULL,0,0),(308,100,NULL,70,'2222','2020-04-16 14:20:11',NULL,'산책하고싶습니다',' 김진우',NULL,NULL,0,0),(309,100,NULL,70,'2222','2020-04-16 14:20:23',NULL,'듀본째','입니다',NULL,NULL,0,0),(310,100,NULL,70,'2222','2020-04-16 14:23:19',NULL,'와우','제발',NULL,NULL,0,0),(311,100,NULL,70,'2222','2020-04-16 14:23:27',NULL,'고쳤따 진우야','내가 해냈어',NULL,NULL,0,0),(312,100,NULL,70,'2222','2020-04-16 14:23:28',NULL,'','',NULL,NULL,0,0),(313,100,NULL,70,'2222','2020-04-16 14:24:05',NULL,'아니 고쳤ㅎ잖아 이녀석들아','제발 말좀 들어 에잉잭스 친구야..',NULL,NULL,0,0),(314,100,NULL,70,'2222','2020-04-16 14:24:11',NULL,'12','24',NULL,NULL,0,0),(315,100,NULL,70,'2222','2020-04-16 14:24:12',NULL,'','',NULL,NULL,0,0),(316,100,NULL,44,'2222','2020-04-16 14:24:28',NULL,'목욕전문가','김진우',NULL,NULL,0,0),(317,100,NULL,44,'2222','2020-04-16 14:24:38','2020-04-16 14:28:34','하지만 샤워하는 하지 않는 ','김진우',NULL,'<p>씻고오세요</p>\r\n',0,1),(318,100,NULL,44,'2222','2020-04-16 14:24:38',NULL,'','',NULL,NULL,0,0),(319,100,NULL,44,'2222','2020-04-16 14:25:00',NULL,'순서때문인가봐요','그쵸?',NULL,NULL,0,0),(320,100,NULL,44,'2222','2020-04-16 14:25:01',NULL,'','',NULL,NULL,0,0),(321,100,NULL,44,'2222','2020-04-16 14:25:02',NULL,'','',NULL,NULL,0,0),(322,100,NULL,288,'2222','2020-04-16 14:25:27',NULL,'깨끗한 문의글','1',NULL,NULL,0,0),(323,100,NULL,288,'2222','2020-04-16 14:25:32',NULL,'2','23',NULL,NULL,0,0),(324,100,NULL,288,'2222','2020-04-16 14:25:34',NULL,'','',NULL,NULL,0,0),(325,100,NULL,288,'2222','2020-04-16 14:25:39',NULL,'3','333333434',NULL,NULL,0,0),(326,100,NULL,288,'2222','2020-04-16 14:25:39',NULL,'','',NULL,NULL,0,0),(327,100,NULL,288,'2222','2020-04-16 14:25:40',NULL,'','',NULL,NULL,0,0),(328,100,NULL,325,'2222','2020-04-16 14:32:05',NULL,'리얼간다','진짜',NULL,NULL,0,0),(329,100,NULL,325,'2222','2020-04-16 14:32:12',NULL,'중복?','ㄱ설마',NULL,NULL,0,0),(330,100,NULL,325,'2222','2020-04-16 14:32:13',NULL,'','',NULL,NULL,0,0),(331,100,NULL,325,'2222','2020-04-16 14:32:56',NULL,'2','4',NULL,NULL,0,0),(332,100,NULL,325,'2222','2020-04-16 14:33:00',NULL,'6','54',NULL,NULL,0,0),(333,100,NULL,325,'2222','2020-04-16 14:33:01',NULL,'','',NULL,NULL,0,0),(334,100,NULL,334,'2222','2020-04-16 14:34:33',NULL,'123','123123',NULL,NULL,0,0),(335,100,NULL,334,'2222','2020-04-16 14:34:57',NULL,'ㄹ호','ㅗㄹ',NULL,NULL,0,0),(336,100,NULL,334,'2222','2020-04-16 14:35:07',NULL,'','',NULL,NULL,0,0),(337,100,NULL,334,'2222','2020-04-16 14:35:30',NULL,'','',NULL,NULL,0,0),(338,100,NULL,334,'2222','2020-04-16 14:35:31',NULL,'','',NULL,NULL,0,0),(339,100,NULL,334,'2222','2020-04-16 14:35:33',NULL,'','',NULL,NULL,0,0),(340,100,NULL,334,'2222','2020-04-16 14:35:34',NULL,'','',NULL,NULL,0,0),(341,100,NULL,341,'2222','2020-04-16 14:36:02',NULL,'123','123',NULL,NULL,0,0),(342,100,NULL,341,'2222','2020-04-16 14:36:06',NULL,'234','ㄷ36',NULL,NULL,0,0),(343,100,NULL,341,'2222','2020-04-16 14:36:06',NULL,'','',NULL,NULL,0,0),(344,100,NULL,341,'2222','2020-04-16 14:36:18',NULL,'1234245','ㄴ옧ㄴㅇ소',NULL,NULL,0,0),(345,100,NULL,341,'2222','2020-04-16 14:36:23',NULL,'ㄴㄱ서ㅗㅇㄳ러여ㅗㄴㅇㄱ숌ㄴㄷ','ㄷㅈ5ㅛㅗㄴㄷㄱ5ㅗㅛㄴㄳ6ㅓㅗㅇ거',NULL,NULL,0,0),(346,100,NULL,341,'2222','2020-04-16 14:36:23',NULL,'','',NULL,NULL,0,0),(347,100,NULL,344,'2222','2020-04-16 14:38:07',NULL,'1','1',NULL,NULL,0,0),(348,100,NULL,344,'2222','2020-04-16 14:38:10',NULL,'2','2',NULL,NULL,0,0),(349,100,NULL,344,'2222','2020-04-16 14:38:10',NULL,'','',NULL,NULL,0,0),(350,100,NULL,328,'2222','2020-04-16 14:38:58',NULL,'ㅐ909','980789',NULL,NULL,0,0),(351,100,NULL,328,'2222','2020-04-16 14:44:31',NULL,'asdfasdfasdfasdf','xcbnxcvnxcvnxcnxcbnxvbnxvbnxghsthya5rtgsdt',NULL,NULL,0,0),(352,100,NULL,328,'2222','2020-04-16 14:44:41',NULL,'asfasdfgsdfhsfyjft','yu9o;pgui8kdtyhsrtdhb',NULL,NULL,0,0),(353,100,NULL,328,'2222','2020-04-16 14:44:53',NULL,'23464367345673','35683567345734573673673673567356735673567346734734734734734734573473467363567',NULL,NULL,0,0),(354,100,NULL,346,'2222','2020-04-16 14:45:12',NULL,'123123','ser',NULL,NULL,0,0),(355,100,NULL,346,'2222','2020-04-16 14:45:20',NULL,'1231231','q3rq3rqrwr',NULL,NULL,0,0),(356,100,NULL,346,'2222','2020-04-16 14:45:28',NULL,'123123','asdgfasdfgzxfb',NULL,NULL,0,0),(357,100,NULL,38,'2222','2020-04-16 14:45:51',NULL,'1','1',NULL,NULL,0,0),(358,100,NULL,38,'2222','2020-04-16 14:46:20',NULL,'2','2',NULL,NULL,0,0),(359,100,NULL,38,'2222','2020-04-16 14:46:37',NULL,'8','8',NULL,NULL,0,0),(360,100,NULL,32,'2222','2020-04-16 14:48:10',NULL,'1','2',NULL,NULL,0,0),(361,100,NULL,32,'2222','2020-04-16 14:48:24',NULL,'3','3',NULL,NULL,0,0),(362,100,NULL,32,'2222','2020-04-16 14:48:35',NULL,'4','4',NULL,NULL,0,0),(363,100,NULL,32,'2222','2020-04-16 14:48:39',NULL,'5','5',NULL,NULL,0,0),(364,100,NULL,32,'2222','2020-04-16 14:48:39',NULL,'5','5',NULL,NULL,0,0),(365,100,NULL,36,'2222','2020-04-16 14:53:42',NULL,'2ㄱㅈㄷㄱ','ㄴㅇㄹ손ㄹ소',NULL,NULL,0,0),(366,100,NULL,36,'2222','2020-04-16 14:54:52',NULL,'묶고','풀고',NULL,NULL,0,0),(367,100,NULL,36,'2222','2020-04-16 14:59:59',NULL,'2','4',NULL,NULL,0,0),(368,100,NULL,36,'2222','2020-04-16 15:00:41',NULL,'6','6',NULL,NULL,0,0),(369,100,NULL,36,'2222','2020-04-16 15:01:17',NULL,'843','',NULL,NULL,0,0),(370,100,NULL,36,'2222','2020-04-16 15:01:25',NULL,'568','346',NULL,NULL,0,0),(371,100,NULL,23,'2222','2020-04-16 15:01:55',NULL,'1','1',NULL,NULL,0,0),(372,100,NULL,23,'2222','2020-04-16 15:02:02',NULL,'3','4235',NULL,NULL,0,0),(373,100,NULL,23,'2222','2020-04-16 15:02:07',NULL,'34634','ㅈ45ㅛㅈㄷ',NULL,NULL,0,0),(374,100,NULL,23,'2222','2020-04-16 15:04:46',NULL,'568','4564563456',NULL,NULL,0,0),(375,100,NULL,23,'2222','2020-04-16 15:06:21',NULL,'879','7689',NULL,NULL,0,0),(376,100,NULL,23,'2222','2020-04-16 15:06:25',NULL,'89789','78097897',NULL,NULL,0,0),(377,100,NULL,23,'2222','2020-04-16 15:06:25',NULL,'89789','78097897',NULL,NULL,0,0),(378,100,NULL,23,'2222','2020-04-16 15:07:46',NULL,'76','679',NULL,NULL,0,0),(379,100,NULL,23,'2222','2020-04-16 15:07:50',NULL,'70','yuk',NULL,NULL,0,0),(380,100,NULL,23,'2222','2020-04-16 15:07:50',NULL,'70','yuk',NULL,NULL,0,0),(381,100,NULL,23,'2222','2020-04-16 15:08:20',NULL,'809-8','uilg',NULL,NULL,0,0),(382,100,NULL,23,'2222','2020-04-16 15:08:24',NULL,'678ir67','ft7yjdft7jktd7k',NULL,NULL,0,0),(383,100,NULL,23,'2222','2020-04-16 15:08:24',NULL,'678ir67','ft7yjdft7jktd7k',NULL,NULL,0,0),(384,100,NULL,23,'2222','2020-04-16 15:08:34','2020-04-16 15:10:44','GAWERGAER','GSETHSRTDHRT',NULL,'<p>ㄴㅇㄹㄴㅇㄹ</p>\r\n',0,1),(385,100,NULL,23,'2222','2020-04-16 15:08:39','2020-04-16 15:10:19','TYUKFTUY7JKDTY67H','URS5WY45YW35YQ',NULL,'<p>답변</p>\r\n',0,1),(386,100,NULL,23,'2222','2020-04-16 15:08:39','2020-04-16 15:10:09','TYUKFTUY7JKDTY67H','URS5WY45YW35YQ',NULL,'<p>답변</p>\r\n',0,1),(387,100,NULL,27,'2222','2020-04-16 15:10:33',NULL,'11','11',NULL,NULL,0,0),(388,100,NULL,27,'2222','2020-04-16 15:10:37',NULL,'22','22',NULL,NULL,0,0),(389,100,NULL,27,'2222','2020-04-16 15:10:37',NULL,'22','22',NULL,NULL,0,0),(390,100,NULL,27,'2222','2020-04-16 15:11:16',NULL,'678','6785678',NULL,NULL,0,0),(391,100,NULL,27,'2222','2020-04-16 15:11:20',NULL,'56785','rt7ift',NULL,NULL,0,0),(392,100,NULL,27,'2222','2020-04-16 15:11:20',NULL,'56785','rt7ift',NULL,NULL,0,0),(393,100,NULL,27,'2222','2020-04-16 15:12:16',NULL,'678','679',NULL,NULL,0,0),(394,100,NULL,27,'2222','2020-04-16 15:12:21',NULL,'678i','iyhu',NULL,NULL,0,0),(395,100,NULL,27,'2222','2020-04-16 15:12:21',NULL,'678i','iyhu',NULL,NULL,0,0),(396,100,NULL,52,'2222','2020-04-16 15:13:00',NULL,'1','1',NULL,NULL,0,0),(397,100,NULL,52,'2222','2020-04-16 15:13:04',NULL,'2','2',NULL,NULL,0,0),(398,100,NULL,52,'2222','2020-04-16 15:13:04',NULL,'2','2',NULL,NULL,0,0),(399,100,NULL,52,'2222','2020-04-16 15:13:58',NULL,'567','5768',NULL,NULL,0,0),(400,100,NULL,52,'2222','2020-04-16 15:14:03',NULL,'yhuikl','fyuk',NULL,NULL,0,0),(401,100,NULL,52,'2222','2020-04-16 15:14:03',NULL,'yhuikl','fyuk',NULL,NULL,0,0),(402,100,NULL,52,'2222','2020-04-16 15:14:10',NULL,'yuk','hukl',NULL,NULL,0,0),(403,100,NULL,52,'2222','2020-04-16 15:14:15',NULL,'gyil','gyhuk',NULL,NULL,0,0),(404,100,NULL,52,'2222','2020-04-16 15:14:15',NULL,'gyil','gyhuk',NULL,NULL,0,0),(405,100,NULL,52,'2222','2020-04-16 15:15:06',NULL,'567','56856',NULL,NULL,0,0),(406,100,NULL,52,'2222','2020-04-16 15:15:11',NULL,'fyuifgu','fguyifgirfgiufgui',NULL,NULL,0,0),(407,100,NULL,52,'2222','2020-04-16 15:15:11',NULL,'fyuifgu','fguyifgirfgiufgui',NULL,NULL,0,0),(408,100,NULL,52,'2222','2020-04-16 15:15:31',NULL,'5678','5768r7',NULL,NULL,0,0),(409,100,NULL,52,'2222','2020-04-16 15:15:31',NULL,'5678','5768r7',NULL,NULL,0,0),(410,100,NULL,52,'2222','2020-04-16 15:15:31',NULL,'5678','5768r7',NULL,NULL,0,0),(411,100,NULL,52,'2222','2020-04-16 15:15:40',NULL,'drgsdr','sdrthsdh',NULL,NULL,0,0),(412,100,NULL,52,'2222','2020-04-16 15:15:44',NULL,'sdrthsdrhgsd','aeaseraserf',NULL,NULL,0,0),(413,100,NULL,52,'2222','2020-04-16 15:15:44',NULL,'sdrthsdrhgsd','aeaseraserf',NULL,NULL,0,0),(414,100,NULL,52,'2222','2020-04-16 15:15:51',NULL,'saerhsdrh','saerhyaw3rQ3R333',NULL,NULL,0,0),(415,100,NULL,52,'2222','2020-04-16 15:15:51',NULL,'saerhsdrh','saerhyaw3rQ3R333',NULL,NULL,0,0),(416,100,NULL,52,'2222','2020-04-16 15:15:51',NULL,'saerhsdrh','saerhyaw3rQ3R333',NULL,NULL,0,0),(417,100,NULL,52,'2222','2020-04-16 15:15:58',NULL,'ASDRHGSDRHSDR','AWRTAWTGASERGH',NULL,NULL,0,0),(418,100,NULL,52,'2222','2020-04-16 15:15:58',NULL,'ASDRHGSDRHSDR','AWRTAWTGASERGH',NULL,NULL,0,0),(419,100,NULL,52,'2222','2020-04-16 15:15:58',NULL,'ASDRHGSDRHSDR','AWRTAWTGASERGH',NULL,NULL,0,0),(420,100,NULL,52,'2222','2020-04-16 15:15:58',NULL,'ASDRHGSDRHSDR','AWRTAWTGASERGH',NULL,NULL,0,0),(421,100,NULL,52,'2222','2020-04-16 15:16:14',NULL,'SAEDRGHSDRH','SDHSDTHSDTRHSDRQ23123123',NULL,NULL,0,0),(422,100,NULL,52,'2222','2020-04-16 15:16:14',NULL,'SAEDRGHSDRH','SDHSDTHSDTRHSDRQ23123123',NULL,NULL,0,0),(423,100,NULL,52,'2222','2020-04-16 15:16:14',NULL,'SAEDRGHSDRH','SDHSDTHSDTRHSDRQ23123123',NULL,NULL,0,0),(424,100,NULL,52,'2222','2020-04-16 15:16:14',NULL,'SAEDRGHSDRH','SDHSDTHSDTRHSDRQ23123123',NULL,NULL,0,0),(425,100,NULL,52,'2222','2020-04-16 15:16:14',NULL,'SAEDRGHSDRH','SDHSDTHSDTRHSDRQ23123123',NULL,NULL,0,0),(426,100,NULL,52,'2222','2020-04-16 15:16:25',NULL,'12312312','2666666666666666666666',NULL,NULL,0,0),(427,100,NULL,52,'2222','2020-04-16 15:16:25',NULL,'12312312','2666666666666666666666',NULL,NULL,0,0),(428,100,NULL,52,'2222','2020-04-16 15:16:25',NULL,'12312312','2666666666666666666666',NULL,NULL,0,0),(429,100,NULL,52,'2222','2020-04-16 15:16:25','2020-04-16 15:23:16','12312312','2666666666666666666666',NULL,'<p>ㄴㅇㄹㄴㅇ</p>\r\n',0,1),(430,100,NULL,52,'2222','2020-04-16 15:16:25',NULL,'12312312','2666666666666666666666',NULL,NULL,0,0),(431,100,NULL,52,'2222','2020-04-16 15:16:25',NULL,'12312312','2666666666666666666666',NULL,NULL,0,0),(432,100,NULL,52,'2222','2020-04-16 15:23:37',NULL,'123','123',NULL,NULL,0,0),(433,100,NULL,52,'2222','2020-04-16 15:24:34',NULL,'67867','678678567856745',NULL,NULL,0,0),(434,100,NULL,52,'2222','2020-04-16 15:24:39',NULL,'4567456745','67567567',NULL,NULL,0,0),(435,100,NULL,52,'2222','2020-04-16 15:24:40',NULL,'4567456745','67567567',NULL,NULL,0,0),(436,100,NULL,52,'2222','2020-04-16 15:34:24',NULL,'123','345',NULL,NULL,0,0),(437,100,NULL,52,'2222','2020-04-16 15:34:28',NULL,'45623462345','ㅈㄱ5ㅗㅛㄷㄱ6솓고',NULL,NULL,0,0),(438,100,NULL,52,'2222','2020-04-16 15:34:29',NULL,'','',NULL,NULL,0,0),(439,100,NULL,52,'2222','2020-04-16 15:36:04',NULL,'454','4545',NULL,NULL,0,0),(440,100,NULL,52,'2222','2020-04-16 15:36:11',NULL,'','',NULL,NULL,0,0),(441,100,NULL,52,'2222','2020-04-16 15:37:05',NULL,'','',NULL,NULL,0,0),(442,100,NULL,52,'2222','2020-04-16 15:37:14',NULL,'123123','124124124',NULL,NULL,0,0),(443,100,NULL,52,'2222','2020-04-16 15:37:18',NULL,'23456346346','234523542352345',NULL,NULL,0,0),(444,100,NULL,52,'2222','2020-04-16 15:37:19',NULL,'','',NULL,NULL,0,0),(445,100,NULL,52,'2222','2020-04-16 15:39:01',NULL,'1','1',NULL,NULL,0,0),(446,100,NULL,52,'2222','2020-04-16 15:39:04',NULL,'12','12',NULL,NULL,0,0),(447,100,NULL,52,'2222','2020-04-16 15:39:04',NULL,'12','12',NULL,NULL,0,0),(448,100,NULL,52,'2222','2020-04-16 15:39:35',NULL,'123','123',NULL,NULL,0,0),(449,100,NULL,52,'2222','2020-04-16 15:39:35',NULL,'123','123',NULL,NULL,0,0),(450,100,NULL,52,'2222','2020-04-16 15:39:35',NULL,'123','123',NULL,NULL,0,0),(451,100,NULL,24,'2222','2020-04-16 15:41:28',NULL,'1','1',NULL,NULL,0,0),(452,100,NULL,24,'2222','2020-04-16 15:41:40',NULL,'3','3',NULL,NULL,0,0),(453,100,NULL,24,'2222','2020-04-16 15:41:40',NULL,'3','3',NULL,NULL,0,0),(454,100,NULL,24,'1111','2020-04-16 15:46:03',NULL,'1','235356ERS',NULL,NULL,0,0),(455,100,NULL,24,'1111','2020-04-16 15:46:07',NULL,'454','5E555',NULL,NULL,0,0),(456,100,NULL,24,'1111','2020-04-16 15:46:07',NULL,'454','5E555',NULL,NULL,0,0),(457,100,NULL,24,'1111','2020-04-16 15:47:43',NULL,'ajksdav','iuw',NULL,NULL,0,0),(458,100,NULL,24,'1111','2020-04-16 15:47:47',NULL,'EGVFevg','wui4egfiwef',NULL,NULL,0,0),(459,100,NULL,24,'1111','2020-04-16 15:48:08',NULL,'frgukmf','fyukyrku',NULL,NULL,0,0),(460,100,NULL,24,'1111','2020-04-16 15:48:15',NULL,'ryukfyuk','fyukfyukm',NULL,NULL,0,0),(461,100,NULL,24,'1111','2020-04-16 15:48:20',NULL,'fyukfy8krt67','7456u457jk',NULL,NULL,0,0),(462,100,NULL,58,'1111','2020-04-16 15:48:41',NULL,'11','111',NULL,NULL,0,0),(463,100,NULL,58,'1111','2020-04-16 15:48:45',NULL,'22','222',NULL,NULL,0,0),(464,100,NULL,58,'1111','2020-04-16 15:48:49',NULL,'33','33',NULL,NULL,0,0),(465,100,NULL,58,'1111','2020-04-16 15:49:11',NULL,'56756','567567',NULL,NULL,0,0),(466,100,NULL,58,'1111','2020-04-16 15:49:14',NULL,'6578I658I','6K8T768K',NULL,NULL,0,0),(467,100,NULL,242,'1111','2020-04-16 15:50:43',NULL,'12','12',NULL,NULL,0,0),(468,100,NULL,242,'1111','2020-04-16 15:50:47',NULL,'232','234234',NULL,NULL,0,0),(469,100,NULL,242,'1111','2020-04-16 15:51:03',NULL,'2345634','53457347',NULL,NULL,0,0),(470,100,NULL,242,'1111','2020-04-16 15:51:07',NULL,'346736','53674567',NULL,NULL,0,0),(471,100,NULL,242,'1111','2020-04-16 15:51:14',NULL,'24564235','34563456',NULL,NULL,0,0),(472,100,NULL,242,'1111','2020-04-16 15:51:19',NULL,'3473467','34673456',NULL,NULL,0,0),(473,100,NULL,202,'2222','2020-04-16 15:52:58',NULL,'456345','734573456',NULL,NULL,0,0),(474,100,NULL,202,'2222','2020-04-16 15:53:02',NULL,'473457345','763473456',NULL,NULL,0,0),(475,100,NULL,162,'2222','2020-04-16 15:58:08',NULL,'123','123',NULL,NULL,0,0),(476,100,NULL,162,'2222','2020-04-16 15:58:22',NULL,'123','12341',NULL,NULL,0,0),(477,100,NULL,162,'2222','2020-04-16 16:00:49',NULL,'123','123',NULL,NULL,0,0),(478,100,NULL,162,'2222','2020-04-16 16:00:53',NULL,'2345624','42564563456',NULL,NULL,0,0),(479,100,NULL,162,'2222','2020-04-16 16:00:56',NULL,'1231231','23123123',NULL,NULL,0,0),(480,100,NULL,13,'1111','2020-04-16 16:24:00',NULL,'erq3r','2134',NULL,NULL,0,0),(481,100,NULL,13,'1111','2020-04-16 16:24:03',NULL,'23','425',NULL,NULL,0,0),(482,100,NULL,13,'1111','2020-04-16 16:24:07',NULL,'22265123256','2',NULL,NULL,0,0),(483,100,NULL,4,'1111','2020-04-16 16:59:54',NULL,'2','2',NULL,NULL,0,0),(484,100,NULL,4,'1111','2020-04-16 16:59:57',NULL,'34','34',NULL,NULL,0,0),(485,100,NULL,4,'1111','2020-04-16 17:00:00',NULL,'4545','4545',NULL,NULL,0,0),(486,100,NULL,31,'2222','2020-04-16 17:00:26',NULL,'123','123123123',NULL,NULL,0,0),(487,100,NULL,31,'2222','2020-04-16 17:00:29',NULL,'2135234','51234513245',NULL,NULL,0,0),(488,100,NULL,31,'2222','2020-04-16 17:00:33',NULL,'13245134562346','23462345623452345',NULL,NULL,0,0),(489,100,NULL,326,'2222','2020-04-16 17:01:52',NULL,'1','1',NULL,NULL,0,0),(490,100,NULL,326,'2222','2020-04-16 17:01:54',NULL,'2','2',NULL,NULL,0,0),(491,100,NULL,326,'2222','2020-04-16 17:01:57',NULL,'3','3',NULL,NULL,0,0),(492,100,NULL,326,'2222','2020-04-16 17:02:02',NULL,'4','4',NULL,NULL,0,0),(493,100,NULL,29,'2222','2020-04-16 17:06:28',NULL,'123','123',NULL,NULL,0,0),(494,100,NULL,29,'2222','2020-04-16 17:06:32',NULL,'123','123123',NULL,NULL,0,0),(495,100,NULL,29,'2222','2020-04-16 17:06:39',NULL,'123123123','124123123',NULL,NULL,0,0),(496,100,NULL,39,'1111','2020-04-16 17:17:04',NULL,'1111','1111',NULL,NULL,0,0),(497,100,NULL,39,'1111','2020-04-16 17:17:10',NULL,'1111','1111',NULL,NULL,0,0),(498,100,NULL,39,'1111','2020-04-16 17:17:16',NULL,'1111','111111',NULL,NULL,0,0),(499,100,NULL,39,'1111','2020-04-16 17:17:22',NULL,'2222','222222',NULL,NULL,0,0),(500,100,NULL,39,'1111','2020-04-16 17:17:36',NULL,'4444','4444',NULL,NULL,0,0),(501,100,NULL,39,'1111','2020-04-16 17:17:56',NULL,'4363','3463456346',NULL,NULL,0,0),(502,6,171,204,'회원1','2020-04-16 17:46:13',NULL,'sdf','sfdds',NULL,NULL,0,0),(503,100,NULL,14,'1111','2020-04-17 13:29:49',NULL,'222','222',NULL,NULL,0,0),(504,100,NULL,14,'1111','2020-04-17 13:29:53',NULL,'333','333',NULL,NULL,0,0),(505,0,178,1,'admin','2020-04-17 13:31:21',NULL,'교환문의입니다','문의되나요',NULL,NULL,0,0),(506,3,178,1,'admin','2020-04-17 14:17:00',NULL,'배송문의인데요','집에보내주세요',NULL,NULL,0,0),(507,100,NULL,1,'admin','2020-04-17 14:28:20','2020-04-17 14:36:16','1111111111111111111111111','11111111111111111111111','/images/null.png','<p>98989898989898989898908</p>\r\n',0,1),(508,100,NULL,24,'1111','2020-04-17 15:17:59',NULL,'ㅁㄴㅇ','ㅋㅇㄹㅋㅇㄹ','/images/null.png',NULL,0,0),(509,100,NULL,24,'1111','2020-04-17 15:18:06',NULL,'ㅂ12312','ㄴㅇㅁㅁㄴㅁㅎㅁㄷㅎㅁㅎㄷㅁㄷㅎ','/images/null.png',NULL,0,0),(510,4,171,204,'회원1','2020-04-17 15:28:32',NULL,'불량','아 이거 불량인거 같은데요 박혁거세??',NULL,NULL,0,0),(511,3,171,204,'회원1','2020-04-17 15:31:28',NULL,'정말?','진짜 보내주시나요 박혁거세??','\\imgUpload\\2020\\04\\17\\d7bf9161-09a4-4912-af91-eea9f6756cea_KakaoTalk_20200403_122627811.jpg',NULL,0,0),(512,0,171,204,'회원1','2020-04-17 15:38:14',NULL,'이거 불량','이거 불량인 것 같은데요. 교환해 주세요','\\imgUpload\\2020\\04\\17\\9c2c4933-f855-451a-b81a-4ce52ec0a18b_KakaoTalk_20200403_122627811.jpg',NULL,0,0),(513,1,171,204,'회원1','2020-04-17 15:38:47',NULL,'거짓말이네','아 이거 뻥이네. 박혁거세 안나오자나요 환불할게요.','\\imgUpload\\2020\\04\\17\\07841213-1e19-49c4-a991-6f589543467a_KakaoTalk_20200403_122627811.jpg',NULL,0,0),(514,100,NULL,1,'1111','2020-04-17 16:13:03',NULL,'1','1','/images/null.png',NULL,0,0),(515,6,170,1,'dmswjd12','2020-04-17 16:17:14',NULL,'또사고싶은데여','언제다시올까말까','\\imgUpload\\2020\\04\\17\\e5b3f8b9-bc24-45d3-9496-4606b4108c66_그린트리 샴푸.jpg',NULL,0,0),(516,100,NULL,1,'1111','2020-04-17 16:23:37',NULL,'2','2','/images/null.png',NULL,1,0),(518,100,NULL,1,'admin','2020-04-17 16:45:16',NULL,'dfdfgdfg','dfgdfg','/images/null.png',NULL,1,0),(519,100,NULL,1,'admin','2020-04-17 16:45:22',NULL,'dfgdfg','dfgdfgdfg','/images/null.png',NULL,1,0),(520,100,NULL,1,'dmswjd12','2020-04-17 16:53:05',NULL,'제목','내용입니다','/images/null.png',NULL,1,0),(521,1,171,204,'회원1','2020-04-17 17:34:47',NULL,'sfda','fsda',NULL,NULL,0,0),(522,0,171,204,'회원1','2020-04-17 17:34:50',NULL,'sfda','fsda',NULL,NULL,0,0),(523,4,171,204,'회원1','2020-04-17 17:34:54',NULL,'sfda','fdsa',NULL,NULL,0,0);
/*!40000 ALTER TABLE `question` ENABLE KEYS */;
UNLOCK TABLES;

--
-- Table structure for table `question_secret`
--

DROP TABLE IF EXISTS `question_secret`;
/*!40101 SET @saved_cs_client     = @@character_set_client */;
/*!50503 SET character_set_client = utf8mb4 */;
CREATE TABLE `question_secret` (
  `question_secret_id` int(11) NOT NULL COMMENT '문의비밀글id',
  `question_secret_name` varchar(20) NOT NULL COMMENT '문의비밀글여부',
  PRIMARY KEY (`question_secret_id`)
) ENGINE=InnoDB DEFAULT CHARSET=utf8;
/*!40101 SET character_set_client = @saved_cs_client */;

--
-- Dumping data for table `question_secret`
--

LOCK TABLES `question_secret` WRITE;
/*!40000 ALTER TABLE `question_secret` DISABLE KEYS */;
INSERT INTO `question_secret` VALUES (0,'공개글'),(1,'비공개글');
/*!40000 ALTER TABLE `question_secret` ENABLE KEYS */;
UNLOCK TABLES;

--
-- Table structure for table `question_state`
--

DROP TABLE IF EXISTS `question_state`;
/*!40101 SET @saved_cs_client     = @@character_set_client */;
/*!50503 SET character_set_client = utf8mb4 */;
CREATE TABLE `question_state` (
  `question_state_id` int(11) NOT NULL COMMENT '문의상태ID',
  `question_state_name` varchar(20) NOT NULL COMMENT '문의상태이름',
  PRIMARY KEY (`question_state_id`)
) ENGINE=InnoDB DEFAULT CHARSET=utf8;
/*!40101 SET character_set_client = @saved_cs_client */;

--
-- Dumping data for table `question_state`
--

LOCK TABLES `question_state` WRITE;
/*!40000 ALTER TABLE `question_state` DISABLE KEYS */;
INSERT INTO `question_state` VALUES (0,'답변대기'),(1,'답변완료');
/*!40000 ALTER TABLE `question_state` ENABLE KEYS */;
UNLOCK TABLES;

--
-- Table structure for table `question_type`
--

DROP TABLE IF EXISTS `question_type`;
/*!40101 SET @saved_cs_client     = @@character_set_client */;
/*!50503 SET character_set_client = utf8mb4 */;
CREATE TABLE `question_type` (
  `question_type_id` int(11) NOT NULL COMMENT '문의유형ID',
  `question_type_name` varchar(20) NOT NULL COMMENT '문의유형이름',
  PRIMARY KEY (`question_type_id`)
) ENGINE=InnoDB DEFAULT CHARSET=utf8;
/*!40101 SET character_set_client = @saved_cs_client */;

--
-- Dumping data for table `question_type`
--

LOCK TABLES `question_type` WRITE;
/*!40000 ALTER TABLE `question_type` DISABLE KEYS */;
INSERT INTO `question_type` VALUES (0,'교환'),(1,'환불'),(2,'출하 전 취소'),(3,'배송'),(4,'불량 A/S'),(5,'주문/결제'),(6,'상품/재입고'),(7,'쿠폰/적립금'),(8,'회원 관련'),(9,'기타 문의'),(100,'상품');
/*!40000 ALTER TABLE `question_type` ENABLE KEYS */;
UNLOCK TABLES;

--
-- Table structure for table `reserve`
--

DROP TABLE IF EXISTS `reserve`;
/*!40101 SET @saved_cs_client     = @@character_set_client */;
/*!50503 SET character_set_client = utf8mb4 */;
CREATE TABLE `reserve` (
  `reserve_id` int(11) NOT NULL AUTO_INCREMENT COMMENT '예약ID',
  `member_id` varchar(20) NOT NULL COMMENT '회원ID',
  `service_id` int(11) NOT NULL COMMENT '서비스ID',
  `reserve_date` datetime NOT NULL COMMENT '예약일',
  `reserve_checkin` datetime NOT NULL COMMENT '예약입실일',
  `reserve_checkout` datetime NOT NULL COMMENT '예약퇴실일',
  `reserve_dogtype` varchar(20) DEFAULT NULL COMMENT '예약반려견종',
  `reserve_dogage` int(11) DEFAULT NULL COMMENT '예약반려견나이',
  `reserve_msg` text COMMENT '예약메세지',
  `reserve_state_id` int(11) NOT NULL DEFAULT '0' COMMENT '예약상태ID',
  PRIMARY KEY (`reserve_id`,`service_id`,`reserve_state_id`,`member_id`),
  KEY `FK_reserve_state_reserve_1` (`reserve_state_id`),
  KEY `FK_service_reserve_2` (`service_id`),
  KEY `FK_member_reserve_3` (`member_id`),
  CONSTRAINT `FK_member_reserve_3` FOREIGN KEY (`member_id`) REFERENCES `member` (`member_id`),
  CONSTRAINT `FK_reserve_state_reserve_1` FOREIGN KEY (`reserve_state_id`) REFERENCES `reserve_state` (`reserve_state_id`),
  CONSTRAINT `FK_service_reserve_2` FOREIGN KEY (`service_id`) REFERENCES `service` (`service_id`)
) ENGINE=InnoDB AUTO_INCREMENT=32 DEFAULT CHARSET=utf8;
/*!40101 SET character_set_client = @saved_cs_client */;

--
-- Dumping data for table `reserve`
--

LOCK TABLES `reserve` WRITE;
/*!40000 ALTER TABLE `reserve` DISABLE KEYS */;
INSERT INTO `reserve` VALUES (1,'회원1',0,'2020-03-23 15:42:19','2020-03-25 00:00:00','2020-03-27 00:00:00','시바견',7,'잘 부탁드립니다.',0),(2,'회원1',1,'2020-03-23 15:42:36','2020-03-25 00:00:00','2020-03-27 00:00:00','시바견',7,'잘 부탁드립니다.',0),(3,'회원1',2,'2020-03-23 15:42:39','2020-03-25 00:00:00','2020-03-27 00:00:00','시바견',7,'잘 부탁드립니다.',0),(4,'회원1',3,'2020-03-23 15:42:41','2020-03-25 00:00:00','2020-03-27 00:00:00','시바견',7,'잘 부탁드립니다.',0),(5,'회원1',4,'2020-03-23 15:42:44','2020-03-25 00:00:00','2020-03-27 00:00:00','시바견',7,'잘 부탁드립니다.',0),(6,'회원1',5,'2020-03-23 15:42:46','2020-03-25 00:00:00','2020-03-27 00:00:00','시바견',7,'잘 부탁드립니다.',0),(7,'회원1',6,'2020-03-23 15:42:47','2020-03-25 00:00:00','2020-03-27 00:00:00','시바견',7,'잘 부탁드립니다.',0),(8,'회원1',7,'2020-03-23 15:42:53','2020-03-25 00:00:00','2020-03-27 00:00:00','시바견',7,'잘 부탁드립니다.',0),(9,'회원1',7,'2020-03-23 15:43:01','2020-03-25 00:00:00','2020-03-27 00:00:00','시바견',7,'잘 부탁드립니다.',1),(10,'회원1',7,'2020-03-23 15:43:04','2020-03-25 00:00:00','2020-03-27 00:00:00','시바견',7,'잘 부탁드립니다.',2),(11,'회원1',7,'2020-03-23 15:43:06','2020-03-25 00:00:00','2020-03-27 00:00:00','시바견',7,'잘 부탁드립니다.',3),(12,'test01',0,'2020-03-24 10:10:15','2020-03-24 00:00:00','2020-03-30 00:00:00','진돗개',4,'물어요',0),(13,'test01',1,'2020-03-24 10:15:40','2020-03-30 00:00:00','2020-04-02 00:00:00','진돗개',5,'물지않아요',0),(14,'test01',2,'2020-04-02 18:48:52','2020-04-05 00:00:00','2020-04-06 00:00:00','시바',22,'조심해주세요',0),(15,'test01',3,'2020-04-03 12:18:33','2020-04-05 00:00:00','2020-04-06 00:00:00','웰시코기',100,'애기입니다',0),(16,'test01',0,'2020-04-03 12:59:24','2020-04-05 00:00:00','2020-04-06 00:00:00','d',1,'s',0),(17,'test01',0,'2020-04-03 12:59:31','2020-04-05 00:00:00','2020-04-06 00:00:00','웰시코기',2,'sdf',0),(18,'test01',0,'2020-04-03 12:59:45','2020-04-06 00:00:00','2020-04-07 00:00:00','시바',7,'dddd',0),(19,'test01',0,'2020-04-03 13:00:15','2020-04-06 00:00:00','2020-04-10 00:00:00','슈나우져',12,'ㄴ',0),(20,'test01',3,'2020-04-03 13:00:29','2020-04-05 00:00:00','2020-04-10 00:00:00','시츄',33,'ㅁ',0),(21,'test01',1,'2020-04-03 13:00:47','2020-04-06 00:00:00','2020-04-10 00:00:00','불독',12,'ㅇ',0),(22,'test01',2,'2020-04-09 11:35:05','2020-04-10 00:00:00','2020-04-14 00:00:00','핏불',6,'1년 5개월된 4.5kg 믹스견 암컷을 키우고 있습니다.\r\n3개월령 되는 시기에 입양해 줄곧 함께하는 친구입니다.\r\n어렸을때부터 하루한번 산책을 해왔지만 사회성이 조금 부족한것 같아요\r\n먼저.. 성격을 알려드리자면\r\n1. 겁이 많고 예민해요.\r\n2. 소형견 중 탑급 빠르기와 힘.. 어마어마한 점프력\r\n3. 집안에서 짖는 일 없구요\r\n4. 매일 실외배변하며 실내에서는 지정된 장소에서만 합니다.\r\n5. 이리와 앉아 엎드려 누워 말도 잘 알아듣구요..\r\n6. 애정행동도 많이 보여줍니다.\r\n',0),(23,'test01',0,'2020-04-09 11:57:58','2020-04-11 00:00:00','2020-04-12 00:00:00','믹스견',3,'1년 5개월된 4.5kg 믹스견 암컷을 키우고 있습니다.\r\n3개월령 되는 시기에 입양해 줄곧 함께하는 친구입니다.\r\n어렸을때부터 하루한번 산책을 해왔지만 사회성이 조금 부족한것 같아요\r\n먼저.. 성격을 알려드리자면\r\n1. 겁이 많고 예민해요.\r\n2. 소형견 중 탑급 빠르기와 힘.. 어마어마한 점프력\r\n3. 애정행동도 많이 보여줍니다.\r\n4. 매일 실외배변하며 실내에서는 지정된 장소에서만 합니다.\r\n5. 집안에서 짖는 일 음슴\r\n',0),(24,'test01',0,'2020-04-09 12:02:12','2020-04-10 00:00:00','2020-04-10 00:00:00','sdf',2,'집에온지 일주일에 한달된강아지입니다\r\n적응을햇는지 집안구석구석 돌이댕깁니다\r\n문제가있는데 옷이나 이불을 물을려고합니다 장난감 같이\r\n그리고 제방에 매트릭스침대가 편한지 자기집놔두고 계속와서\r\n이불을물고 거기위에서 잡니다 밤이나 낮이나 잠 안자고 문닫고 잘려고하면 열어달라고 계속 낑낑됍니다\r\n잠을 제대로못자겠구요',0),(25,'test01',0,'2020-04-09 12:06:55','2020-04-10 00:00:00','2020-04-14 00:00:00','웰시코기',17,'문제가있는데 옷이나 이불을 물을려고합니다 장난감 같이\r\n그리고 제방에 매트릭스침대가 편한지 자기집놔두고 계속와서\r\n이불을물고 거기위에서 잡니다 밤이나 낮이나 잠 안자고 문닫고 잘려고하면 열어달라고 계속 낑낑됍니다\r\n',1),(26,'dmswjd12',3,'2020-04-09 14:28:30','2020-04-10 00:00:00','2020-04-10 00:00:00','웰시코기',1,'1년 이내 5가지 접종(종합, 코로나, 켄넬코프, 신종 인플루엔자, 광견병) 받지\r\n않은 반려견은 입실이 제한됩니다.\r\n* 접종기록은 접종병원명이 꼭 필요하므로 증빙 자료는 미리 준비해주세요.',0),(27,'dmswjd12',2,'2020-04-09 17:39:53','2020-04-10 00:00:00','2020-04-16 00:00:00','시바',1,'rrr',1),(28,'dmswjd12',2,'2020-04-09 17:43:29','2020-04-10 00:00:00','2020-04-14 00:00:00','슈나우져',2,'예약되나요',3),(29,'dmswjd12',2,'2020-04-09 17:46:21','2020-04-10 00:00:00','2020-04-16 00:00:00','시바',2,'alert 뜨나요',2),(30,'dmswjd12',2,'2020-04-10 09:49:31','2020-04-10 00:00:00','2020-04-12 00:00:00','코카스파니엘',12,'1살 미만의 반려동물인 경우 항체 검사가 필수 입니다.\r\n(단, 1살 이상 시 재접종 기록 확인)',3),(31,'1111',0,'2020-04-16 10:21:36','2020-04-21 00:00:00','2020-04-23 00:00:00','시바',2,'예약해주세요',0);
/*!40000 ALTER TABLE `reserve` ENABLE KEYS */;
UNLOCK TABLES;

--
-- Table structure for table `reserve_state`
--

DROP TABLE IF EXISTS `reserve_state`;
/*!40101 SET @saved_cs_client     = @@character_set_client */;
/*!50503 SET character_set_client = utf8mb4 */;
CREATE TABLE `reserve_state` (
  `reserve_state_id` int(11) NOT NULL COMMENT '예약상태ID',
  `reserve_state_name` varchar(20) NOT NULL COMMENT '예약상태명',
  PRIMARY KEY (`reserve_state_id`)
) ENGINE=InnoDB DEFAULT CHARSET=utf8;
/*!40101 SET character_set_client = @saved_cs_client */;

--
-- Dumping data for table `reserve_state`
--

LOCK TABLES `reserve_state` WRITE;
/*!40000 ALTER TABLE `reserve_state` DISABLE KEYS */;
INSERT INTO `reserve_state` VALUES (0,'신청완료'),(1,'예약완료'),(2,'이용중'),(3,'이용완료');
/*!40000 ALTER TABLE `reserve_state` ENABLE KEYS */;
UNLOCK TABLES;

--
-- Table structure for table `service`
--

DROP TABLE IF EXISTS `service`;
/*!40101 SET @saved_cs_client     = @@character_set_client */;
/*!50503 SET character_set_client = utf8mb4 */;
CREATE TABLE `service` (
  `service_id` int(11) NOT NULL COMMENT '서비스ID',
  `service_name` varchar(20) NOT NULL COMMENT '서비스명',
  PRIMARY KEY (`service_id`)
) ENGINE=InnoDB DEFAULT CHARSET=utf8;
/*!40101 SET character_set_client = @saved_cs_client */;

--
-- Dumping data for table `service`
--

LOCK TABLES `service` WRITE;
/*!40000 ALTER TABLE `service` DISABLE KEYS */;
INSERT INTO `service` VALUES (0,'호텔&데이케어'),(1,'유치원'),(2,'독파크'),(3,'아카데미'),(4,'그루밍&스파'),(5,'스튜디오'),(6,'메디컬센터'),(7,'스페셜케어');
/*!40000 ALTER TABLE `service` ENABLE KEYS */;
UNLOCK TABLES;
/*!40103 SET TIME_ZONE=@OLD_TIME_ZONE */;

/*!40101 SET SQL_MODE=@OLD_SQL_MODE */;
/*!40014 SET FOREIGN_KEY_CHECKS=@OLD_FOREIGN_KEY_CHECKS */;
/*!40014 SET UNIQUE_CHECKS=@OLD_UNIQUE_CHECKS */;
/*!40101 SET CHARACTER_SET_CLIENT=@OLD_CHARACTER_SET_CLIENT */;
/*!40101 SET CHARACTER_SET_RESULTS=@OLD_CHARACTER_SET_RESULTS */;
/*!40101 SET COLLATION_CONNECTION=@OLD_COLLATION_CONNECTION */;
/*!40111 SET SQL_NOTES=@OLD_SQL_NOTES */;

-- Dump completed on 2020-04-17 19:46:38
